0,1,2,3,4,5,6,7,8,9,10,11,12,13,14,target
-0.06768471056370727,-0.4246164920616854,0.5264124438001168,-1.071220891501597,-0.7262753523111368,1.0,0.0,1.0,1.0,0.0,1.0,1.0,1.0,1.0,1.0,1
-0.7676436685883887,-0.5153988953463954,-0.8047173254388044,-0.4889801842575688,0.4111997121711575,0.0,1.0,1.0,1.0,0.0,1.0,1.0,1.0,1.0,1.0,0
-0.5343240159134949,0.3470339358583489,0.9099583095130261,-0.5721574281495728,-0.33253398383649646,0.0,1.0,1.0,1.0,0.0,1.0,1.0,1.0,1.0,1.0,0
1.5655528581605493,2.571202816333742,-0.01506407250046135,-1.320752623177609,-0.33253398383649646,1.0,0.0,1.0,1.0,0.0,1.0,1.0,1.0,1.0,1.0,0
1.0989135528107616,-0.03879127810166825,0.007497449012062735,1.1745646935825116,0.5424468349960376,0.0,1.0,1.0,1.0,0.0,1.0,1.0,1.0,1.0,1.0,1
0.9822537264733149,2.525811614691387,2.444141772364664,1.5904509130425317,-0.15753782006998962,1.0,0.0,1.0,1.0,0.0,1.0,1.0,1.0,1.0,1.0,0
-1.3509428002756232,-0.6742681010946378,-0.714471239388708,2.006337132502552,-0.15753782006998962,1.0,0.0,1.0,1.0,0.0,1.0,1.0,1.0,1.0,1.0,0
-0.8843034949258356,-0.10687808056520069,-0.19555624460065404,0.7586784741224916,-0.24503590195324304,0.0,1.0,1.0,1.0,0.0,1.0,1.0,1.0,1.0,1.0,0
-1.0009633212632825,-0.10687808056520069,-1.4364399277894788,-0.904866403717589,-0.9012715160776436,0.0,1.0,1.0,1.0,0.0,1.0,1.0,1.0,1.0,1.0,0
2.032192163510337,-0.3338340887769755,0.45872787926254444,-0.904866403717589,-0.55127918854463,0.0,1.0,1.0,1.0,0.0,1.0,1.0,1.0,1.0,1.0,0
-1.1176231476007294,-0.40192089124050795,-0.15043320157560586,1.5904509130425317,-0.7262753523111368,1.0,0.0,1.0,1.0,0.0,1.0,1.0,1.0,1.0,1.0,0
-1.2342829739381762,-0.37922529041933045,-1.1431401481266656,-0.07309396479754869,0.8924391625290512,1.0,0.0,1.0,1.0,0.0,1.0,1.0,1.0,1.0,1.0,0
0.28229476844863344,0.16546912928892907,-0.3986099382133708,-1.9861705743136413,-0.37628302477812314,0.0,1.0,1.0,1.0,0.0,1.0,1.0,1.0,1.0,1.0,1
1.798872510835443,0.21086033093128403,0.7971507019504057,1.1745646935825116,0.6736939578209178,0.0,1.0,1.0,1.0,0.0,1.0,1.0,1.0,1.0,1.0,0
-1.3509428002756232,-1.3778317265511395,-1.1882631911517139,0.8418557180144955,-0.15753782006998962,0.0,1.0,1.0,1.0,0.0,1.0,1.0,1.0,1.0,1.0,0
-0.3010043632386011,0.7101635489971886,1.1130120031257429,0.34279225466247143,0.49869779405441095,0.0,1.0,1.0,1.0,0.0,1.0,1.0,1.0,1.0,1.0,1
1.2155733791482086,-1.0827889158758324,-0.03762559401298544,-0.904866403717589,0.8924391625290512,0.0,1.0,1.0,1.0,0.0,1.0,1.0,1.0,1.0,1.0,0
0.9822537264733149,1.2775535695266256,0.16542809959973134,0.8418557180144955,-0.55127918854463,1.0,0.0,1.0,1.0,0.0,1.0,1.0,1.0,1.0,1.0,0
1.6822126844979963,1.391031573632513,1.0453274385881708,-0.32262569647356076,-0.5950282294862567,1.0,0.0,1.0,1.0,0.0,1.0,1.0,1.0,1.0,1.0,0
-0.41766418957604795,-0.7423549035581701,-0.2632408091382263,-1.320752623177609,-0.5075301476030033,1.0,0.0,1.0,1.0,0.0,1.0,1.0,1.0,1.0,1.0,0
0.5156144211235272,0.30164273421599397,0.8197122234629298,2.838109571422592,-0.37628302477812314,1.0,0.0,1.0,1.0,0.0,1.0,1.0,1.0,1.0,1.0,1
-1.700922279287964,-0.4473120928828629,-0.060187115525509524,-0.07309396479754869,0.1487054665213973,0.0,1.0,1.0,1.0,0.0,1.0,1.0,1.0,1.0,1.0,0
-0.5343240159134949,0.30164273421599397,-0.3760484167008467,-0.4889801842575688,0.8049410806457978,0.0,1.0,1.0,1.0,0.0,1.0,1.0,1.0,1.0,1.0,0
-0.41766418957604795,0.006599923540686714,0.8197122234629298,3.6698820103426324,0.2799525893462774,0.0,1.0,1.0,1.0,0.0,1.0,1.0,1.0,1.0,1.0,0
-0.7676436685883887,-1.2416581216240747,0.5715354868251649,0.5091467424464795,-0.5075301476030033,0.0,1.0,1.0,1.0,0.0,1.0,1.0,1.0,1.0,1.0,0
-1.3509428002756232,0.18816473011010657,0.9325198310255502,1.2577419374745158,-0.2887849428948697,0.0,1.0,1.0,1.0,0.0,1.0,1.0,1.0,1.0,1.0,0
-0.6509838422509417,0.12007792764657411,-0.3760484167008467,-0.4889801842575688,0.2799525893462774,0.0,1.0,1.0,1.0,0.0,1.0,1.0,1.0,1.0,1.0,0
-0.8843034949258356,-0.5607900969887503,-1.210824712664238,2.006337132502552,-0.4200320657197499,1.0,0.0,1.0,1.0,0.0,1.0,1.0,1.0,1.0,1.0,0
-0.3010043632386011,-1.3551361257299621,2.42158025085214,-0.904866403717589,-0.07003973818673623,0.0,1.0,1.0,1.0,0.0,1.0,1.0,1.0,1.0,1.0,0
0.16563494211118654,0.8917283555666085,2.3313341648020436,-0.4889801842575688,-0.15753782006998962,1.0,0.0,1.0,1.0,0.0,1.0,1.0,1.0,1.0,1.0,0
-0.5343240159134949,-0.22035608467108808,-0.4662945027509431,-0.4889801842575688,-0.6387772704278833,0.0,1.0,1.0,1.0,0.0,1.0,1.0,1.0,1.0,1.0,0
-1.1176231476007294,-0.7423549035581701,-0.8272788469513285,-0.07309396479754869,-0.15753782006998962,1.0,0.0,1.0,1.0,0.0,1.0,1.0,1.0,1.0,1.0,0
2.2655118161852306,1.527205178559578,-0.7595942824137561,0.09326052298645936,-0.07003973818673623,1.0,0.0,1.0,1.0,0.0,1.0,1.0,1.0,1.0,1.0,0
-0.18434453690115418,0.5285987424277687,-0.6242251533386117,0.6755012302304875,-0.9450205570192703,0.0,1.0,1.0,1.0,0.0,1.0,1.0,1.0,1.0,1.0,0
0.16563494211118654,-0.016095677280490765,1.5191193903511766,0.7586784741224916,1.067435326295558,1.0,0.0,1.0,1.0,0.0,1.0,1.0,1.0,1.0,1.0,0
0.16563494211118654,-0.03879127810166825,-1.0528940620765692,1.3409191813665198,0.8049410806457978,1.0,0.0,1.0,1.0,0.0,1.0,1.0,1.0,1.0,1.0,0
1.5655528581605493,-0.7423549035581701,-1.3687553632519065,-0.904866403717589,-0.2887849428948697,0.0,1.0,1.0,1.0,0.0,1.0,1.0,1.0,1.0,1.0,0
-1.2342829739381762,-1.6501789364052692,-1.1882631911517139,2.006337132502552,-0.15753782006998962,1.0,0.0,1.0,1.0,0.0,1.0,1.0,1.0,1.0,1.0,0
1.3322332054856556,-0.92391971012759,-0.6016636318260876,0.34279225466247143,-0.20128686101161633,1.0,0.0,1.0,1.0,0.0,1.0,1.0,1.0,1.0,1.0,0
0.8655939001358679,1.2775535695266256,1.4965578688386525,0.42596949855447547,0.8049410806457978,0.0,1.0,1.0,1.0,0.0,1.0,1.0,1.0,1.0,1.0,0
-0.41766418957604795,0.16546912928892907,0.3910433147249722,1.0082102057985036,-0.07003973818673623,1.0,0.0,1.0,1.0,0.0,1.0,1.0,1.0,1.0,1.0,0
1.6822126844979963,-0.10687808056520069,1.8801037345515619,-0.4889801842575688,-0.33253398383649646,1.0,0.0,1.0,1.0,0.0,1.0,1.0,1.0,1.0,1.0,0
-0.06768471056370727,-0.83313730684288,-0.3760484167008467,-0.5721574281495728,-0.9450205570192703,0.0,1.0,1.0,1.0,0.0,1.0,1.0,1.0,1.0,1.0,0
0.748934073798421,-0.83313730684288,0.6617815728752613,-0.904866403717589,0.06120738463814389,1.0,0.0,1.0,1.0,0.0,1.0,1.0,1.0,1.0,1.0,0
0.16563494211118654,0.07468672600421916,1.4288733043010802,1.1745646935825116,-0.02629069724510952,0.0,1.0,1.0,1.0,0.0,1.0,1.0,1.0,1.0,1.0,0
-1.1176231476007294,-0.92391971012759,-0.33092537367579855,0.09326052298645936,0.1487054665213973,0.0,1.0,1.0,1.0,0.0,1.0,1.0,1.0,1.0,1.0,0
0.9822537264733149,1.436422775274868,0.09774353506215908,-0.904866403717589,-1.2075148026690306,0.0,1.0,1.0,1.0,0.0,1.0,1.0,1.0,1.0,1.0,0
-1.1176231476007294,0.6193811457124787,0.6843430943877853,0.9250329619064996,0.3237016302879041,0.0,1.0,1.0,1.0,0.0,1.0,1.0,1.0,1.0,1.0,0
-0.3010043632386011,-0.2884428871346205,-0.9400864545139489,-1.320752623177609,-0.15753782006998962,1.0,0.0,1.0,1.0,0.0,1.0,1.0,1.0,1.0,1.0,1
-1.1176231476007294,-0.4473120928828629,-2.0907240516526775,-0.32262569647356076,1.811169022303212,1.0,0.0,1.0,1.0,0.0,1.0,1.0,1.0,1.0,1.0,1
-0.6509838422509417,-0.7423549035581701,-1.526686013839575,-1.9029933304216373,0.2362035484046507,0.0,1.0,1.0,1.0,0.0,1.0,1.0,1.0,1.0,1.0,0
0.3989545947860803,1.822247989234885,1.9929113421141824,-0.07309396479754869,-0.33253398383649646,0.0,1.0,1.0,1.0,0.0,1.0,1.0,1.0,1.0,1.0,0
-1.4676026266130702,0.3924251375007039,-0.9400864545139489,0.5923239863384835,1.5486747766534519,0.0,1.0,1.0,1.0,0.0,1.0,1.0,1.0,1.0,1.0,0
-0.06768471056370727,-0.4246164920616854,-0.8949634114889007,0.010083279094455335,-0.9450205570192703,0.0,1.0,1.0,1.0,0.0,1.0,1.0,1.0,1.0,1.0,0
-0.18434453690115418,-0.6742681010946378,0.7069046159003094,-0.32262569647356076,-0.6387772704278833,1.0,0.0,1.0,1.0,0.0,1.0,1.0,1.0,1.0,1.0,0
0.3989545947860803,1.2548579687054482,0.3910433147249722,-1.320752623177609,-0.07003973818673623,0.0,1.0,1.0,1.0,0.0,1.0,1.0,1.0,1.0,1.0,0
1.5655528581605493,0.07468672600421916,0.05262049203711091,1.0082102057985036,1.9424161451280921,1.0,0.0,1.0,0.0,1.0,1.0,1.0,1.0,1.0,1.0,0
-0.41766418957604795,-0.7877461052005251,0.6392200513627372,-2.1525250620976495,-0.9012715160776436,1.0,0.0,1.0,1.0,0.0,1.0,1.0,1.0,1.0,1.0,0
-0.06768471056370727,0.12007792764657411,0.9325198310255502,0.5091467424464795,-0.2887849428948697,0.0,1.0,1.0,1.0,0.0,1.0,1.0,1.0,1.0,1.0,1
0.8655939001358679,-0.4246164920616854,-0.03762559401298544,-1.320752623177609,-0.33253398383649646,0.0,1.0,1.0,1.0,0.0,1.0,1.0,1.0,1.0,1.0,0
-1.0009633212632825,-1.1054845166970098,-0.8047173254388044,0.010083279094455335,-0.2887849428948697,1.0,0.0,1.0,1.0,0.0,1.0,1.0,1.0,1.0,1.0,0
0.5156144211235272,1.2548579687054482,1.4739963473261284,-0.07309396479754869,-0.2887849428948697,1.0,0.0,1.0,1.0,0.0,1.0,1.0,1.0,1.0,1.0,0
-1.584262452950517,-0.6515725002734603,1.5191193903511766,-0.4058029403655648,-0.07003973818673623,0.0,1.0,1.0,1.0,0.0,1.0,1.0,1.0,1.0,1.0,1
0.9822537264733149,0.07468672600421916,1.0002043955631226,-1.4871071109616172,-0.33253398383649646,1.0,0.0,1.0,1.0,0.0,1.0,1.0,1.0,1.0,1.0,0
-0.18434453690115418,-0.016095677280490765,-0.2632408091382263,-1.320752623177609,-0.33253398383649646,1.0,0.0,1.0,1.0,0.0,1.0,1.0,1.0,1.0,1.0,0
0.5156144211235272,2.185377602373725,-0.15043320157560586,-0.32262569647356076,-0.7700243932527635,1.0,0.0,1.0,1.0,0.0,1.0,1.0,1.0,1.0,1.0,0
1.3322332054856556,2.04920399744666,0.7520276589253576,-1.154398135393601,1.811169022303212,0.0,1.0,1.0,0.0,1.0,1.0,1.0,1.0,1.0,1.0,1
0.28229476844863344,1.2094667670630932,-0.2632408091382263,-0.4058029403655648,1.4174276538285717,1.0,0.0,1.0,1.0,0.0,1.0,1.0,1.0,1.0,1.0,0
0.5156144211235272,-0.8558329076640575,0.864835266487978,-0.8216891598255849,-0.15753782006998962,1.0,0.0,1.0,1.0,0.0,1.0,1.0,1.0,1.0,1.0,0
0.6322742474609742,0.07468672600421916,0.8197122234629298,-0.07309396479754869,-0.6387772704278833,1.0,0.0,1.0,1.0,0.0,1.0,1.0,1.0,1.0,1.0,0
0.6322742474609742,-0.1976604838499106,-0.0827486370380336,0.34279225466247143,0.5861958759376643,1.0,0.0,1.0,1.0,0.0,1.0,1.0,1.0,1.0,1.0,1
0.748934073798421,-0.878528508485235,-0.2632408091382263,0.8418557180144955,0.9799372444123047,1.0,0.0,1.0,1.0,0.0,1.0,1.0,1.0,1.0,1.0,0
-0.41766418957604795,-0.6742681010946378,-0.443732981238419,-1.7366388426376291,0.06120738463814389,0.0,1.0,1.0,1.0,0.0,1.0,1.0,1.0,1.0,1.0,0
-0.7676436685883887,-1.2870493232664297,-0.8498403684638526,-0.32262569647356076,-0.7700243932527635,1.0,0.0,1.0,1.0,0.0,1.0,1.0,1.0,1.0,1.0,0
1.4488930318231024,0.5285987424277687,-0.6467866748511357,-0.07309396479754869,-0.68252631136951,0.0,1.0,1.0,1.0,0.0,1.0,1.0,1.0,1.0,1.0,1
-1.4676026266130702,-0.6288768994522828,1.4288733043010802,-0.6553346720415768,0.017458343696517182,0.0,1.0,1.0,1.0,0.0,1.0,1.0,1.0,1.0,1.0,0
-1.1176231476007294,-0.4700076937040404,-0.7370327609012322,0.9250329619064996,0.017458343696517182,1.0,0.0,1.0,1.0,0.0,1.0,1.0,1.0,1.0,1.0,0
0.16563494211118654,1.6406831826654653,-0.15043320157560586,-1.5702843548536212,-0.20128686101161633,1.0,0.0,1.0,1.0,0.0,1.0,1.0,1.0,1.0,1.0,0
0.16563494211118654,-0.37922529041933045,0.18798962111225542,0.7586784741224916,-0.15753782006998962,0.0,1.0,1.0,1.0,0.0,1.0,1.0,1.0,1.0,1.0,0
-0.3010043632386011,1.0732931621360282,0.9325198310255502,0.34279225466247143,-0.5075301476030033,1.0,0.0,1.0,1.0,0.0,1.0,1.0,1.0,1.0,1.0,0
0.8655939001358679,1.345640371990158,-0.9400864545139489,0.7586784741224916,-0.37628302477812314,0.0,1.0,1.0,1.0,0.0,1.0,1.0,1.0,1.0,1.0,0
-0.8843034949258356,-0.10687808056520069,-0.1053101585505577,-0.32262569647356076,-0.5075301476030033,0.0,1.0,1.0,1.0,0.0,1.0,1.0,1.0,1.0,1.0,0
-0.6509838422509417,-0.061486878922845725,-1.729739707452292,-0.07309396479754869,-0.5075301476030033,1.0,0.0,1.0,1.0,0.0,1.0,1.0,1.0,1.0,1.0,0
1.6822126844979963,-0.15226928220755565,-0.443732981238419,-0.6553346720415768,-0.02629069724510952,0.0,1.0,1.0,1.0,0.0,1.0,1.0,1.0,1.0,1.0,0
-1.3509428002756232,-1.1054845166970098,-1.9553549225775329,-0.32262569647356076,0.2799525893462774,1.0,0.0,1.0,1.0,0.0,1.0,1.0,1.0,1.0,1.0,0
0.3989545947860803,-0.9012241093064125,0.05262049203711091,0.09326052298645936,-0.33253398383649646,1.0,0.0,1.0,1.0,0.0,1.0,1.0,1.0,1.0,1.0,0
0.16563494211118654,-0.3338340887769755,-0.3760484167008467,-1.320752623177609,-0.37628302477812314,0.0,1.0,1.0,1.0,0.0,1.0,1.0,1.0,1.0,1.0,1
1.91553233717289,0.3470339358583489,0.030058970524586823,-0.5721574281495728,0.06120738463814389,1.0,0.0,1.0,1.0,0.0,1.0,1.0,1.0,1.0,1.0,0
0.6322742474609742,1.527205178559578,-1.6169320998896715,-0.904866403717589,0.3674506712295308,0.0,1.0,1.0,1.0,0.0,1.0,1.0,1.0,1.0,1.0,1
-1.3509428002756232,0.6193811457124787,-0.9400864545139489,-0.07309396479754869,-0.07003973818673623,0.0,1.0,1.0,1.0,0.0,1.0,1.0,1.0,1.0,1.0,0
0.8655939001358679,-0.24305168549226558,0.05262049203711091,-0.07309396479754869,0.2362035484046507,1.0,0.0,1.0,1.0,0.0,1.0,1.0,1.0,1.0,1.0,0
-0.6509838422509417,-0.10687808056520069,-0.15043320157560586,1.0082102057985036,-0.20128686101161633,1.0,0.0,1.0,1.0,0.0,1.0,1.0,1.0,1.0,1.0,0
1.5655528581605493,0.6193811457124787,-0.33092537367579855,-0.904866403717589,-0.33253398383649646,1.0,0.0,1.0,1.0,0.0,1.0,1.0,1.0,1.0,1.0,1
0.748934073798421,-0.37922529041933045,-1.3461938417393824,-1.320752623177609,0.2799525893462774,0.0,1.0,1.0,1.0,0.0,1.0,1.0,1.0,1.0,1.0,0
1.6822126844979963,0.5285987424277687,-1.4364399277894788,-1.320752623177609,-0.20128686101161633,1.0,0.0,1.0,1.0,0.0,1.0,1.0,1.0,1.0,1.0,1
1.5655528581605493,-0.03879127810166825,-0.03762559401298544,0.34279225466247143,-0.5950282294862567,1.0,0.0,1.0,1.0,0.0,1.0,1.0,1.0,1.0,1.0,0
-1.2342829739381762,-1.0600933150546548,-1.5718090568646232,-0.6553346720415768,-0.46378110666137656,0.0,1.0,1.0,1.0,0.0,1.0,1.0,1.0,1.0,1.0,0
0.04897511577373963,-0.016095677280490765,0.09774353506215908,-1.7366388426376291,0.10495642557977058,1.0,0.0,1.0,1.0,0.0,1.0,1.0,1.0,1.0,1.0,0
0.748934073798421,1.572596380201933,-0.6467866748511357,-1.320752623177609,-0.2887849428948697,0.0,1.0,1.0,1.0,0.0,1.0,1.0,1.0,1.0,1.0,1
-1.584262452950517,-0.8104417060217026,1.3160656967384599,0.7586784741224916,-0.15753782006998962,1.0,0.0,1.0,1.0,0.0,1.0,1.0,1.0,1.0,1.0,0
-1.1176231476007294,-0.15226928220755565,-0.9852094975389971,0.010083279094455335,-0.07003973818673623,0.0,1.0,1.0,1.0,0.0,1.0,1.0,1.0,1.0,1.0,0
-1.584262452950517,-0.4246164920616854,0.6166585298502131,-0.07309396479754869,-0.5075301476030033,1.0,0.0,1.0,1.0,0.0,1.0,1.0,1.0,1.0,1.0,0
0.6322742474609742,-1.0600933150546548,0.2782357071623518,1.5072736691505277,0.1487054665213973,1.0,0.0,1.0,1.0,0.0,1.0,1.0,1.0,1.0,1.0,0
1.2155733791482086,-0.03879127810166825,1.0904504816132188,-1.320752623177609,0.936188203470678,0.0,1.0,1.0,1.0,0.0,1.0,1.0,1.0,1.0,1.0,0
-1.8175821056254107,-1.4232229281934945,-0.6919097178761839,-0.07309396479754869,-0.68252631136951,1.0,0.0,1.0,1.0,0.0,1.0,1.0,1.0,1.0,1.0,0
-1.584262452950517,-0.6515725002734603,-1.2785092772018103,-0.07309396479754869,0.10495642557977058,1.0,0.0,1.0,1.0,0.0,1.0,1.0,1.0,1.0,1.0,0
-0.5343240159134949,-0.7423549035581701,-1.8425473150149123,-0.32262569647356076,0.017458343696517182,1.0,0.0,1.0,1.0,0.0,1.0,1.0,1.0,1.0,1.0,0
0.6322742474609742,0.7101635489971886,0.8422737449754539,-1.154398135393601,-0.7262753523111368,0.0,1.0,1.0,1.0,0.0,1.0,1.0,1.0,1.0,1.0,0
-0.3010043632386011,-0.4473120928828629,0.09774353506215908,1.1745646935825116,-0.15753782006998962,1.0,0.0,1.0,1.0,0.0,1.0,1.0,1.0,1.0,1.0,0
-0.06768471056370727,0.8009459522818986,0.6392200513627372,1.6736281569345357,1.1111843672371848,1.0,0.0,1.0,1.0,0.0,1.0,1.0,1.0,1.0,1.0,0
-0.6509838422509417,-0.1976604838499106,-0.2632408091382263,0.5091467424464795,0.1487054665213973,0.0,1.0,1.0,1.0,0.0,1.0,1.0,1.0,1.0,1.0,0
-0.06768471056370727,-1.0147021134123,0.075182013549635,-0.23944845258155673,0.10495642557977058,1.0,0.0,1.0,1.0,0.0,1.0,1.0,1.0,1.0,1.0,0
-1.3509428002756232,-0.2884428871346205,0.32335875018739996,-1.320752623177609,-0.68252631136951,1.0,0.0,1.0,1.0,0.0,1.0,1.0,1.0,1.0,1.0,0
-1.0009633212632825,-0.3338340887769755,0.007497449012062735,-0.23944845258155673,-0.9012715160776436,1.0,0.0,1.0,1.0,0.0,1.0,1.0,1.0,1.0,1.0,0
-1.0009633212632825,-1.6047877347629145,0.14286657808720726,0.010083279094455335,-0.7700243932527635,1.0,0.0,1.0,1.0,0.0,1.0,1.0,1.0,1.0,1.0,0
1.3322332054856556,0.43781633914305884,-0.3760484167008467,0.34279225466247143,-0.11378877912836292,1.0,0.0,1.0,1.0,0.0,1.0,1.0,1.0,1.0,1.0,0
0.748934073798421,3.0705060343996466,-0.443732981238419,-0.6553346720415768,-0.4200320657197499,0.0,1.0,1.0,1.0,0.0,1.0,1.0,1.0,1.0,1.0,1
-0.3010043632386011,0.5059031416065913,0.2556741856498277,0.010083279094455335,-0.68252631136951,1.0,0.0,1.0,1.0,0.0,1.0,1.0,1.0,1.0,1.0,0
-1.2342829739381762,-1.2870493232664297,-0.6242251533386117,1.1745646935825116,0.936188203470678,1.0,0.0,1.0,0.0,1.0,1.0,1.0,1.0,1.0,1.0,0
0.5156144211235272,0.006599923540686714,0.4136048362374963,0.5091467424464795,-0.15753782006998962,1.0,0.0,1.0,1.0,0.0,1.0,1.0,1.0,1.0,1.0,0
-0.5343240159134949,2.571202816333742,-0.060187115525509524,1.6736281569345357,0.3674506712295308,1.0,0.0,1.0,1.0,0.0,1.0,1.0,1.0,1.0,1.0,0
-1.3509428002756232,2.13998640073137,0.6843430943877853,0.010083279094455335,-0.6387772704278833,1.0,0.0,1.0,1.0,0.0,1.0,1.0,1.0,1.0,1.0,0
1.3322332054856556,2.253464404837257,-0.6016636318260876,-0.4889801842575688,0.06120738463814389,1.0,0.0,1.0,1.0,0.0,1.0,1.0,1.0,1.0,1.0,0
0.5156144211235272,-1.0147021134123,-0.3986099382133708,1.5904509130425317,0.192454507463024,0.0,1.0,1.0,1.0,0.0,1.0,1.0,1.0,1.0,1.0,0
1.2155733791482086,3.0251148327572914,2.2185265572394233,0.34279225466247143,0.3674506712295308,1.0,0.0,1.0,1.0,0.0,1.0,1.0,1.0,1.0,1.0,0
-0.41766418957604795,0.6193811457124787,1.4288733043010802,-1.320752623177609,-0.11378877912836292,0.0,1.0,1.0,1.0,0.0,1.0,1.0,1.0,1.0,1.0,0
0.5156144211235272,0.6193811457124787,-0.6693481963636598,-0.904866403717589,0.4111997121711575,0.0,1.0,1.0,1.0,0.0,1.0,1.0,1.0,1.0,1.0,1
1.91553233717289,1.3002491703478032,1.5191193903511766,0.34279225466247143,-1.0762676798441504,1.0,0.0,1.0,1.0,0.0,1.0,1.0,1.0,1.0,1.0,1
1.2155733791482086,-0.10687808056520069,2.6471954659773806,-0.904866403717589,-0.11378877912836292,1.0,0.0,1.0,1.0,0.0,1.0,1.0,1.0,1.0,1.0,0
1.3322332054856556,-0.061486878922845725,-0.443732981238419,-1.154398135393601,-0.02629069724510952,0.0,1.0,1.0,1.0,0.0,1.0,1.0,1.0,1.0,1.0,1
-1.2342829739381762,0.16546912928892907,1.135573524638267,3.0044640592066,0.06120738463814389,0.0,1.0,1.0,1.0,0.0,1.0,1.0,1.0,1.0,1.0,0
-0.5343240159134949,1.1186843637783832,2.489264815389712,1.0082102057985036,-0.07003973818673623,0.0,1.0,1.0,1.0,0.0,1.0,1.0,1.0,1.0,1.0,0
-0.18434453690115418,0.3470339358583489,0.8197122234629298,-0.7385119159335809,-0.15753782006998962,0.0,1.0,1.0,1.0,0.0,1.0,1.0,1.0,1.0,1.0,0
-1.2342829739381762,-0.878528508485235,0.12030505657468317,0.7586784741224916,0.9799372444123047,1.0,0.0,1.0,1.0,0.0,1.0,1.0,1.0,1.0,1.0,0
-0.8843034949258356,-0.4246164920616854,-1.1657016696391898,0.5923239863384835,0.4549487531127842,1.0,0.0,1.0,1.0,0.0,1.0,1.0,1.0,1.0,1.0,0
-0.06768471056370727,0.3924251375007039,0.2105511426247795,-0.07309396479754869,-0.24503590195324304,0.0,1.0,1.0,1.0,0.0,1.0,1.0,1.0,1.0,1.0,0
-1.0009633212632825,0.07468672600421916,-0.8949634114889007,-0.07309396479754869,-0.2887849428948697,0.0,1.0,1.0,1.0,0.0,1.0,1.0,1.0,1.0,1.0,0
0.5156144211235272,0.6193811457124787,0.48128940077506854,-1.320752623177609,-0.5950282294862567,0.0,1.0,1.0,1.0,0.0,1.0,1.0,1.0,1.0,1.0,0
-0.5343240159134949,0.5739899440701237,-0.4211714597258949,0.010083279094455335,-0.5075301476030033,0.0,1.0,1.0,1.0,0.0,1.0,1.0,1.0,1.0,1.0,1
-0.5343240159134949,-0.5153988953463954,-0.33092537367579855,0.17643776687846338,-0.15753782006998962,1.0,0.0,1.0,1.0,0.0,1.0,1.0,1.0,1.0,1.0,0
-1.2342829739381762,-1.6047877347629145,0.7294661374128335,0.5091467424464795,-0.6387772704278833,1.0,0.0,1.0,1.0,0.0,1.0,1.0,1.0,1.0,1.0,0
-1.1176231476007294,0.029295524361864195,-1.1657016696391898,-1.071220891501597,-1.0325186389025236,0.0,1.0,1.0,1.0,0.0,1.0,1.0,1.0,1.0,1.0,0
-1.1176231476007294,-0.03879127810166825,-0.060187115525509524,2.006337132502552,-0.15753782006998962,1.0,0.0,1.0,1.0,0.0,1.0,1.0,1.0,1.0,1.0,0
0.16563494211118654,-0.3338340887769755,0.030058970524586823,-1.320752623177609,-0.68252631136951,0.0,1.0,1.0,1.0,0.0,1.0,1.0,1.0,1.0,1.0,0
1.3322332054856556,0.18816473011010657,0.7520276589253576,-1.071220891501597,0.2362035484046507,1.0,0.0,1.0,1.0,0.0,1.0,1.0,1.0,1.0,1.0,0
-0.5343240159134949,-1.5593965331205595,0.5264124438001168,-0.23944845258155673,-0.24503590195324304,1.0,0.0,1.0,1.0,0.0,1.0,1.0,1.0,1.0,1.0,0
-1.4676026266130702,-0.8104417060217026,0.7971507019504057,-1.071220891501597,-1.0762676798441504,0.0,1.0,1.0,1.0,0.0,1.0,1.0,1.0,1.0,1.0,0
-0.6509838422509417,0.5739899440701237,-0.5791021103135635,-1.320752623177609,-0.11378877912836292,0.0,1.0,1.0,1.0,0.0,1.0,1.0,1.0,1.0,1.0,0
0.28229476844863344,-1.0147021134123,-0.6919097178761839,-0.904866403717589,-0.8575224751360169,0.0,1.0,1.0,1.0,0.0,1.0,1.0,1.0,1.0,1.0,0
-1.1176231476007294,1.8449435900560627,-1.3913168847644306,-0.4889801842575688,-0.2887849428948697,0.0,1.0,1.0,1.0,0.0,1.0,1.0,1.0,1.0,1.0,1
0.3989545947860803,0.7101635489971886,2.91793372412767,0.7586784741224916,-0.15753782006998962,1.0,0.0,1.0,1.0,0.0,1.0,1.0,1.0,1.0,1.0,0
-0.6509838422509417,-0.016095677280490765,-0.5565405888010394,-0.07309396479754869,-0.37628302477812314,1.0,0.0,1.0,1.0,0.0,1.0,1.0,1.0,1.0,1.0,0
1.0989135528107616,0.256251532573639,0.2782357071623518,-1.320752623177609,-0.5075301476030033,1.0,0.0,1.0,1.0,0.0,1.0,1.0,1.0,1.0,1.0,0
2.148851989847784,-0.10687808056520069,0.05262049203711091,-0.988043647609593,0.5861958759376643,0.0,1.0,1.0,1.0,0.0,1.0,1.0,1.0,1.0,1.0,0
0.9822537264733149,1.0959887629572058,1.1806965676633152,2.006337132502552,0.192454507463024,1.0,0.0,1.0,1.0,0.0,1.0,1.0,1.0,1.0,1.0,0
-1.1176231476007294,-0.4927032945252179,-1.0528940620765692,-0.23944845258155673,0.49869779405441095,0.0,1.0,1.0,1.0,0.0,1.0,1.0,1.0,1.0,1.0,0
-1.2342829739381762,-0.92391971012759,-1.2559477556892862,0.09326052298645936,-0.6387772704278833,1.0,0.0,1.0,1.0,0.0,1.0,1.0,1.0,1.0,1.0,0
1.3322332054856556,-0.6061812986311053,0.345920271699924,-0.904866403717589,-0.7262753523111368,1.0,0.0,1.0,1.0,0.0,1.0,1.0,1.0,1.0,1.0,0
1.0989135528107616,-0.83313730684288,1.2483811322008875,-0.6553346720415768,-0.4200320657197499,1.0,0.0,1.0,1.0,0.0,1.0,1.0,1.0,1.0,1.0,0
1.6822126844979963,-0.5607900969887503,-0.5791021103135635,-1.9861705743136413,-0.9012715160776436,0.0,1.0,1.0,1.0,0.0,1.0,1.0,1.0,1.0,1.0,0
1.5655528581605493,-0.10687808056520069,-0.0827486370380336,0.34279225466247143,-0.02629069724510952,0.0,1.0,1.0,1.0,0.0,1.0,1.0,1.0,1.0,1.0,0
0.16563494211118654,1.0279019604936734,-0.2632408091382263,-0.32262569647356076,-0.8137734341943902,1.0,0.0,1.0,1.0,0.0,1.0,1.0,1.0,1.0,1.0,0
1.6822126844979963,-0.4246164920616854,0.8197122234629298,-0.07309396479754869,0.10495642557977058,0.0,1.0,1.0,1.0,0.0,1.0,1.0,1.0,1.0,1.0,1
1.91553233717289,0.9825107588513183,0.5489739653126408,-0.4889801842575688,-0.02629069724510952,1.0,0.0,1.0,1.0,0.0,1.0,1.0,1.0,1.0,1.0,0
0.04897511577373963,-0.2884428871346205,2.0831574281642786,-0.904866403717589,-0.7262753523111368,0.0,1.0,1.0,1.0,0.0,1.0,1.0,1.0,1.0,1.0,0
0.16563494211118654,1.1186843637783832,10.363235823260618,1.5904509130425317,0.10495642557977058,0.0,1.0,1.0,1.0,0.0,1.0,1.0,1.0,1.0,1.0,0
-0.8843034949258356,-1.0147021134123,-0.5114175457759913,0.34279225466247143,-0.2887849428948697,1.0,0.0,1.0,1.0,0.0,1.0,1.0,1.0,1.0,1.0,0
-0.8843034949258356,-0.3338340887769755,-0.4662945027509431,-0.904866403717589,-1.0762676798441504,0.0,1.0,1.0,1.0,0.0,1.0,1.0,1.0,1.0,1.0,0
-1.0009633212632825,-1.0147021134123,-0.714471239388708,-0.07309396479754869,-0.6387772704278833,1.0,0.0,1.0,1.0,0.0,1.0,1.0,1.0,1.0,1.0,0
-1.1176231476007294,-0.5607900969887503,-0.6467866748511357,-0.07309396479754869,-0.68252631136951,0.0,1.0,1.0,1.0,0.0,1.0,1.0,1.0,1.0,1.0,0
1.91553233717289,-0.92391971012759,0.09774353506215908,-0.07309396479754869,-0.33253398383649646,1.0,0.0,1.0,1.0,0.0,1.0,1.0,1.0,1.0,1.0,0
-0.3010043632386011,-0.6742681010946378,-1.4364399277894788,-0.6553346720415768,-0.2887849428948697,0.0,1.0,1.0,1.0,0.0,1.0,1.0,1.0,1.0,1.0,0
-0.18434453690115418,-0.6969637019158151,1.6093654764012728,-0.904866403717589,-1.2075148026690306,0.0,1.0,1.0,1.0,0.0,1.0,1.0,1.0,1.0,1.0,1
0.5156144211235272,-0.7423549035581701,-1.3913168847644306,1.5072736691505277,-0.6387772704278833,0.0,1.0,1.0,1.0,0.0,1.0,1.0,1.0,1.0,1.0,0
-1.3509428002756232,-0.92391971012759,-1.3913168847644306,-0.4889801842575688,-0.46378110666137656,1.0,0.0,1.0,1.0,0.0,1.0,1.0,1.0,1.0,1.0,0
1.5655528581605493,2.8889412278302267,-1.1882631911517139,0.8418557180144955,0.017458343696517182,1.0,0.0,1.0,1.0,0.0,1.0,1.0,1.0,1.0,1.0,1
-0.41766418957604795,-1.2189625208028971,-0.8949634114889007,-1.320752623177609,-0.55127918854463,1.0,0.0,1.0,1.0,0.0,1.0,1.0,1.0,1.0,1.0,0
2.032192163510337,-0.10687808056520069,-0.060187115525509524,-0.07309396479754869,-0.33253398383649646,0.0,1.0,1.0,1.0,0.0,1.0,1.0,1.0,1.0,1.0,0
0.16563494211118654,0.3924251375007039,-1.3461938417393824,-0.32262569647356076,2.117412308894599,1.0,0.0,1.0,1.0,0.0,1.0,1.0,1.0,1.0,1.0,1
-1.2342829739381762,0.41512073832188134,-0.33092537367579855,-1.071220891501597,-0.37628302477812314,0.0,1.0,1.0,1.0,0.0,1.0,1.0,1.0,1.0,1.0,0
-0.8843034949258356,-0.6515725002734603,0.030058970524586823,-0.07309396479754869,-0.24503590195324304,1.0,0.0,1.0,1.0,0.0,1.0,1.0,1.0,1.0,1.0,0
1.5655528581605493,-0.878528508485235,-0.8949634114889007,-0.7385119159335809,-0.6387772704278833,0.0,1.0,1.0,1.0,0.0,1.0,1.0,1.0,1.0,1.0,0
0.16563494211118654,0.07468672600421916,-0.15043320157560586,0.34279225466247143,-0.15753782006998962,1.0,0.0,1.0,1.0,0.0,1.0,1.0,1.0,1.0,1.0,0
-0.41766418957604795,-1.1508757183393648,-0.3986099382133708,-0.8216891598255849,-0.15753782006998962,1.0,0.0,1.0,1.0,0.0,1.0,1.0,1.0,1.0,1.0,0
1.6822126844979963,-0.83313730684288,-0.9852094975389971,-0.07309396479754869,-0.7700243932527635,0.0,1.0,1.0,1.0,0.0,1.0,1.0,1.0,1.0,1.0,0
1.3322332054856556,1.2548579687054482,-0.4211714597258949,-0.07309396479754869,6.186073116465883,0.0,1.0,1.0,0.0,1.0,1.0,1.0,1.0,1.0,1.0,0
0.748934073798421,0.16546912928892907,0.9550813525380744,-2.1525250620976495,0.8924391625290512,1.0,0.0,1.0,1.0,0.0,1.0,1.0,1.0,1.0,1.0,0
-0.6509838422509417,-0.3338340887769755,2.3313341648020436,-1.6534615987456251,0.3674506712295308,0.0,1.0,1.0,1.0,0.0,1.0,1.0,1.0,1.0,1.0,0
0.8655939001358679,-0.6969637019158151,-0.8498403684638526,1.5904509130425317,0.017458343696517182,1.0,0.0,1.0,1.0,0.0,1.0,1.0,1.0,1.0,1.0,0
-1.2342829739381762,-0.3338340887769755,-0.5339790672885153,2.838109571422592,-0.2887849428948697,1.0,0.0,1.0,1.0,0.0,1.0,1.0,1.0,1.0,1.0,0
-0.5343240159134949,-0.40192089124050795,-0.3986099382133708,-0.904866403717589,0.06120738463814389,1.0,0.0,1.0,1.0,0.0,1.0,1.0,1.0,1.0,1.0,0
-0.8843034949258356,-0.969310911769945,0.4361663577500204,-0.15627120868955272,-0.33253398383649646,0.0,1.0,1.0,1.0,0.0,1.0,1.0,1.0,1.0,1.0,0
-0.7676436685883887,-0.969310911769945,-1.0528940620765692,-0.32262569647356076,-0.15753782006998962,1.0,0.0,1.0,1.0,0.0,1.0,1.0,1.0,1.0,1.0,0
-0.5343240159134949,-0.3338340887769755,-1.6846166644272438,0.7586784741224916,0.06120738463814389,0.0,1.0,1.0,1.0,0.0,1.0,1.0,1.0,1.0,1.0,0
0.9822537264733149,0.256251532573639,0.6617815728752613,1.5904509130425317,0.8049410806457978,0.0,1.0,1.0,1.0,0.0,1.0,1.0,1.0,1.0,1.0,1
-1.584262452950517,-0.6742681010946378,-1.9553549225775329,-2.1525250620976495,-0.33253398383649646,1.0,0.0,1.0,1.0,0.0,1.0,1.0,1.0,1.0,1.0,0
1.5655528581605493,-0.24305168549226558,-0.15043320157560586,-0.4889801842575688,-0.6387772704278833,0.0,1.0,1.0,1.0,0.0,1.0,1.0,1.0,1.0,1.0,0
-0.8843034949258356,-0.7877461052005251,-1.3010707987143342,0.34279225466247143,-0.20128686101161633,1.0,0.0,1.0,1.0,0.0,1.0,1.0,1.0,1.0,1.0,0
-0.18434453690115418,0.3924251375007039,-0.060187115525509524,-1.9029933304216373,0.017458343696517182,0.0,1.0,1.0,1.0,0.0,1.0,1.0,1.0,1.0,1.0,0
-0.6509838422509417,-0.10687808056520069,-1.0754555835890933,1.1745646935825116,-0.7700243932527635,0.0,1.0,1.0,1.0,0.0,1.0,1.0,1.0,1.0,1.0,0
1.0989135528107616,-1.445918529014672,-0.17299472308812996,-2.6515885254496734,-0.02629069724510952,0.0,1.0,1.0,1.0,0.0,1.0,1.0,1.0,1.0,1.0,0
-0.41766418957604795,-0.7877461052005251,-0.714471239388708,-1.7366388426376291,-0.15753782006998962,1.0,0.0,1.0,1.0,0.0,1.0,1.0,1.0,1.0,1.0,0
-1.584262452950517,-0.969310911769945,-1.6620551429147197,-0.4889801842575688,0.3674506712295308,0.0,1.0,1.0,1.0,0.0,1.0,1.0,1.0,1.0,1.0,0
0.16563494211118654,0.8917283555666085,2.4667032938771882,2.17269162028656,-0.11378877912836292,1.0,0.0,1.0,1.0,0.0,1.0,1.0,1.0,1.0,1.0,0
-0.5343240159134949,-0.24305168549226558,-0.6016636318260876,0.5923239863384835,-0.4200320657197499,1.0,0.0,1.0,1.0,0.0,1.0,1.0,1.0,1.0,1.0,0
-0.18434453690115418,-0.37922529041933045,0.3684817932124481,-0.904866403717589,-0.4200320657197499,1.0,0.0,1.0,1.0,0.0,1.0,1.0,1.0,1.0,1.0,0
1.3322332054856556,1.2548579687054482,0.4361663577500204,0.42596949855447547,-0.11378877912836292,1.0,0.0,1.0,1.0,0.0,1.0,1.0,1.0,1.0,1.0,0
-1.0009633212632825,-0.92391971012759,-0.5565405888010394,0.34279225466247143,-0.24503590195324304,0.0,1.0,1.0,1.0,0.0,1.0,1.0,1.0,1.0,1.0,1
0.5156144211235272,0.30164273421599397,-0.6242251533386117,-0.32262569647356076,0.5861958759376643,1.0,0.0,1.0,1.0,0.0,1.0,1.0,1.0,1.0,1.0,0
-0.41766418957604795,-0.92391971012759,1.2258196106883634,0.34279225466247143,0.3237016302879041,1.0,0.0,1.0,1.0,0.0,1.0,1.0,1.0,1.0,1.0,1
-0.06768471056370727,-0.1976604838499106,1.158135046150791,-0.23944845258155673,-0.2887849428948697,0.0,1.0,1.0,1.0,0.0,1.0,1.0,1.0,1.0,1.0,0
-0.8843034949258356,0.5285987424277687,-0.21811776611317812,-1.154398135393601,0.6736939578209178,0.0,1.0,1.0,1.0,0.0,1.0,1.0,1.0,1.0,1.0,1
-0.5343240159134949,-1.0600933150546548,-0.443732981238419,-0.07309396479754869,-0.5950282294862567,1.0,0.0,1.0,1.0,0.0,1.0,1.0,1.0,1.0,1.0,0
-0.18434453690115418,-0.6061812986311053,0.075182013549635,-1.320752623177609,-0.11378877912836292,1.0,0.0,1.0,1.0,0.0,1.0,1.0,1.0,1.0,1.0,0
-1.584262452950517,0.12007792764657411,0.2556741856498277,-0.904866403717589,0.1487054665213973,0.0,1.0,1.0,1.0,0.0,1.0,1.0,1.0,1.0,1.0,0
-0.7676436685883887,-0.37922529041933045,-0.17299472308812996,-0.32262569647356076,-0.20128686101161633,1.0,0.0,1.0,1.0,0.0,1.0,1.0,1.0,1.0,1.0,0
0.8655939001358679,-0.83313730684288,0.32335875018739996,0.34279225466247143,-0.4200320657197499,0.0,1.0,1.0,1.0,0.0,1.0,1.0,1.0,1.0,1.0,0
-1.584262452950517,-0.37922529041933045,-0.2406792876257022,-0.07309396479754869,-0.5075301476030033,0.0,1.0,1.0,1.0,0.0,1.0,1.0,1.0,1.0,1.0,0
-1.0009633212632825,-1.6955701380476242,-1.0528940620765692,-0.07309396479754869,-0.20128686101161633,1.0,0.0,1.0,1.0,0.0,1.0,1.0,1.0,1.0,1.0,0
-0.5343240159134949,-1.1281801175181874,-0.12787168006308178,0.42596949855447547,-0.15753782006998962,1.0,0.0,1.0,1.0,0.0,1.0,1.0,1.0,1.0,1.0,0
-0.3010043632386011,1.345640371990158,-0.060187115525509524,0.34279225466247143,0.1487054665213973,0.0,1.0,1.0,1.0,0.0,1.0,1.0,1.0,1.0,1.0,0
1.3322332054856556,0.4832075407854138,0.05262049203711091,-2.3188795498816575,-0.15753782006998962,0.0,1.0,1.0,1.0,0.0,1.0,1.0,1.0,1.0,1.0,0
0.3989545947860803,0.30164273421599397,-0.2406792876257022,-0.32262569647356076,-0.55127918854463,0.0,1.0,1.0,1.0,0.0,1.0,1.0,1.0,1.0,1.0,0
1.5655528581605493,1.4591183760960456,0.2556741856498277,-0.4889801842575688,-0.15753782006998962,1.0,0.0,1.0,1.0,0.0,1.0,1.0,1.0,1.0,1.0,0
0.6322742474609742,-0.4700076937040404,0.8197122234629298,-0.07309396479754869,0.6736939578209178,1.0,0.0,1.0,1.0,0.0,1.0,1.0,1.0,1.0,1.0,1
-0.3010043632386011,-0.2884428871346205,-0.21811776611317812,-0.6553346720415768,-0.33253398383649646,0.0,1.0,1.0,1.0,0.0,1.0,1.0,1.0,1.0,1.0,1
-0.7676436685883887,-1.6728745372264469,-0.6693481963636598,1.4240964252585238,-0.11378877912836292,1.0,0.0,1.0,1.0,0.0,1.0,1.0,1.0,1.0,1.0,0
0.28229476844863344,-0.2884428871346205,-0.060187115525509524,-0.32262569647356076,0.629944916879291,1.0,0.0,1.0,1.0,0.0,1.0,1.0,1.0,1.0,1.0,0
1.3322332054856556,0.07468672600421916,-1.3913168847644306,-0.32262569647356076,-0.2887849428948697,0.0,1.0,1.0,1.0,0.0,1.0,1.0,1.0,1.0,1.0,1
-0.06768471056370727,-0.061486878922845725,0.9325198310255502,0.34279225466247143,-0.68252631136951,1.0,0.0,1.0,1.0,0.0,1.0,1.0,1.0,1.0,1.0,0
0.5156144211235272,0.23355593175246153,-0.6693481963636598,-1.071220891501597,-0.4200320657197499,1.0,0.0,1.0,1.0,0.0,1.0,1.0,1.0,1.0,1.0,0
0.28229476844863344,0.41512073832188134,0.5264124438001168,0.010083279094455335,-0.11378877912836292,0.0,1.0,1.0,1.0,0.0,1.0,1.0,1.0,1.0,1.0,0
-1.0009633212632825,-0.4473120928828629,-0.6242251533386117,1.1745646935825116,-0.15753782006998962,1.0,0.0,1.0,1.0,0.0,1.0,1.0,1.0,1.0,1.0,0
0.748934073798421,-0.08418247974402321,0.8197122234629298,1.1745646935825116,0.4111997121711575,1.0,0.0,1.0,1.0,0.0,1.0,1.0,1.0,1.0,1.0,0
-0.8843034949258356,-0.6515725002734603,-1.0303325405640453,-1.154398135393601,-0.8137734341943902,0.0,1.0,1.0,1.0,0.0,1.0,1.0,1.0,1.0,1.0,0
1.4488930318231024,-0.6288768994522828,1.158135046150791,-0.6553346720415768,0.2362035484046507,1.0,0.0,1.0,1.0,0.0,1.0,1.0,1.0,1.0,1.0,0
0.28229476844863344,-0.1976604838499106,-0.6016636318260876,-0.7385119159335809,-0.9012715160776436,0.0,1.0,1.0,1.0,0.0,1.0,1.0,1.0,1.0,1.0,0
-0.18434453690115418,-0.016095677280490765,-1.5041244923270511,0.17643776687846338,-1.0762676798441504,0.0,1.0,1.0,1.0,0.0,1.0,1.0,1.0,1.0,1.0,1
-1.1176231476007294,-1.6728745372264469,-1.233386234176762,-1.320752623177609,-0.4200320657197499,1.0,0.0,1.0,1.0,0.0,1.0,1.0,1.0,1.0,1.0,0
-1.2342829739381762,-1.2416581216240747,0.09774353506215908,-0.6553346720415768,0.2362035484046507,1.0,0.0,1.0,1.0,0.0,1.0,1.0,1.0,1.0,1.0,0
-0.18434453690115418,0.16546912928892907,0.075182013549635,-0.07309396479754869,-0.37628302477812314,0.0,1.0,1.0,1.0,0.0,1.0,1.0,1.0,1.0,1.0,0
-0.18434453690115418,-0.061486878922845725,-1.3913168847644306,-0.07309396479754869,-0.20128686101161633,0.0,1.0,1.0,1.0,0.0,1.0,1.0,1.0,1.0,1.0,0
-1.0009633212632825,-0.37922529041933045,2.0154728636267065,1.0082102057985036,-0.6387772704278833,1.0,0.0,1.0,1.0,0.0,1.0,1.0,1.0,1.0,1.0,0
-0.41766418957604795,0.5739899440701237,0.7971507019504057,2.255868864178564,-0.7262753523111368,0.0,1.0,1.0,1.0,0.0,1.0,1.0,1.0,1.0,1.0,0
1.4488930318231024,1.1640755654207382,0.18798962111225542,1.1745646935825116,-0.33253398383649646,0.0,1.0,1.0,1.0,0.0,1.0,1.0,1.0,1.0,1.0,0
-1.0009633212632825,-0.24305168549226558,-1.2785092772018103,-0.23944845258155673,-0.8137734341943902,0.0,1.0,1.0,1.0,0.0,1.0,1.0,1.0,1.0,1.0,0
-0.8843034949258356,-0.4700076937040404,-1.9102318795524846,0.7586784741224916,-0.15753782006998962,1.0,0.0,1.0,1.0,0.0,1.0,1.0,1.0,1.0,1.0,0
-0.6509838422509417,1.2548579687054482,-0.714471239388708,0.5923239863384835,-0.24503590195324304,0.0,1.0,1.0,1.0,0.0,1.0,1.0,1.0,1.0,1.0,0
-0.41766418957604795,-0.016095677280490765,-0.5565405888010394,-1.071220891501597,-0.15753782006998962,0.0,1.0,1.0,1.0,0.0,1.0,1.0,1.0,1.0,1.0,0
-0.41766418957604795,-0.2884428871346205,0.864835266487978,0.34279225466247143,-0.46378110666137656,1.0,0.0,1.0,1.0,0.0,1.0,1.0,1.0,1.0,1.0,0
0.3989545947860803,-0.10687808056520069,-0.0827486370380336,-0.07309396479754869,-0.2887849428948697,0.0,1.0,1.0,1.0,0.0,1.0,1.0,1.0,1.0,1.0,0
-1.3509428002756232,-0.878528508485235,-1.6394936214021956,-0.4889801842575688,-0.2887849428948697,1.0,0.0,1.0,1.0,0.0,1.0,1.0,1.0,1.0,1.0,0
-1.2342829739381762,-0.6515725002734603,0.45872787926254444,-0.23944845258155673,-0.24503590195324304,0.0,1.0,1.0,1.0,0.0,1.0,1.0,1.0,1.0,1.0,1
1.5655528581605493,1.1867711662419156,1.0002043955631226,-0.32262569647356076,-0.15753782006998962,1.0,0.0,1.0,1.0,0.0,1.0,1.0,1.0,1.0,1.0,0
0.9822537264733149,-0.5607900969887503,-0.060187115525509524,0.17643776687846338,-0.2887849428948697,1.0,0.0,1.0,1.0,0.0,1.0,1.0,1.0,1.0,1.0,0
-0.41766418957604795,0.256251532573639,0.4361663577500204,1.839982644718544,0.8049410806457978,0.0,1.0,1.0,1.0,0.0,1.0,1.0,1.0,1.0,1.0,0
-1.584262452950517,-0.24305168549226558,-0.5565405888010394,-0.07309396479754869,-0.2887849428948697,1.0,0.0,1.0,1.0,0.0,1.0,1.0,1.0,1.0,1.0,0
-0.8843034949258356,-0.7650505043793476,1.0002043955631226,0.34279225466247143,-0.46378110666137656,1.0,0.0,1.0,1.0,0.0,1.0,1.0,1.0,1.0,1.0,0
-1.3509428002756232,-0.4927032945252179,-0.6467866748511357,-1.9029933304216373,0.3674506712295308,0.0,1.0,1.0,1.0,0.0,1.0,1.0,1.0,1.0,1.0,0
1.6822126844979963,-0.5607900969887503,-0.2632408091382263,-0.4889801842575688,0.5424468349960376,0.0,1.0,1.0,1.0,0.0,1.0,1.0,1.0,1.0,1.0,0
-0.18434453690115418,-0.4246164920616854,0.075182013549635,-0.8216891598255849,-0.33253398383649646,1.0,0.0,1.0,1.0,0.0,1.0,1.0,1.0,1.0,1.0,0
0.16563494211118654,0.029295524361864195,-1.0077710190515212,0.17643776687846338,-0.20128686101161633,1.0,0.0,1.0,1.0,0.0,1.0,1.0,1.0,1.0,1.0,0
-0.8843034949258356,-1.2416581216240747,-1.4364399277894788,-1.320752623177609,-0.11378877912836292,1.0,0.0,1.0,1.0,0.0,1.0,1.0,1.0,1.0,1.0,0
-1.1176231476007294,0.18816473011010657,-1.2785092772018103,0.6755012302304875,-0.20128686101161633,1.0,0.0,1.0,1.0,0.0,1.0,1.0,1.0,1.0,1.0,0
-0.8843034949258356,0.869032754745431,0.345920271699924,0.17643776687846338,-0.37628302477812314,0.0,1.0,1.0,1.0,0.0,1.0,1.0,1.0,1.0,1.0,0
0.04897511577373963,2.616594017976097,1.8801037345515619,1.1745646935825116,-0.46378110666137656,0.0,1.0,1.0,1.0,0.0,1.0,1.0,1.0,1.0,1.0,0
-0.6509838422509417,-0.4246164920616854,0.3910433147249722,-0.8216891598255849,-0.4200320657197499,0.0,1.0,1.0,1.0,0.0,1.0,1.0,1.0,1.0,1.0,0
-0.8843034949258356,0.12007792764657411,-1.6620551429147197,-0.904866403717589,-0.20128686101161633,0.0,1.0,1.0,1.0,0.0,1.0,1.0,1.0,1.0,1.0,0
-0.6509838422509417,-0.10687808056520069,0.3910433147249722,0.34279225466247143,-0.33253398383649646,0.0,1.0,1.0,1.0,0.0,1.0,1.0,1.0,1.0,1.0,0
1.91553233717289,0.9825107588513183,1.6770500409388451,-1.320752623177609,0.9799372444123047,1.0,0.0,1.0,1.0,0.0,1.0,1.0,1.0,1.0,1.0,0
-1.1176231476007294,-1.7863525413323342,-0.35348689518832266,-0.988043647609593,-0.37628302477812314,1.0,0.0,1.0,1.0,0.0,1.0,1.0,1.0,1.0,1.0,0
1.2155733791482086,-0.37922529041933045,1.0227659170756467,0.34279225466247143,-0.15753782006998962,1.0,0.0,1.0,1.0,0.0,1.0,1.0,1.0,1.0,1.0,0
-0.41766418957604795,-0.22035608467108808,-1.6169320998896715,-0.4889801842575688,-0.2887849428948697,1.0,0.0,1.0,1.0,0.0,1.0,1.0,1.0,1.0,1.0,0
-0.3010043632386011,0.5739899440701237,0.12030505657468317,-1.4871071109616172,-0.37628302477812314,1.0,0.0,1.0,1.0,0.0,1.0,1.0,1.0,1.0,1.0,0
-0.18434453690115418,0.12007792764657411,-0.03762559401298544,1.3409191813665198,2.423655595485986,0.0,1.0,1.0,1.0,0.0,1.0,1.0,1.0,1.0,1.0,0
-0.41766418957604795,-0.6515725002734603,0.3684817932124481,-0.07309396479754869,-0.7700243932527635,1.0,0.0,1.0,1.0,0.0,1.0,1.0,1.0,1.0,1.0,1
-1.2342829739381762,-0.5607900969887503,0.075182013549635,0.42596949855447547,-0.2887849428948697,1.0,0.0,1.0,1.0,0.0,1.0,1.0,1.0,1.0,1.0,0
-1.1176231476007294,-1.5140053314782045,-1.3687553632519065,-0.904866403717589,-0.15753782006998962,1.0,0.0,1.0,1.0,0.0,1.0,1.0,1.0,1.0,1.0,0
-0.5343240159134949,-0.061486878922845725,-0.35348689518832266,0.7586784741224916,-0.4200320657197499,0.0,1.0,1.0,1.0,0.0,1.0,1.0,1.0,1.0,1.0,0
-0.8843034949258356,-0.969310911769945,-0.2632408091382263,1.5904509130425317,0.1487054665213973,1.0,0.0,1.0,1.0,0.0,1.0,1.0,1.0,1.0,1.0,0
-1.1176231476007294,-1.0147021134123,0.12030505657468317,-1.4871071109616172,-0.5950282294862567,1.0,0.0,1.0,1.0,0.0,1.0,1.0,1.0,1.0,1.0,0
-1.3509428002756232,-1.0147021134123,-1.481562970814527,0.5091467424464795,-0.15753782006998962,1.0,0.0,1.0,1.0,0.0,1.0,1.0,1.0,1.0,1.0,0
0.5156144211235272,1.4137271744536906,-0.9400864545139489,-1.6534615987456251,-0.07003973818673623,1.0,0.0,1.0,1.0,0.0,1.0,1.0,1.0,1.0,1.0,0
1.4488930318231024,-0.4700076937040404,-0.060187115525509524,-0.07309396479754869,-0.15753782006998962,1.0,0.0,1.0,1.0,0.0,1.0,1.0,1.0,1.0,1.0,0
-0.18434453690115418,0.9371195572089634,-1.2559477556892862,2.255868864178564,0.2799525893462774,0.0,1.0,1.0,1.0,0.0,1.0,1.0,1.0,1.0,1.0,0
-0.06768471056370727,-0.5607900969887503,-1.1431401481266656,0.34279225466247143,-0.55127918854463,1.0,0.0,1.0,1.0,0.0,1.0,1.0,1.0,1.0,1.0,0
-0.06768471056370727,-1.0147021134123,-1.1205786266141415,0.17643776687846338,0.1487054665213973,0.0,1.0,1.0,1.0,0.0,1.0,1.0,1.0,1.0,1.0,0
0.8655939001358679,0.9825107588513183,-1.77486275047734,1.3409191813665198,-0.5075301476030033,0.0,1.0,1.0,1.0,0.0,1.0,1.0,1.0,1.0,1.0,1
0.28229476844863344,0.3924251375007039,-0.6467866748511357,-0.07309396479754869,-0.5950282294862567,1.0,0.0,1.0,1.0,0.0,1.0,1.0,1.0,1.0,1.0,0
1.798872510835443,0.256251532573639,2.669756987489905,-0.07309396479754869,1.1549334081788114,1.0,0.0,1.0,1.0,0.0,1.0,1.0,1.0,1.0,1.0,0
-1.1176231476007294,-0.7423549035581701,-0.19555624460065404,-1.154398135393601,-0.2887849428948697,1.0,0.0,1.0,1.0,0.0,1.0,1.0,1.0,1.0,1.0,0
-0.06768471056370727,-0.40192089124050795,0.5489739653126408,-0.07309396479754869,-0.2887849428948697,1.0,0.0,1.0,1.0,0.0,1.0,1.0,1.0,1.0,1.0,0
0.6322742474609742,0.18816473011010657,-0.2632408091382263,-1.320752623177609,0.3674506712295308,1.0,0.0,1.0,1.0,0.0,1.0,1.0,1.0,1.0,1.0,0
0.748934073798421,-0.2884428871346205,3.481971761940772,0.34279225466247143,-0.15753782006998962,1.0,0.0,1.0,1.0,0.0,1.0,1.0,1.0,1.0,1.0,0
0.28229476844863344,-1.0147021134123,1.4739963473261284,-1.071220891501597,0.2362035484046507,1.0,0.0,1.0,1.0,0.0,1.0,1.0,1.0,1.0,1.0,0
1.3322332054856556,2.661985219618452,1.3160656967384599,-1.154398135393601,0.3674506712295308,1.0,0.0,1.0,1.0,0.0,1.0,1.0,1.0,1.0,1.0,0
0.8655939001358679,-0.3338340887769755,1.8801037345515619,0.5923239863384835,0.017458343696517182,1.0,0.0,1.0,1.0,0.0,1.0,1.0,1.0,1.0,1.0,0
-1.2342829739381762,-0.83313730684288,-1.3913168847644306,0.34279225466247143,0.49869779405441095,1.0,0.0,1.0,1.0,0.0,1.0,1.0,1.0,1.0,1.0,0
-1.584262452950517,-0.4246164920616854,-1.8425473150149123,-0.7385119159335809,-0.15753782006998962,0.0,1.0,1.0,1.0,0.0,1.0,1.0,1.0,1.0,1.0,0
0.6322742474609742,0.30164273421599397,0.2105511426247795,0.9250329619064996,0.8049410806457978,1.0,0.0,1.0,1.0,0.0,1.0,1.0,1.0,1.0,1.0,0
-0.18434453690115418,0.5285987424277687,-0.060187115525509524,-0.32262569647356076,-0.5075301476030033,1.0,0.0,1.0,1.0,0.0,1.0,1.0,1.0,1.0,1.0,0
0.16563494211118654,0.46051193996423634,1.8801037345515619,-0.904866403717589,-0.07003973818673623,1.0,0.0,1.0,1.0,0.0,1.0,1.0,1.0,1.0,1.0,0
0.28229476844863344,0.8463371539242535,-0.3760484167008467,1.5904509130425317,0.1487054665213973,0.0,1.0,1.0,1.0,0.0,1.0,1.0,1.0,1.0,1.0,0
-1.0009633212632825,-0.10687808056520069,-0.2406792876257022,-0.07309396479754869,-0.37628302477812314,1.0,0.0,1.0,1.0,0.0,1.0,1.0,1.0,1.0,1.0,0
1.3322332054856556,0.43781633914305884,0.14286657808720726,-0.904866403717589,-0.6387772704278833,0.0,1.0,1.0,1.0,0.0,1.0,1.0,1.0,1.0,1.0,1
-1.3509428002756232,-1.1508757183393648,-1.0077710190515212,-0.07309396479754869,-0.15753782006998962,1.0,0.0,1.0,1.0,0.0,1.0,1.0,1.0,1.0,1.0,0
0.9822537264733149,1.7541611867713527,-0.12787168006308178,0.7586784741224916,-0.20128686101161633,0.0,1.0,1.0,1.0,0.0,1.0,1.0,1.0,1.0,1.0,1
-1.1176231476007294,-1.1962669199817197,-0.2858023306507504,0.5091467424464795,-0.46378110666137656,1.0,0.0,1.0,1.0,0.0,1.0,1.0,1.0,1.0,1.0,0
-0.6509838422509417,-0.6515725002734603,-0.9400864545139489,-0.4889801842575688,-0.2887849428948697,1.0,0.0,1.0,1.0,0.0,1.0,1.0,1.0,1.0,1.0,0
-1.8175821056254107,-0.6742681010946378,-1.8425473150149123,0.7586784741224916,-0.7262753523111368,0.0,1.0,1.0,1.0,0.0,1.0,1.0,1.0,1.0,1.0,0
1.2155733791482086,1.436422775274868,0.05262049203711091,1.3409191813665198,0.3237016302879041,1.0,0.0,1.0,1.0,0.0,1.0,1.0,1.0,1.0,1.0,0
0.28229476844863344,0.12007792764657411,0.9550813525380744,2.006337132502552,-0.4200320657197499,1.0,0.0,1.0,1.0,0.0,1.0,1.0,1.0,1.0,1.0,1
0.3989545947860803,0.21086033093128403,-0.15043320157560586,0.5923239863384835,-0.11378877912836292,0.0,1.0,1.0,1.0,0.0,1.0,1.0,1.0,1.0,1.0,0
-1.1176231476007294,-0.37922529041933045,-0.3760484167008467,1.1745646935825116,-1.0762676798441504,1.0,0.0,1.0,1.0,0.0,1.0,1.0,1.0,1.0,1.0,0
2.032192163510337,1.1186843637783832,0.3910433147249722,-1.320752623177609,-0.33253398383649646,1.0,0.0,1.0,1.0,0.0,1.0,1.0,1.0,1.0,1.0,0
-0.06768471056370727,1.481813976917223,-1.5492475353520991,-0.23944845258155673,0.192454507463024,1.0,0.0,1.0,1.0,0.0,1.0,1.0,1.0,1.0,1.0,0
0.04897511577373963,-0.016095677280490765,-0.21811776611317812,-1.5702843548536212,-0.15753782006998962,0.0,1.0,1.0,1.0,0.0,1.0,1.0,1.0,1.0,1.0,0
1.6822126844979963,1.6633787834866427,3.0533028532028146,-0.07309396479754869,-0.11378877912836292,1.0,0.0,1.0,1.0,0.0,1.0,1.0,1.0,1.0,1.0,1
-0.3010043632386011,-0.8558329076640575,-0.1053101585505577,-0.07309396479754869,-0.20128686101161633,1.0,0.0,1.0,1.0,0.0,1.0,1.0,1.0,1.0,1.0,0
-0.6509838422509417,-1.3324405249087847,-0.12787168006308178,-0.32262569647356076,0.06120738463814389,1.0,0.0,1.0,1.0,0.0,1.0,1.0,1.0,1.0,1.0,0
-1.584262452950517,-0.7877461052005251,0.12030505657468317,0.5923239863384835,0.06120738463814389,0.0,1.0,1.0,1.0,0.0,1.0,1.0,1.0,1.0,1.0,0
-1.2342829739381762,-0.83313730684288,-0.2406792876257022,0.7586784741224916,-0.15753782006998962,1.0,0.0,1.0,1.0,0.0,1.0,1.0,1.0,1.0,1.0,0
-0.7676436685883887,-0.878528508485235,-0.9400864545139489,-0.4889801842575688,0.2362035484046507,0.0,1.0,1.0,1.0,0.0,1.0,1.0,1.0,1.0,1.0,0
-0.18434453690115418,-0.5607900969887503,-0.03762559401298544,0.8418557180144955,-0.07003973818673623,1.0,0.0,1.0,1.0,0.0,1.0,1.0,1.0,1.0,1.0,0
0.3989545947860803,1.7087699851289977,-0.15043320157560586,3.253995790882612,1.4611766947701983,1.0,0.0,1.0,1.0,0.0,1.0,1.0,1.0,1.0,1.0,0
1.5655528581605493,-0.3338340887769755,-0.443732981238419,-0.07309396479754869,-0.33253398383649646,0.0,1.0,1.0,1.0,0.0,1.0,1.0,1.0,1.0,1.0,0
-1.4676026266130702,-0.969310911769945,-0.714471239388708,-0.904866403717589,0.017458343696517182,1.0,0.0,1.0,1.0,0.0,1.0,1.0,1.0,1.0,1.0,0
-0.8843034949258356,-0.7877461052005251,-0.5565405888010394,-0.23944845258155673,0.8049410806457978,1.0,0.0,1.0,1.0,0.0,1.0,1.0,1.0,1.0,1.0,0
-0.6509838422509417,-0.15226928220755565,0.45872787926254444,-0.07309396479754869,-0.24503590195324304,1.0,0.0,1.0,1.0,0.0,1.0,1.0,1.0,1.0,1.0,0
-1.0009633212632825,-0.4700076937040404,0.45872787926254444,1.6736281569345357,0.9799372444123047,1.0,0.0,1.0,1.0,0.0,1.0,1.0,1.0,1.0,1.0,0
1.0989135528107616,2.253464404837257,-0.15043320157560586,-0.8216891598255849,2.861146004902253,0.0,1.0,1.0,0.0,1.0,1.0,1.0,1.0,1.0,1.0,1
-0.6509838422509417,-1.0600933150546548,0.075182013549635,-0.4889801842575688,0.06120738463814389,1.0,0.0,1.0,1.0,0.0,1.0,1.0,1.0,1.0,1.0,0
0.6322742474609742,-0.15226928220755565,-0.33092537367579855,1.5904509130425317,0.4549487531127842,0.0,1.0,1.0,1.0,0.0,1.0,1.0,1.0,1.0,1.0,1
0.8655939001358679,0.6647723473548336,-0.5565405888010394,-0.904866403717589,0.1487054665213973,1.0,0.0,1.0,1.0,0.0,1.0,1.0,1.0,1.0,1.0,0
1.3322332054856556,-0.7877461052005251,0.5264124438001168,-1.6534615987456251,-0.15753782006998962,0.0,1.0,1.0,1.0,0.0,1.0,1.0,1.0,1.0,1.0,0
0.28229476844863344,-0.061486878922845725,0.030058970524586823,1.6736281569345357,0.192454507463024,0.0,1.0,1.0,1.0,0.0,1.0,1.0,1.0,1.0,1.0,0
0.5156144211235272,0.21086033093128403,1.2483811322008875,-1.320752623177609,0.5424468349960376,1.0,0.0,1.0,1.0,0.0,1.0,1.0,1.0,1.0,1.0,0
-0.06768471056370727,-0.10687808056520069,-0.3986099382133708,-1.320752623177609,-0.7262753523111368,0.0,1.0,1.0,1.0,0.0,1.0,1.0,1.0,1.0,1.0,0
-1.3509428002756232,-1.9225261462593992,-0.2858023306507504,-0.07309396479754869,-1.0762676798441504,1.0,0.0,1.0,1.0,0.0,1.0,1.0,1.0,1.0,1.0,0
0.16563494211118654,-0.92391971012759,-0.4662945027509431,1.1745646935825116,0.5861958759376643,0.0,1.0,1.0,1.0,0.0,1.0,1.0,1.0,1.0,1.0,0
-0.3010043632386011,0.006599923540686714,0.345920271699924,-0.32262569647356076,-0.07003973818673623,1.0,0.0,1.0,1.0,0.0,1.0,1.0,1.0,1.0,1.0,0
0.6322742474609742,-0.15226928220755565,-0.21811776611317812,-1.7366388426376291,-0.33253398383649646,0.0,1.0,1.0,1.0,0.0,1.0,1.0,1.0,1.0,1.0,0
-0.06768471056370727,-0.016095677280490765,-0.4888560242634672,0.42596949855447547,-0.2887849428948697,0.0,1.0,1.0,1.0,0.0,1.0,1.0,1.0,1.0,1.0,1
1.5655528581605493,-0.24305168549226558,-0.6693481963636598,-0.4889801842575688,-0.20128686101161633,1.0,0.0,1.0,1.0,0.0,1.0,1.0,1.0,1.0,1.0,0
-1.584262452950517,-0.061486878922845725,-1.4138784062769547,-0.07309396479754869,-0.7700243932527635,0.0,1.0,1.0,1.0,0.0,1.0,1.0,1.0,1.0,1.0,0
0.9822537264733149,0.12007792764657411,0.345920271699924,0.7586784741224916,-0.11378877912836292,1.0,0.0,1.0,1.0,0.0,1.0,1.0,1.0,1.0,1.0,0
0.16563494211118654,-0.1976604838499106,-0.8724018899763767,-0.4889801842575688,-0.2887849428948697,1.0,0.0,1.0,1.0,0.0,1.0,1.0,1.0,1.0,1.0,0
-1.1176231476007294,-0.6742681010946378,-1.1657016696391898,-0.4889801842575688,-0.11378877912836292,1.0,0.0,1.0,1.0,0.0,1.0,1.0,1.0,1.0,1.0,0
0.9822537264733149,0.5059031416065913,0.09774353506215908,1.6736281569345357,-0.15753782006998962,1.0,0.0,1.0,1.0,0.0,1.0,1.0,1.0,1.0,1.0,1
0.748934073798421,1.481813976917223,1.0904504816132188,-0.32262569647356076,1.504925735711825,1.0,0.0,1.0,1.0,0.0,1.0,1.0,1.0,1.0,1.0,0
1.2155733791482086,-0.2884428871346205,0.9099583095130261,-1.320752623177609,0.8049410806457978,1.0,0.0,1.0,1.0,0.0,1.0,1.0,1.0,1.0,1.0,0
0.5156144211235272,0.05199112518304168,2.195965035726899,0.7586784741224916,-0.20128686101161633,0.0,1.0,1.0,1.0,0.0,1.0,1.0,1.0,1.0,1.0,0
0.16563494211118654,-0.4700076937040404,-0.9400864545139489,0.5091467424464795,-0.7700243932527635,0.0,1.0,1.0,1.0,0.0,1.0,1.0,1.0,1.0,1.0,1
0.28229476844863344,-0.6288768994522828,0.7971507019504057,-0.4889801842575688,-0.2887849428948697,1.0,0.0,1.0,1.0,0.0,1.0,1.0,1.0,1.0,1.0,0
0.6322742474609742,-0.9012241093064125,0.7294661374128335,-1.320752623177609,-0.07003973818673623,1.0,0.0,1.0,1.0,0.0,1.0,1.0,1.0,1.0,1.0,0
1.798872510835443,-0.37922529041933045,0.8873967880005021,0.010083279094455335,-0.2887849428948697,1.0,0.0,1.0,1.0,0.0,1.0,1.0,1.0,1.0,1.0,1
-0.6509838422509417,-1.0147021134123,-1.9102318795524846,-0.07309396479754869,0.06120738463814389,1.0,0.0,1.0,1.0,0.0,1.0,1.0,1.0,1.0,1.0,0
-0.3010043632386011,-0.6515725002734603,-0.5114175457759913,-1.320752623177609,-0.15753782006998962,1.0,0.0,1.0,1.0,0.0,1.0,1.0,1.0,1.0,1.0,0
1.6822126844979963,0.029295524361864195,0.32335875018739996,-0.904866403717589,0.192454507463024,0.0,1.0,1.0,0.0,1.0,1.0,1.0,1.0,1.0,1.0,0
1.0989135528107616,0.7101635489971886,-0.6693481963636598,0.34279225466247143,0.49869779405441095,0.0,1.0,1.0,1.0,0.0,1.0,1.0,1.0,1.0,1.0,0
-1.3509428002756232,0.21086033093128403,-0.6242251533386117,-1.154398135393601,0.10495642557977058,0.0,1.0,1.0,1.0,0.0,1.0,1.0,1.0,1.0,1.0,0
-0.5343240159134949,-0.6515725002734603,-0.5565405888010394,-0.8216891598255849,0.06120738463814389,0.0,1.0,1.0,1.0,0.0,1.0,1.0,1.0,1.0,1.0,0
1.0989135528107616,0.07468672600421916,1.4965578688386525,0.17643776687846338,-0.2887849428948697,0.0,1.0,1.0,1.0,0.0,1.0,1.0,1.0,1.0,1.0,0
0.5156144211235272,0.43781633914305884,0.4136048362374963,-0.07309396479754869,1.5924238175950785,0.0,1.0,1.0,1.0,0.0,1.0,1.0,1.0,1.0,1.0,0
0.28229476844863344,-0.016095677280490765,-0.3083638521632745,-0.07309396479754869,-0.8137734341943902,1.0,0.0,1.0,1.0,0.0,1.0,1.0,1.0,1.0,1.0,0
-0.06768471056370727,-1.1508757183393648,0.2105511426247795,0.2596150107704674,-0.07003973818673623,1.0,0.0,1.0,1.0,0.0,1.0,1.0,1.0,1.0,1.0,0
0.8655939001358679,-0.3338340887769755,-0.3986099382133708,-0.904866403717589,1.4611766947701983,1.0,0.0,1.0,1.0,0.0,1.0,1.0,1.0,1.0,1.0,0
0.3989545947860803,1.9811171949831274,0.2105511426247795,-0.32262569647356076,-0.988769597960897,0.0,1.0,1.0,1.0,0.0,1.0,1.0,1.0,1.0,1.0,0
0.8655939001358679,-0.10687808056520069,1.631926997913797,1.6736281569345357,-0.2887849428948697,1.0,0.0,1.0,1.0,0.0,1.0,1.0,1.0,1.0,1.0,0
0.3989545947860803,-1.0600933150546548,0.075182013549635,1.3409191813665198,-0.07003973818673623,1.0,0.0,1.0,1.0,0.0,1.0,1.0,1.0,1.0,1.0,1
0.5156144211235272,-0.5607900969887503,-0.4888560242634672,-1.154398135393601,-0.2887849428948697,0.0,1.0,1.0,1.0,0.0,1.0,1.0,1.0,1.0,1.0,0
-0.41766418957604795,-0.5153988953463954,-1.1657016696391898,0.34279225466247143,0.6736939578209178,0.0,1.0,1.0,1.0,0.0,1.0,1.0,1.0,1.0,1.0,0
1.4488930318231024,0.823641553103076,0.8197122234629298,0.010083279094455335,-0.33253398383649646,1.0,0.0,1.0,1.0,0.0,1.0,1.0,1.0,1.0,1.0,0
1.91553233717289,1.572596380201933,0.5264124438001168,-0.904866403717589,0.017458343696517182,1.0,0.0,1.0,1.0,0.0,1.0,1.0,1.0,1.0,1.0,0
-0.41766418957604795,-1.0147021134123,-0.8272788469513285,-0.4889801842575688,-0.2887849428948697,0.0,1.0,1.0,1.0,0.0,1.0,1.0,1.0,1.0,1.0,0
0.6322742474609742,2.934332429472582,1.9477882990891342,0.34279225466247143,1.3299295719453184,1.0,0.0,1.0,1.0,0.0,1.0,1.0,1.0,1.0,1.0,0
-0.41766418957604795,0.3470339358583489,-1.1205786266141415,2.006337132502552,-0.6387772704278833,0.0,1.0,1.0,1.0,0.0,1.0,1.0,1.0,1.0,1.0,1
-1.3509428002756232,-0.37922529041933045,-0.4662945027509431,-1.071220891501597,-0.2887849428948697,0.0,1.0,1.0,1.0,0.0,1.0,1.0,1.0,1.0,1.0,0
-1.0009633212632825,-0.17496488302873314,-1.5943705783771474,0.42596949855447547,-0.15753782006998962,1.0,0.0,1.0,1.0,0.0,1.0,1.0,1.0,1.0,1.0,0
0.04897511577373963,-1.1281801175181874,0.075182013549635,-0.7385119159335809,0.8924391625290512,1.0,0.0,1.0,1.0,0.0,1.0,1.0,1.0,1.0,1.0,0
-1.2342829739381762,-1.3324405249087847,-1.2559477556892862,-0.4889801842575688,-0.55127918854463,1.0,0.0,1.0,1.0,0.0,1.0,1.0,1.0,1.0,1.0,0
-0.18434453690115418,0.07468672600421916,0.8422737449754539,0.7586784741224916,-0.07003973818673623,0.0,1.0,1.0,1.0,0.0,1.0,1.0,1.0,1.0,1.0,0
-0.7676436685883887,-0.15226928220755565,-1.3010707987143342,-1.071220891501597,-0.20128686101161633,0.0,1.0,1.0,1.0,0.0,1.0,1.0,1.0,1.0,1.0,0
-0.7676436685883887,-0.5607900969887503,-1.1431401481266656,0.34279225466247143,0.192454507463024,1.0,0.0,1.0,1.0,0.0,1.0,1.0,1.0,1.0,1.0,0
-1.3509428002756232,-0.5607900969887503,0.7520276589253576,0.5923239863384835,0.629944916879291,0.0,1.0,1.0,1.0,0.0,1.0,1.0,1.0,1.0,1.0,0
0.16563494211118654,0.30164273421599397,-0.5114175457759913,-0.7385119159335809,0.017458343696517182,1.0,0.0,1.0,1.0,0.0,1.0,1.0,1.0,1.0,1.0,0
0.748934073798421,0.5285987424277687,-0.3083638521632745,-0.32262569647356076,0.4549487531127842,1.0,0.0,1.0,1.0,0.0,1.0,1.0,1.0,1.0,1.0,0
2.148851989847784,1.1640755654207382,0.48128940077506854,0.34279225466247143,0.10495642557977058,1.0,0.0,1.0,1.0,0.0,1.0,1.0,1.0,1.0,1.0,1
0.04897511577373963,-0.5153988953463954,-1.9553549225775329,-0.07309396479754869,0.2799525893462774,1.0,0.0,1.0,1.0,0.0,1.0,1.0,1.0,1.0,1.0,0
0.04897511577373963,1.7541611867713527,0.5038509222875927,-0.32262569647356076,0.1487054665213973,0.0,1.0,1.0,1.0,0.0,1.0,1.0,1.0,1.0,1.0,1
-0.5343240159134949,-1.4686141298358495,0.7069046159003094,-0.23944845258155673,0.2362035484046507,1.0,0.0,1.0,1.0,0.0,1.0,1.0,1.0,1.0,1.0,0
-0.18434453690115418,-0.5607900969887503,0.3684817932124481,-0.4889801842575688,0.7174429987625445,1.0,0.0,1.0,1.0,0.0,1.0,1.0,1.0,1.0,1.0,0
0.748934073798421,0.07468672600421916,2.3313341648020436,-2.1525250620976495,-0.4200320657197499,0.0,1.0,1.0,1.0,0.0,1.0,1.0,1.0,1.0,1.0,1
1.5655528581605493,0.1427735284677516,0.345920271699924,-1.320752623177609,-0.11378877912836292,0.0,1.0,1.0,1.0,0.0,1.0,1.0,1.0,1.0,1.0,0
-1.2342829739381762,-0.878528508485235,0.2331126641373036,0.34279225466247143,0.017458343696517182,0.0,1.0,1.0,1.0,0.0,1.0,1.0,1.0,1.0,1.0,0
-1.0009633212632825,-1.0827889158758324,-0.3760484167008467,1.5072736691505277,-0.15753782006998962,1.0,0.0,1.0,1.0,0.0,1.0,1.0,1.0,1.0,1.0,0
1.0989135528107616,-0.016095677280490765,-0.2632408091382263,-1.4871071109616172,0.2799525893462774,1.0,0.0,1.0,1.0,0.0,1.0,1.0,1.0,1.0,1.0,0
1.0989135528107616,-0.969310911769945,-1.0980171051016174,-0.07309396479754869,-1.6450052120852976,0.0,1.0,1.0,1.0,0.0,1.0,1.0,1.0,1.0,1.0,0
-0.8843034949258356,-0.10687808056520069,-0.6242251533386117,-1.320752623177609,-1.1637657617274038,0.0,1.0,1.0,1.0,0.0,1.0,1.0,1.0,1.0,1.0,0
1.0989135528107616,0.8009459522818986,-0.6242251533386117,1.1745646935825116,0.2799525893462774,1.0,0.0,1.0,1.0,0.0,1.0,1.0,1.0,1.0,1.0,1
0.3989545947860803,0.46051193996423634,-0.8724018899763767,-1.5702843548536212,-0.15753782006998962,0.0,1.0,1.0,1.0,0.0,1.0,1.0,1.0,1.0,1.0,1
1.5655528581605493,1.572596380201933,2.8051261165650496,0.7586784741224916,0.936188203470678,1.0,0.0,1.0,1.0,0.0,1.0,1.0,1.0,1.0,1.0,1
-1.584262452950517,-0.03879127810166825,0.18798962111225542,2.006337132502552,-0.8575224751360169,0.0,1.0,1.0,1.0,0.0,1.0,1.0,1.0,1.0,1.0,0
-0.18434453690115418,-1.2870493232664297,0.345920271699924,-0.4889801842575688,-0.20128686101161633,0.0,1.0,1.0,1.0,0.0,1.0,1.0,1.0,1.0,1.0,0
-1.4676026266130702,0.21086033093128403,-1.729739707452292,1.5072736691505277,1.373678612886945,1.0,0.0,1.0,1.0,0.0,1.0,1.0,1.0,1.0,1.0,0
0.28229476844863344,0.4832075407854138,0.6392200513627372,-2.1525250620976495,-0.2887849428948697,0.0,1.0,1.0,1.0,0.0,1.0,1.0,1.0,1.0,1.0,0
-0.6509838422509417,-0.10687808056520069,-0.33092537367579855,2.006337132502552,0.10495642557977058,1.0,0.0,1.0,1.0,0.0,1.0,1.0,1.0,1.0,1.0,0
-0.3010043632386011,0.21086033093128403,0.9099583095130261,-0.07309396479754869,0.1487054665213973,0.0,1.0,1.0,1.0,0.0,1.0,1.0,1.0,1.0,1.0,0
-0.6509838422509417,-0.016095677280490765,-0.17299472308812996,2.838109571422592,-0.07003973818673623,0.0,1.0,1.0,1.0,0.0,1.0,1.0,1.0,1.0,1.0,1
-0.18434453690115418,-0.6288768994522828,1.5416809118637007,-0.4889801842575688,0.10495642557977058,1.0,0.0,1.0,1.0,0.0,1.0,1.0,1.0,1.0,1.0,0
-0.8843034949258356,-0.92391971012759,-0.714471239388708,0.2596150107704674,-0.9450205570192703,1.0,0.0,1.0,1.0,0.0,1.0,1.0,1.0,1.0,1.0,0
-0.6509838422509417,0.3924251375007039,-0.1053101585505577,-0.07309396479754869,-0.15753782006998962,0.0,1.0,1.0,1.0,0.0,1.0,1.0,1.0,1.0,1.0,1
-0.06768471056370727,0.6647723473548336,1.5191193903511766,-0.4889801842575688,-0.20128686101161633,0.0,1.0,1.0,1.0,0.0,1.0,1.0,1.0,1.0,1.0,0
0.9822537264733149,0.8463371539242535,0.09774353506215908,-0.904866403717589,0.3674506712295308,0.0,1.0,1.0,1.0,0.0,1.0,1.0,1.0,1.0,1.0,0
-0.3010043632386011,-0.22035608467108808,0.7971507019504057,0.34279225466247143,-0.4200320657197499,1.0,0.0,1.0,1.0,0.0,1.0,1.0,1.0,1.0,1.0,0
-1.3509428002756232,-0.5380944961675728,0.3910433147249722,-0.07309396479754869,-0.15753782006998962,1.0,0.0,1.0,1.0,0.0,1.0,1.0,1.0,1.0,1.0,0
0.8655939001358679,-0.061486878922845725,-0.6016636318260876,-0.4889801842575688,-0.20128686101161633,1.0,0.0,1.0,1.0,0.0,1.0,1.0,1.0,1.0,1.0,0
-0.18434453690115418,-0.92391971012759,0.32335875018739996,0.34279225466247143,0.2799525893462774,0.0,1.0,1.0,1.0,0.0,1.0,1.0,1.0,1.0,1.0,0
0.3989545947860803,-0.4246164920616854,-1.797424271989864,-0.07309396479754869,0.2799525893462774,0.0,1.0,1.0,1.0,0.0,1.0,1.0,1.0,1.0,1.0,0
0.04897511577373963,1.481813976917223,1.6996115624513692,-0.32262569647356076,0.06120738463814389,1.0,0.0,1.0,1.0,0.0,1.0,1.0,1.0,1.0,1.0,0
1.4488930318231024,0.8917283555666085,1.6093654764012728,-0.07309396479754869,-0.24503590195324304,1.0,0.0,1.0,1.0,0.0,1.0,1.0,1.0,1.0,1.0,0
-0.41766418957604795,0.18816473011010657,-0.3760484167008467,0.34279225466247143,-0.5075301476030033,0.0,1.0,1.0,1.0,0.0,1.0,1.0,1.0,1.0,1.0,0
-0.6509838422509417,-0.6515725002734603,-2.1809701377027735,0.34279225466247143,0.017458343696517182,1.0,0.0,1.0,1.0,0.0,1.0,1.0,1.0,1.0,1.0,0
-0.8843034949258356,-0.5607900969887503,-0.4662945027509431,1.0082102057985036,0.2799525893462774,1.0,0.0,1.0,1.0,0.0,1.0,1.0,1.0,1.0,1.0,0
0.5156144211235272,-0.24305168549226558,2.173403514214375,1.1745646935825116,-0.8575224751360169,0.0,1.0,1.0,1.0,0.0,1.0,1.0,1.0,1.0,1.0,1
1.6822126844979963,0.5285987424277687,1.4288733043010802,-0.07309396479754869,0.8924391625290512,1.0,0.0,1.0,1.0,0.0,1.0,1.0,1.0,1.0,1.0,0
-1.4676026266130702,-0.9012241093064125,-0.8272788469513285,-0.904866403717589,-0.6387772704278833,1.0,0.0,1.0,1.0,0.0,1.0,1.0,1.0,1.0,1.0,0
0.28229476844863344,-0.12957368138637818,-0.03762559401298544,-0.904866403717589,-0.11378877912836292,1.0,0.0,1.0,1.0,0.0,1.0,1.0,1.0,1.0,1.0,1
0.6322742474609742,-0.7877461052005251,0.864835266487978,-0.23944845258155673,-0.11378877912836292,0.0,1.0,1.0,1.0,0.0,1.0,1.0,1.0,1.0,1.0,1
0.28229476844863344,-0.016095677280490765,-0.4888560242634672,-0.4058029403655648,-0.2887849428948697,1.0,0.0,1.0,1.0,0.0,1.0,1.0,1.0,1.0,1.0,0
0.6322742474609742,1.2094667670630932,0.05262049203711091,-0.07309396479754869,-0.46378110666137656,0.0,1.0,1.0,1.0,0.0,1.0,1.0,1.0,1.0,1.0,1
-1.0009633212632825,-0.4246164920616854,-1.0077710190515212,-1.154398135393601,0.3674506712295308,1.0,0.0,1.0,1.0,0.0,1.0,1.0,1.0,1.0,1.0,1
0.04897511577373963,-1.2416581216240747,-0.6016636318260876,-1.320752623177609,0.192454507463024,1.0,0.0,1.0,1.0,0.0,1.0,1.0,1.0,1.0,1.0,0
-1.0009633212632825,0.3470339358583489,0.7069046159003094,-0.07309396479754869,0.3674506712295308,1.0,0.0,1.0,1.0,0.0,1.0,1.0,1.0,1.0,1.0,0
1.5655528581605493,-0.37922529041933045,-0.3986099382133708,-0.8216891598255849,-0.24503590195324304,1.0,0.0,1.0,1.0,0.0,1.0,1.0,1.0,1.0,1.0,0
-0.5343240159134949,-1.6955701380476242,-0.33092537367579855,-0.07309396479754869,-0.20128686101161633,1.0,0.0,1.0,1.0,0.0,1.0,1.0,1.0,1.0,1.0,0
0.5156144211235272,0.6420767465336562,1.406311782788556,2.006337132502552,-0.46378110666137656,0.0,1.0,1.0,1.0,0.0,1.0,1.0,1.0,1.0,1.0,1
-1.0009633212632825,0.21086033093128403,-0.4211714597258949,-1.320752623177609,0.2799525893462774,0.0,1.0,1.0,1.0,0.0,1.0,1.0,1.0,1.0,1.0,0
1.4488930318231024,1.481813976917223,1.5191193903511766,0.34279225466247143,-0.02629069724510952,1.0,0.0,1.0,1.0,0.0,1.0,1.0,1.0,1.0,1.0,0
0.5156144211235272,-0.5153988953463954,0.6392200513627372,-1.320752623177609,-0.6387772704278833,0.0,1.0,1.0,1.0,0.0,1.0,1.0,1.0,1.0,1.0,0
1.4488930318231024,-0.2884428871346205,-1.6394936214021956,-0.8216891598255849,-0.55127918854463,0.0,1.0,1.0,1.0,0.0,1.0,1.0,1.0,1.0,1.0,0
1.2155733791482086,1.8903347916984177,-0.12787168006308178,0.7586784741224916,0.017458343696517182,1.0,0.0,1.0,1.0,0.0,1.0,1.0,1.0,1.0,1.0,0
-1.2342829739381762,0.029295524361864195,-0.9175249330014248,0.7586784741224916,-0.07003973818673623,1.0,0.0,1.0,1.0,0.0,1.0,1.0,1.0,1.0,1.0,0
0.9822537264733149,0.8463371539242535,0.2782357071623518,-0.07309396479754869,0.10495642557977058,1.0,0.0,1.0,1.0,0.0,1.0,1.0,1.0,1.0,1.0,0
0.3989545947860803,1.391031573632513,0.6617815728752613,1.1745646935825116,-0.11378877912836292,0.0,1.0,1.0,1.0,0.0,1.0,1.0,1.0,1.0,1.0,1
-0.5343240159134949,1.527205178559578,-0.21811776611317812,-1.4871071109616172,0.1487054665213973,0.0,1.0,1.0,1.0,0.0,1.0,1.0,1.0,1.0,1.0,0
1.91553233717289,0.5739899440701237,0.8197122234629298,-0.5721574281495728,-0.33253398383649646,0.0,1.0,1.0,1.0,0.0,1.0,1.0,1.0,1.0,1.0,1
-1.1176231476007294,0.3924251375007039,-1.1657016696391898,-0.7385119159335809,-0.4200320657197499,0.0,1.0,1.0,1.0,0.0,1.0,1.0,1.0,1.0,1.0,0
-0.06768471056370727,-1.6501789364052692,-0.6467866748511357,-0.904866403717589,0.7174429987625445,1.0,0.0,1.0,1.0,0.0,1.0,1.0,1.0,1.0,1.0,0
-1.8175821056254107,-1.1054845166970098,-1.0754555835890933,0.17643776687846338,0.2799525893462774,1.0,0.0,1.0,1.0,0.0,1.0,1.0,1.0,1.0,1.0,0
-0.06768471056370727,-0.22035608467108808,0.6166585298502131,0.010083279094455335,-0.5075301476030033,0.0,1.0,1.0,1.0,0.0,1.0,1.0,1.0,1.0,1.0,0
0.16563494211118654,-0.061486878922845725,1.3160656967384599,0.7586784741224916,-0.20128686101161633,1.0,0.0,1.0,1.0,0.0,1.0,1.0,1.0,1.0,1.0,0
0.5156144211235272,-0.016095677280490765,-0.9400864545139489,-0.07309396479754869,0.8049410806457978,0.0,1.0,1.0,1.0,0.0,1.0,1.0,1.0,1.0,1.0,0
-1.3509428002756232,-0.40192089124050795,-0.8047173254388044,0.2596150107704674,-0.20128686101161633,1.0,0.0,1.0,1.0,0.0,1.0,1.0,1.0,1.0,1.0,0
-1.1176231476007294,0.18816473011010657,2.2185265572394233,0.7586784741224916,-0.24503590195324304,0.0,1.0,1.0,1.0,0.0,1.0,1.0,1.0,1.0,1.0,0
0.5156144211235272,-0.5607900969887503,-0.12787168006308178,0.7586784741224916,-0.15753782006998962,1.0,0.0,1.0,1.0,0.0,1.0,1.0,1.0,1.0,1.0,0
1.0989135528107616,0.5285987424277687,0.12030505657468317,-0.32262569647356076,-0.15753782006998962,0.0,1.0,1.0,1.0,0.0,1.0,1.0,1.0,1.0,1.0,0
0.5156144211235272,-0.10687808056520069,-0.4211714597258949,-0.32262569647356076,0.1487054665213973,1.0,0.0,1.0,1.0,0.0,1.0,1.0,1.0,1.0,1.0,0
1.0989135528107616,2.253464404837257,1.8801037345515619,1.0082102057985036,-0.15753782006998962,1.0,0.0,1.0,1.0,0.0,1.0,1.0,1.0,1.0,1.0,1
1.2155733791482086,-0.061486878922845725,0.2331126641373036,1.5904509130425317,0.5424468349960376,1.0,0.0,1.0,1.0,0.0,1.0,1.0,1.0,1.0,1.0,1
0.16563494211118654,-1.0147021134123,0.05262049203711091,0.9250329619064996,-0.15753782006998962,1.0,0.0,1.0,1.0,0.0,1.0,1.0,1.0,1.0,1.0,0
-0.18434453690115418,0.09738232682539663,-0.6016636318260876,-0.904866403717589,0.2362035484046507,0.0,1.0,1.0,1.0,0.0,1.0,1.0,1.0,1.0,1.0,0
0.9822537264733149,0.5285987424277687,1.135573524638267,-0.5721574281495728,-0.5950282294862567,1.0,0.0,1.0,1.0,0.0,1.0,1.0,1.0,1.0,1.0,0
1.2155733791482086,-0.83313730684288,-1.210824712664238,-0.07309396479754869,-0.988769597960897,0.0,1.0,1.0,1.0,0.0,1.0,1.0,1.0,1.0,1.0,0
1.798872510835443,0.7782503514607211,1.1806965676633152,-0.4889801842575688,0.192454507463024,1.0,0.0,1.0,1.0,0.0,1.0,1.0,1.0,1.0,1.0,0
0.28229476844863344,-0.4927032945252179,-0.4211714597258949,0.2596150107704674,0.1487054665213973,1.0,0.0,1.0,1.0,0.0,1.0,1.0,1.0,1.0,1.0,0
1.2155733791482086,0.3470339358583489,-0.7595942824137561,-1.320752623177609,0.06120738463814389,0.0,1.0,1.0,1.0,0.0,1.0,1.0,1.0,1.0,1.0,0
0.16563494211118654,0.256251532573639,-2.3389007882904425,0.34279225466247143,-0.7262753523111368,0.0,1.0,1.0,1.0,0.0,1.0,1.0,1.0,1.0,1.0,1
0.16563494211118654,-0.7650505043793476,-0.15043320157560586,-2.3188795498816575,0.1487054665213973,0.0,1.0,1.0,1.0,0.0,1.0,1.0,1.0,1.0,1.0,0
-0.5343240159134949,0.8009459522818986,-0.5339790672885153,-0.904866403717589,-0.4200320657197499,1.0,0.0,1.0,1.0,0.0,1.0,1.0,1.0,1.0,1.0,0
-0.41766418957604795,-0.37922529041933045,-0.4662945027509431,2.006337132502552,0.936188203470678,0.0,1.0,1.0,1.0,0.0,1.0,1.0,1.0,1.0,1.0,0
1.2155733791482086,-0.24305168549226558,2.0605959066517547,-0.07309396479754869,-0.8137734341943902,1.0,0.0,1.0,1.0,0.0,1.0,1.0,1.0,1.0,1.0,1
-0.3010043632386011,-0.7877461052005251,-0.8949634114889007,-2.1525250620976495,-0.68252631136951,0.0,1.0,1.0,1.0,0.0,1.0,1.0,1.0,1.0,1.0,0
-0.41766418957604795,0.6647723473548336,1.067888960100695,0.34279225466247143,-0.15753782006998962,1.0,0.0,1.0,1.0,0.0,1.0,1.0,1.0,1.0,1.0,0
-1.0009633212632825,-0.5153988953463954,-1.8199857935023882,-0.4889801842575688,0.192454507463024,1.0,0.0,1.0,1.0,0.0,1.0,1.0,1.0,1.0,1.0,0
-1.1176231476007294,0.8009459522818986,0.6843430943877853,1.4240964252585238,-0.33253398383649646,1.0,0.0,1.0,1.0,0.0,1.0,1.0,1.0,1.0,1.0,0
-0.18434453690115418,2.0265083966254824,0.30079722867487585,-0.07309396479754869,-0.55127918854463,0.0,1.0,1.0,1.0,0.0,1.0,1.0,1.0,1.0,1.0,1
-0.8843034949258356,0.16546912928892907,-1.3687553632519065,0.34279225466247143,-0.37628302477812314,1.0,0.0,1.0,1.0,0.0,1.0,1.0,1.0,1.0,1.0,0
-0.6509838422509417,-0.878528508485235,-1.3236323202268583,-0.988043647609593,-0.33253398383649646,1.0,0.0,1.0,1.0,0.0,1.0,1.0,1.0,1.0,1.0,0
0.9822537264733149,-0.22035608467108808,0.7971507019504057,0.17643776687846338,-0.68252631136951,0.0,1.0,1.0,1.0,0.0,1.0,1.0,1.0,1.0,1.0,1
2.2655118161852306,-0.6969637019158151,1.1130120031257429,0.7586784741224916,0.936188203470678,1.0,0.0,1.0,1.0,0.0,1.0,1.0,1.0,1.0,1.0,0
0.8655939001358679,0.30164273421599397,0.345920271699924,0.6755012302304875,-0.5075301476030033,1.0,0.0,1.0,1.0,0.0,1.0,1.0,1.0,1.0,1.0,1
-0.18434453690115418,0.3470339358583489,1.5642424333762246,-0.904866403717589,-0.5075301476030033,0.0,1.0,1.0,1.0,0.0,1.0,1.0,1.0,1.0,1.0,0
-1.8175821056254107,-1.8090481421535116,-1.752301228964816,-0.904866403717589,-0.5950282294862567,1.0,0.0,1.0,1.0,0.0,1.0,1.0,1.0,1.0,1.0,0
-0.41766418957604795,-1.4686141298358495,-1.707178185939768,-0.07309396479754869,-0.9450205570192703,1.0,0.0,1.0,1.0,0.0,1.0,1.0,1.0,1.0,1.0,0
-0.5343240159134949,0.8463371539242535,-0.0827486370380336,0.17643776687846338,0.5861958759376643,0.0,1.0,1.0,1.0,0.0,1.0,1.0,1.0,1.0,1.0,0
-0.8843034949258356,-0.878528508485235,-1.5041244923270511,-0.4889801842575688,-0.7262753523111368,1.0,0.0,1.0,1.0,0.0,1.0,1.0,1.0,1.0,1.0,1
0.16563494211118654,-0.7877461052005251,-0.8272788469513285,0.17643776687846338,-0.15753782006998962,0.0,1.0,1.0,1.0,0.0,1.0,1.0,1.0,1.0,1.0,1
-1.0009633212632825,-1.4686141298358495,-0.9852094975389971,-1.320752623177609,-0.55127918854463,0.0,1.0,1.0,1.0,0.0,1.0,1.0,1.0,1.0,1.0,0
0.5156144211235272,0.23355593175246153,1.158135046150791,-0.6553346720415768,-0.15753782006998962,1.0,0.0,1.0,1.0,0.0,1.0,1.0,1.0,1.0,1.0,0
0.04897511577373963,0.256251532573639,-0.7821558039262803,2.838109571422592,0.7174429987625445,1.0,0.0,1.0,1.0,0.0,1.0,1.0,1.0,1.0,1.0,0
0.8655939001358679,2.2761600056584346,0.3910433147249722,0.09326052298645936,-0.4200320657197499,1.0,0.0,1.0,1.0,0.0,1.0,1.0,1.0,1.0,1.0,0
0.3989545947860803,-0.9012241093064125,1.2483811322008875,-0.7385119159335809,0.017458343696517182,0.0,1.0,1.0,1.0,0.0,1.0,1.0,1.0,1.0,1.0,0
1.6822126844979963,0.029295524361864195,0.9776428740505985,-1.8198160865296331,-0.7262753523111368,1.0,0.0,1.0,1.0,0.0,1.0,1.0,1.0,1.0,1.0,0
-0.6509838422509417,0.256251532573639,-0.15043320157560586,-0.07309396479754869,0.49869779405441095,0.0,1.0,1.0,1.0,0.0,1.0,1.0,1.0,1.0,1.0,0
0.3989545947860803,1.0732931621360282,1.2935041752259357,1.5072736691505277,1.4611766947701983,1.0,0.0,1.0,1.0,0.0,1.0,1.0,1.0,1.0,1.0,0
-1.584262452950517,-0.37922529041933045,-0.8047173254388044,1.5904509130425317,0.8049410806457978,1.0,0.0,1.0,1.0,0.0,1.0,1.0,1.0,1.0,1.0,0
0.748934073798421,-0.5153988953463954,0.7294661374128335,-2.1525250620976495,-0.68252631136951,1.0,0.0,1.0,1.0,0.0,1.0,1.0,1.0,1.0,1.0,0
-0.8843034949258356,-0.4473120928828629,-0.2632408091382263,1.1745646935825116,0.3674506712295308,0.0,1.0,1.0,1.0,0.0,1.0,1.0,1.0,1.0,1.0,0
1.4488930318231024,0.9825107588513183,0.075182013549635,-1.7366388426376291,-0.6387772704278833,1.0,0.0,1.0,1.0,0.0,1.0,1.0,1.0,1.0,1.0,0
0.8655939001358679,0.3924251375007039,-0.6919097178761839,-1.071220891501597,-0.55127918854463,0.0,1.0,1.0,1.0,0.0,1.0,1.0,1.0,1.0,1.0,0
-0.6509838422509417,-0.8558329076640575,-0.4662945027509431,-0.988043647609593,-0.20128686101161633,0.0,1.0,1.0,1.0,0.0,1.0,1.0,1.0,1.0,1.0,0
-0.06768471056370727,0.21086033093128403,-0.714471239388708,2.006337132502552,-0.33253398383649646,1.0,0.0,1.0,1.0,0.0,1.0,1.0,1.0,1.0,1.0,1
-0.41766418957604795,1.5499007793807553,0.05262049203711091,2.838109571422592,-0.5075301476030033,1.0,0.0,1.0,1.0,0.0,1.0,1.0,1.0,1.0,1.0,0
0.748934073798421,-0.2884428871346205,0.5715354868251649,1.1745646935825116,1.4611766947701983,1.0,0.0,1.0,1.0,0.0,1.0,1.0,1.0,1.0,1.0,0
0.16563494211118654,0.23355593175246153,2.3087726432895197,0.34279225466247143,0.1487054665213973,0.0,1.0,1.0,1.0,0.0,1.0,1.0,1.0,1.0,1.0,1
1.5655528581605493,0.7101635489971886,-1.0528940620765692,-0.32262569647356076,0.192454507463024,0.0,1.0,1.0,1.0,0.0,1.0,1.0,1.0,1.0,1.0,0
-1.1176231476007294,-1.6501789364052692,-0.6242251533386117,-1.9861705743136413,-0.5075301476030033,1.0,0.0,1.0,1.0,0.0,1.0,1.0,1.0,1.0,1.0,0
-1.700922279287964,-1.0147021134123,-1.3461938417393824,-0.904866403717589,0.10495642557977058,1.0,0.0,1.0,1.0,0.0,1.0,1.0,1.0,1.0,1.0,0
0.3989545947860803,-0.15226928220755565,-1.210824712664238,0.17643776687846338,-0.07003973818673623,1.0,0.0,1.0,1.0,0.0,1.0,1.0,1.0,1.0,1.0,0
-1.584262452950517,-1.2416581216240747,-1.2785092772018103,2.17269162028656,-0.15753782006998962,1.0,0.0,1.0,1.0,0.0,1.0,1.0,1.0,1.0,1.0,0
-0.6509838422509417,-0.83313730684288,0.9099583095130261,-1.154398135393601,-0.24503590195324304,0.0,1.0,1.0,1.0,0.0,1.0,1.0,1.0,1.0,1.0,0
-0.06768471056370727,-0.3338340887769755,-0.1053101585505577,-0.4889801842575688,-0.20128686101161633,1.0,0.0,1.0,1.0,0.0,1.0,1.0,1.0,1.0,1.0,0
-0.06768471056370727,-0.3338340887769755,-0.7595942824137561,-0.32262569647356076,-0.15753782006998962,1.0,0.0,1.0,1.0,0.0,1.0,1.0,1.0,1.0,1.0,0
-0.18434453690115418,0.5285987424277687,-0.4662945027509431,-0.7385119159335809,0.1487054665213973,0.0,1.0,1.0,1.0,0.0,1.0,1.0,1.0,1.0,1.0,0
0.28229476844863344,1.0279019604936734,0.2556741856498277,-0.07309396479754869,-0.5075301476030033,1.0,0.0,1.0,1.0,0.0,1.0,1.0,1.0,1.0,1.0,0
0.748934073798421,-0.4700076937040404,-0.3760484167008467,-0.4058029403655648,0.49869779405441095,1.0,0.0,1.0,1.0,0.0,1.0,1.0,1.0,1.0,1.0,1
-1.2342829739381762,0.32433833503717147,-0.714471239388708,-0.7385119159335809,0.1487054665213973,1.0,0.0,1.0,1.0,0.0,1.0,1.0,1.0,1.0,1.0,0
-1.1176231476007294,-1.1508757183393648,-1.1205786266141415,-1.320752623177609,-0.6387772704278833,1.0,0.0,1.0,1.0,0.0,1.0,1.0,1.0,1.0,1.0,0
1.0989135528107616,0.7101635489971886,2.444141772364664,0.2596150107704674,-0.9450205570192703,1.0,0.0,1.0,1.0,0.0,1.0,1.0,1.0,1.0,1.0,0
-1.1176231476007294,0.41512073832188134,-1.0077710190515212,0.010083279094455335,-0.15753782006998962,0.0,1.0,1.0,1.0,0.0,1.0,1.0,1.0,1.0,1.0,0
-1.1176231476007294,-0.3338340887769755,-0.714471239388708,0.5923239863384835,0.7611920397041712,1.0,0.0,1.0,1.0,0.0,1.0,1.0,1.0,1.0,1.0,0
-1.4676026266130702,-0.92391971012759,-1.752301228964816,0.8418557180144955,-0.15753782006998962,1.0,0.0,1.0,1.0,0.0,1.0,1.0,1.0,1.0,1.0,0
-0.7676436685883887,0.12007792764657411,-0.5565405888010394,2.006337132502552,-0.2887849428948697,0.0,1.0,1.0,1.0,0.0,1.0,1.0,1.0,1.0,1.0,0
0.6322742474609742,-0.37922529041933045,1.6093654764012728,-0.07309396479754869,-0.5950282294862567,1.0,0.0,1.0,1.0,0.0,1.0,1.0,1.0,1.0,1.0,0
-0.06768471056370727,-0.83313730684288,0.007497449012062735,1.0082102057985036,0.4549487531127842,0.0,1.0,1.0,1.0,0.0,1.0,1.0,1.0,1.0,1.0,0
-0.6509838422509417,-1.1508757183393648,-1.729739707452292,4.085768229802652,-0.15753782006998962,1.0,0.0,1.0,1.0,0.0,1.0,1.0,1.0,1.0,1.0,0
-0.8843034949258356,-0.061486878922845725,-0.19555624460065404,-0.32262569647356076,-0.15753782006998962,1.0,0.0,1.0,1.0,0.0,1.0,1.0,1.0,1.0,1.0,0
-1.2342829739381762,-0.7650505043793476,1.067888960100695,-0.988043647609593,-0.15753782006998962,1.0,0.0,1.0,1.0,0.0,1.0,1.0,1.0,1.0,1.0,0
1.4488930318231024,-1.3551361257299621,2.4667032938771882,0.34279225466247143,13.667159117484049,0.0,1.0,1.0,0.0,1.0,1.0,1.0,1.0,1.0,1.0,1
1.2155733791482086,0.3470339358583489,0.030058970524586823,0.34279225466247143,0.2799525893462774,1.0,0.0,1.0,1.0,0.0,1.0,1.0,1.0,1.0,1.0,0
0.04897511577373963,1.2094667670630932,-1.5718090568646232,-0.07309396479754869,0.2362035484046507,0.0,1.0,1.0,1.0,0.0,1.0,1.0,1.0,1.0,1.0,0
-1.1176231476007294,-0.5607900969887503,1.0227659170756467,-1.320752623177609,-0.15753782006998962,0.0,1.0,1.0,1.0,0.0,1.0,1.0,1.0,1.0,1.0,0
0.5156144211235272,-1.6501789364052692,-0.714471239388708,0.7586784741224916,-0.2887849428948697,1.0,0.0,1.0,1.0,0.0,1.0,1.0,1.0,1.0,1.0,0
1.3322332054856556,-0.6061812986311053,0.030058970524586823,0.34279225466247143,-0.2887849428948697,0.0,1.0,1.0,1.0,0.0,1.0,1.0,1.0,1.0,1.0,0
-0.6509838422509417,0.006599923540686714,0.16542809959973134,-1.4871071109616172,0.192454507463024,1.0,0.0,1.0,1.0,0.0,1.0,1.0,1.0,1.0,1.0,0
0.9822537264733149,0.9371195572089634,-0.9400864545139489,-1.320752623177609,-0.37628302477812314,1.0,0.0,1.0,1.0,0.0,1.0,1.0,1.0,1.0,1.0,0
0.3989545947860803,-0.24305168549226558,0.12030505657468317,-0.4889801842575688,-0.33253398383649646,1.0,0.0,1.0,1.0,0.0,1.0,1.0,1.0,1.0,1.0,0
-1.2342829739381762,-1.1508757183393648,-1.8876703580399605,-0.07309396479754869,0.017458343696517182,1.0,0.0,1.0,1.0,0.0,1.0,1.0,1.0,1.0,1.0,0
0.3989545947860803,0.43781633914305884,1.5868039548887487,0.7586784741224916,-0.9450205570192703,1.0,0.0,1.0,1.0,0.0,1.0,1.0,1.0,1.0,1.0,0
1.2155733791482086,-0.15226928220755565,-1.3913168847644306,-0.904866403717589,-0.2887849428948697,0.0,1.0,1.0,1.0,0.0,1.0,1.0,1.0,1.0,1.0,0
-1.2342829739381762,-0.7423549035581701,-0.4662945027509431,0.010083279094455335,-0.46378110666137656,1.0,0.0,1.0,1.0,0.0,1.0,1.0,1.0,1.0,1.0,0
1.5655528581605493,-0.061486878922845725,0.7745891804378817,-0.32262569647356076,1.1111843672371848,0.0,1.0,1.0,1.0,0.0,1.0,1.0,1.0,1.0,1.0,1
1.798872510835443,-0.4246164920616854,-0.9852094975389971,-1.320752623177609,0.629944916879291,1.0,0.0,1.0,1.0,0.0,1.0,1.0,1.0,1.0,1.0,0
1.5655528581605493,2.0265083966254824,1.5642424333762246,1.1745646935825116,1.9424161451280921,1.0,0.0,1.0,1.0,0.0,1.0,1.0,1.0,1.0,1.0,1
1.798872510835443,0.30164273421599397,-0.6693481963636598,0.34279225466247143,-0.37628302477812314,0.0,1.0,1.0,1.0,0.0,1.0,1.0,1.0,1.0,1.0,0
1.6822126844979963,3.342853244253776,0.594097008337689,-0.4889801842575688,0.4111997121711575,1.0,0.0,1.0,1.0,0.0,1.0,1.0,1.0,1.0,1.0,0
-1.584262452950517,-1.1508757183393648,-0.6242251533386117,-0.07309396479754869,-0.37628302477812314,1.0,0.0,1.0,1.0,0.0,1.0,1.0,1.0,1.0,1.0,0
-0.41766418957604795,-0.9012241093064125,0.30079722867487585,0.5091467424464795,-0.33253398383649646,1.0,0.0,1.0,1.0,0.0,1.0,1.0,1.0,1.0,1.0,0
-0.06768471056370727,-0.40192089124050795,1.9477882990891342,1.3409191813665198,-0.8137734341943902,1.0,0.0,1.0,1.0,0.0,1.0,1.0,1.0,1.0,1.0,1
1.91553233717289,3.660591655750261,-0.2406792876257022,2.006337132502552,-0.6387772704278833,0.0,1.0,1.0,1.0,0.0,1.0,1.0,1.0,1.0,1.0,0
-1.3509428002756232,0.9825107588513183,0.18798962111225542,1.3409191813665198,0.2362035484046507,0.0,1.0,1.0,1.0,0.0,1.0,1.0,1.0,1.0,1.0,0
-0.8843034949258356,-0.15226928220755565,-0.4211714597258949,-0.4889801842575688,-0.37628302477812314,0.0,1.0,1.0,1.0,0.0,1.0,1.0,1.0,1.0,1.0,0
1.798872510835443,1.481813976917223,1.92522677757661,0.34279225466247143,-0.02629069724510952,1.0,0.0,1.0,1.0,0.0,1.0,1.0,1.0,1.0,1.0,0
1.798872510835443,4.65919809188207,0.075182013549635,-0.6553346720415768,9.423502146146259,0.0,1.0,1.0,0.0,1.0,1.0,1.0,1.0,1.0,1.0,1
0.28229476844863344,-0.15226928220755565,-0.7595942824137561,1.1745646935825116,-0.20128686101161633,1.0,0.0,1.0,1.0,0.0,1.0,1.0,1.0,1.0,1.0,0
0.3989545947860803,-0.5153988953463954,0.3684817932124481,0.34279225466247143,-0.5950282294862567,0.0,1.0,1.0,1.0,0.0,1.0,1.0,1.0,1.0,1.0,0
0.8655939001358679,0.9371195572089634,4.406994143954259,1.839982644718544,-0.2887849428948697,1.0,0.0,1.0,1.0,0.0,1.0,1.0,1.0,1.0,1.0,1
1.5655528581605493,2.752767622903162,0.2105511426247795,0.34279225466247143,-0.37628302477812314,0.0,1.0,1.0,1.0,0.0,1.0,1.0,1.0,1.0,1.0,0
0.748934073798421,0.3470339358583489,-0.21811776611317812,1.5904509130425317,-0.15753782006998962,1.0,0.0,1.0,1.0,0.0,1.0,1.0,1.0,1.0,1.0,0
-0.41766418957604795,-0.7877461052005251,0.2556741856498277,1.4240964252585238,0.8049410806457978,1.0,0.0,1.0,1.0,0.0,1.0,1.0,1.0,1.0,1.0,0
1.3322332054856556,-0.4700076937040404,-0.17299472308812996,0.17643776687846338,-0.9012715160776436,1.0,0.0,1.0,1.0,0.0,1.0,1.0,1.0,1.0,1.0,0
-1.584262452950517,-1.1054845166970098,-0.8272788469513285,-0.07309396479754869,-0.55127918854463,1.0,0.0,1.0,1.0,0.0,1.0,1.0,1.0,1.0,1.0,0
0.28229476844863344,-0.9012241093064125,0.7971507019504057,1.1745646935825116,0.06120738463814389,1.0,0.0,1.0,1.0,0.0,1.0,1.0,1.0,1.0,1.0,0
-0.06768471056370727,0.12007792764657411,1.5416809118637007,0.6755012302304875,-0.7262753523111368,0.0,1.0,1.0,1.0,0.0,1.0,1.0,1.0,1.0,1.0,0
-0.7676436685883887,-0.15226928220755565,0.5264124438001168,-0.4889801842575688,-0.8575224751360169,0.0,1.0,1.0,1.0,0.0,1.0,1.0,1.0,1.0,1.0,0
-1.700922279287964,0.006599923540686714,0.864835266487978,-0.07309396479754869,-0.07003973818673623,0.0,1.0,1.0,1.0,0.0,1.0,1.0,1.0,1.0,1.0,0
-0.8843034949258356,1.2775535695266256,-0.01506407250046135,0.7586784741224916,-0.33253398383649646,1.0,0.0,1.0,1.0,0.0,1.0,1.0,1.0,1.0,1.0,0
-1.0009633212632825,0.8009459522818986,-1.0754555835890933,0.7586784741224916,-0.2887849428948697,1.0,0.0,1.0,1.0,0.0,1.0,1.0,1.0,1.0,1.0,0
-1.3509428002756232,-1.0600933150546548,-1.9553549225775329,-0.988043647609593,-0.6387772704278833,0.0,1.0,1.0,1.0,0.0,1.0,1.0,1.0,1.0,1.0,0
-1.0009633212632825,0.30164273421599397,0.12030505657468317,-0.32262569647356076,-0.9450205570192703,1.0,0.0,1.0,1.0,0.0,1.0,1.0,1.0,1.0,1.0,0
0.04897511577373963,0.6647723473548336,-1.4364399277894788,-1.071220891501597,0.1487054665213973,1.0,0.0,1.0,1.0,0.0,1.0,1.0,1.0,1.0,1.0,0
0.04897511577373963,0.5739899440701237,-1.707178185939768,-0.8216891598255849,-0.02629069724510952,1.0,0.0,1.0,1.0,0.0,1.0,1.0,1.0,1.0,1.0,0
0.5156144211235272,3.524418050823196,1.4739963473261284,-0.6553346720415768,-0.11378877912836292,1.0,0.0,1.0,1.0,0.0,1.0,1.0,1.0,1.0,1.0,0
1.0989135528107616,-0.1976604838499106,1.0904504816132188,-0.4889801842575688,-0.07003973818673623,0.0,1.0,1.0,1.0,0.0,1.0,1.0,1.0,1.0,1.0,0
-0.5343240159134949,0.23355593175246153,-0.4662945027509431,0.5923239863384835,1.0236862853539315,0.0,1.0,1.0,1.0,0.0,1.0,1.0,1.0,1.0,1.0,0
0.28229476844863344,0.43781633914305884,1.631926997913797,0.8418557180144955,1.2424314900620648,1.0,0.0,1.0,1.0,0.0,1.0,1.0,1.0,1.0,1.0,0
-0.3010043632386011,-0.10687808056520069,0.007497449012062735,0.34279225466247143,-0.2887849428948697,1.0,0.0,1.0,1.0,0.0,1.0,1.0,1.0,1.0,1.0,0
-1.0009633212632825,-0.8558329076640575,0.9099583095130261,-1.071220891501597,0.3674506712295308,1.0,0.0,1.0,1.0,0.0,1.0,1.0,1.0,1.0,1.0,0
-0.6509838422509417,-0.061486878922845725,2.195965035726899,0.34279225466247143,-0.20128686101161633,0.0,1.0,1.0,1.0,0.0,1.0,1.0,1.0,1.0,1.0,1
0.5156144211235272,1.7087699851289977,-0.2858023306507504,-0.32262569647356076,-0.15753782006998962,0.0,1.0,1.0,1.0,0.0,1.0,1.0,1.0,1.0,1.0,0
0.28229476844863344,0.029295524361864195,-0.3083638521632745,-0.8216891598255849,-0.20128686101161633,0.0,1.0,1.0,1.0,0.0,1.0,1.0,1.0,1.0,1.0,0
0.6322742474609742,-1.1281801175181874,-1.3913168847644306,-0.6553346720415768,-0.11378877912836292,1.0,0.0,1.0,1.0,0.0,1.0,1.0,1.0,1.0,1.0,0
-0.8843034949258356,-0.7423549035581701,0.3684817932124481,-1.320752623177609,0.2799525893462774,0.0,1.0,1.0,1.0,0.0,1.0,1.0,1.0,1.0,1.0,0
-0.7676436685883887,-1.3097449240876071,-0.2406792876257022,1.1745646935825116,-0.6387772704278833,0.0,1.0,1.0,1.0,0.0,1.0,1.0,1.0,1.0,1.0,1
1.2155733791482086,-1.0147021134123,0.5264124438001168,-0.904866403717589,-0.15753782006998962,1.0,0.0,1.0,1.0,0.0,1.0,1.0,1.0,1.0,1.0,0
-1.3509428002756232,-1.6501789364052692,-1.8425473150149123,-1.320752623177609,-0.5950282294862567,1.0,0.0,1.0,1.0,0.0,1.0,1.0,1.0,1.0,1.0,0
0.28229476844863344,-0.2657472863134431,0.3910433147249722,-0.07309396479754869,-0.7262753523111368,1.0,0.0,1.0,1.0,0.0,1.0,1.0,1.0,1.0,1.0,0
-0.41766418957604795,0.256251532573639,0.7520276589253576,1.1745646935825116,-0.7262753523111368,0.0,1.0,1.0,1.0,0.0,1.0,1.0,1.0,1.0,1.0,0
-1.0009633212632825,0.30164273421599397,-0.8498403684638526,-1.154398135393601,-0.8575224751360169,0.0,1.0,1.0,1.0,0.0,1.0,1.0,1.0,1.0,1.0,1
0.8655939001358679,-0.10687808056520069,0.12030505657468317,-1.320752623177609,-1.2512638436106571,0.0,1.0,1.0,1.0,0.0,1.0,1.0,1.0,1.0,1.0,0
1.798872510835443,0.9371195572089634,-0.9852094975389971,-0.07309396479754869,1.1111843672371848,1.0,0.0,1.0,0.0,1.0,1.0,1.0,1.0,1.0,1.0,0
0.04897511577373963,1.1640755654207382,0.030058970524586823,-0.5721574281495728,0.7174429987625445,1.0,0.0,1.0,1.0,0.0,1.0,1.0,1.0,1.0,1.0,0
-0.18434453690115418,0.41512073832188134,1.135573524638267,0.6755012302304875,-0.15753782006998962,0.0,1.0,1.0,1.0,0.0,1.0,1.0,1.0,1.0,1.0,0
0.28229476844863344,-0.8558329076640575,0.2105511426247795,0.7586784741224916,-0.9450205570192703,1.0,0.0,1.0,1.0,0.0,1.0,1.0,1.0,1.0,1.0,0
0.3989545947860803,3.183984038505534,-1.1657016696391898,2.58857783974658,0.9799372444123047,1.0,0.0,1.0,1.0,0.0,1.0,1.0,1.0,1.0,1.0,0
1.0989135528107616,0.16546912928892907,-0.03762559401298544,-1.8198160865296331,0.1487054665213973,0.0,1.0,1.0,1.0,0.0,1.0,1.0,1.0,1.0,1.0,0
-0.06768471056370727,0.7101635489971886,0.075182013549635,-0.904866403717589,-0.5950282294862567,0.0,1.0,1.0,1.0,0.0,1.0,1.0,1.0,1.0,1.0,0
-1.2342829739381762,-0.24305168549226558,0.3684817932124481,0.7586784741224916,-0.2887849428948697,1.0,0.0,1.0,1.0,0.0,1.0,1.0,1.0,1.0,1.0,0
1.6822126844979963,0.5739899440701237,0.30079722867487585,-0.23944845258155673,0.192454507463024,1.0,0.0,1.0,1.0,0.0,1.0,1.0,1.0,1.0,1.0,0
0.9822537264733149,0.6647723473548336,0.05262049203711091,-0.904866403717589,-0.5950282294862567,0.0,1.0,1.0,1.0,0.0,1.0,1.0,1.0,1.0,1.0,0
0.16563494211118654,-0.22035608467108808,0.05262049203711091,-0.4889801842575688,-0.11378877912836292,1.0,0.0,1.0,1.0,0.0,1.0,1.0,1.0,1.0,1.0,0
-1.2342829739381762,-1.2189625208028971,-1.3913168847644306,-0.32262569647356076,-0.4200320657197499,1.0,0.0,1.0,1.0,0.0,1.0,1.0,1.0,1.0,1.0,0
-1.584262452950517,0.3470339358583489,-1.210824712664238,-0.7385119159335809,0.10495642557977058,0.0,1.0,1.0,1.0,0.0,1.0,1.0,1.0,1.0,1.0,0
-0.06768471056370727,-0.4473120928828629,-0.4888560242634672,-1.4871071109616172,-0.9012715160776436,0.0,1.0,1.0,1.0,0.0,1.0,1.0,1.0,1.0,1.0,0
0.8655939001358679,2.752767622903162,1.7672961269889416,-0.4889801842575688,-0.33253398383649646,1.0,0.0,1.0,1.0,0.0,1.0,1.0,1.0,1.0,1.0,0
-0.7676436685883887,-0.7877461052005251,-0.33092537367579855,-0.07309396479754869,-0.55127918854463,0.0,1.0,1.0,1.0,0.0,1.0,1.0,1.0,1.0,1.0,0
-0.18434453690115418,-1.0147021134123,0.7745891804378817,-1.6534615987456251,-0.6387772704278833,1.0,0.0,1.0,1.0,0.0,1.0,1.0,1.0,1.0,1.0,0
0.3989545947860803,-0.83313730684288,-0.19555624460065404,-1.7366388426376291,-0.2887849428948697,0.0,1.0,1.0,1.0,0.0,1.0,1.0,1.0,1.0,1.0,0
0.3989545947860803,3.342853244253776,1.6770500409388451,0.010083279094455335,5.836080788932869,1.0,0.0,1.0,0.0,1.0,1.0,1.0,1.0,1.0,1.0,1
-0.6509838422509417,-0.7423549035581701,0.48128940077506854,-0.07309396479754869,-0.11378877912836292,0.0,1.0,1.0,1.0,0.0,1.0,1.0,1.0,1.0,1.0,0
-0.6509838422509417,-0.5607900969887503,-1.2785092772018103,-1.320752623177609,-0.15753782006998962,1.0,0.0,1.0,1.0,0.0,1.0,1.0,1.0,1.0,1.0,1
-1.1176231476007294,-0.6061812986311053,-0.060187115525509524,-0.07309396479754869,-0.15753782006998962,1.0,0.0,1.0,1.0,0.0,1.0,1.0,1.0,1.0,1.0,0
0.04897511577373963,0.21086033093128403,-0.2632408091382263,-0.4889801842575688,0.4111997121711575,0.0,1.0,1.0,1.0,0.0,1.0,1.0,1.0,1.0,1.0,0
0.28229476844863344,-0.6288768994522828,-0.5791021103135635,0.010083279094455335,-0.07003973818673623,0.0,1.0,1.0,1.0,0.0,1.0,1.0,1.0,1.0,1.0,0
1.4488930318231024,1.9357259933407724,1.0227659170756467,-1.5702843548536212,-0.6387772704278833,1.0,0.0,1.0,1.0,0.0,1.0,1.0,1.0,1.0,1.0,0
-0.06768471056370727,-1.3097449240876071,-0.5791021103135635,-0.07309396479754869,0.2362035484046507,1.0,0.0,1.0,1.0,0.0,1.0,1.0,1.0,1.0,1.0,1
-1.2342829739381762,-0.6061812986311053,-0.9400864545139489,-0.904866403717589,-0.37628302477812314,1.0,0.0,1.0,1.0,0.0,1.0,1.0,1.0,1.0,1.0,0
-1.1176231476007294,-0.92391971012759,0.48128940077506854,0.34279225466247143,-0.5075301476030033,0.0,1.0,1.0,1.0,0.0,1.0,1.0,1.0,1.0,1.0,0
1.6822126844979963,0.7782503514607211,0.7971507019504057,0.7586784741224916,-0.8575224751360169,1.0,0.0,1.0,1.0,0.0,1.0,1.0,1.0,1.0,1.0,0
-1.584262452950517,0.5739899440701237,-1.233386234176762,-0.32262569647356076,-0.5075301476030033,0.0,1.0,1.0,1.0,0.0,1.0,1.0,1.0,1.0,1.0,0
1.0989135528107616,0.3924251375007039,0.9325198310255502,-0.4889801842575688,0.5424468349960376,1.0,0.0,1.0,1.0,0.0,1.0,1.0,1.0,1.0,1.0,0
-0.8843034949258356,-0.8104417060217026,-1.1882631911517139,-0.8216891598255849,-0.988769597960897,0.0,1.0,1.0,1.0,0.0,1.0,1.0,1.0,1.0,1.0,0
0.5156144211235272,1.3683359728113356,-1.3461938417393824,-0.904866403717589,0.49869779405441095,0.0,1.0,1.0,1.0,0.0,1.0,1.0,1.0,1.0,1.0,1
-1.584262452950517,1.617987581844288,-0.5565405888010394,-0.32262569647356076,-0.2887849428948697,0.0,1.0,1.0,1.0,0.0,1.0,1.0,1.0,1.0,1.0,0
1.3322332054856556,0.7101635489971886,-0.962647976026473,2.006337132502552,0.8486901215874245,1.0,0.0,1.0,1.0,0.0,1.0,1.0,1.0,1.0,1.0,0
-0.8843034949258356,-1.6274833355840919,-1.0077710190515212,-1.237575379285605,-0.5950282294862567,1.0,0.0,1.0,1.0,0.0,1.0,1.0,1.0,1.0,1.0,0
-1.4676026266130702,-0.24305168549226558,-1.3236323202268583,0.5091467424464795,-0.15753782006998962,0.0,1.0,1.0,1.0,0.0,1.0,1.0,1.0,1.0,1.0,0
-0.6509838422509417,-0.1976604838499106,-0.5114175457759913,-0.32262569647356076,-0.68252631136951,0.0,1.0,1.0,1.0,0.0,1.0,1.0,1.0,1.0,1.0,0
0.8655939001358679,-0.37922529041933045,0.6392200513627372,-0.23944845258155673,0.8049410806457978,0.0,1.0,1.0,1.0,0.0,1.0,1.0,1.0,1.0,1.0,0
0.3989545947860803,1.572596380201933,0.9550813525380744,1.1745646935825116,0.2362035484046507,1.0,0.0,1.0,1.0,0.0,1.0,1.0,1.0,1.0,1.0,0
0.3989545947860803,0.9825107588513183,-0.03762559401298544,0.34279225466247143,-0.7262753523111368,1.0,0.0,1.0,1.0,0.0,1.0,1.0,1.0,1.0,1.0,0
-1.584262452950517,1.0279019604936734,-1.5718090568646232,4.085768229802652,-0.02629069724510952,0.0,1.0,1.0,1.0,0.0,1.0,1.0,1.0,1.0,1.0,0
-1.4676026266130702,0.43781633914305884,-0.714471239388708,2.006337132502552,0.936188203470678,0.0,1.0,1.0,1.0,0.0,1.0,1.0,1.0,1.0,1.0,0
-0.18434453690115418,-0.7423549035581701,1.9477882990891342,-0.5721574281495728,0.7611920397041712,0.0,1.0,1.0,1.0,0.0,1.0,1.0,1.0,1.0,1.0,0
-1.2342829739381762,0.029295524361864195,-1.0528940620765692,-1.6534615987456251,-0.07003973818673623,1.0,0.0,1.0,1.0,0.0,1.0,1.0,1.0,1.0,1.0,0
1.91553233717289,-1.1054845166970098,-0.0827486370380336,-0.07309396479754869,-0.4200320657197499,0.0,1.0,1.0,1.0,0.0,1.0,1.0,1.0,1.0,1.0,0
-0.8843034949258356,-0.37922529041933045,-0.01506407250046135,-0.904866403717589,-0.9450205570192703,0.0,1.0,1.0,1.0,0.0,1.0,1.0,1.0,1.0,1.0,0
0.28229476844863344,0.7101635489971886,1.6996115624513692,-0.07309396479754869,-0.7262753523111368,0.0,1.0,1.0,1.0,0.0,1.0,1.0,1.0,1.0,1.0,0
-1.0009633212632825,-0.83313730684288,-0.3083638521632745,0.17643776687846338,-0.15753782006998962,1.0,0.0,1.0,1.0,0.0,1.0,1.0,1.0,1.0,1.0,0
1.2155733791482086,3.660591655750261,1.0227659170756467,-0.4058029403655648,-0.15753782006998962,1.0,0.0,1.0,0.0,1.0,1.0,1.0,1.0,1.0,1.0,0
1.6822126844979963,0.6647723473548336,-0.443732981238419,0.09326052298645936,-0.15753782006998962,0.0,1.0,1.0,1.0,0.0,1.0,1.0,1.0,1.0,1.0,0
-1.2342829739381762,2.8889412278302267,-0.03762559401298544,-0.23944845258155673,0.2362035484046507,1.0,0.0,1.0,1.0,0.0,1.0,1.0,1.0,1.0,1.0,1
-0.5343240159134949,-0.92391971012759,0.05262049203711091,-0.6553346720415768,0.5861958759376643,1.0,0.0,1.0,1.0,0.0,1.0,1.0,1.0,1.0,1.0,0
-1.1176231476007294,-0.7423549035581701,-0.6467866748511357,0.34279225466247143,0.017458343696517182,1.0,0.0,1.0,1.0,0.0,1.0,1.0,1.0,1.0,1.0,0
-1.2342829739381762,-0.9012241093064125,-1.2785092772018103,-0.07309396479754869,-1.0325186389025236,1.0,0.0,1.0,1.0,0.0,1.0,1.0,1.0,1.0,1.0,0
0.5156144211235272,-0.83313730684288,0.6617815728752613,1.0082102057985036,-1.1637657617274038,1.0,0.0,1.0,0.0,1.0,1.0,1.0,1.0,1.0,1.0,0
-1.2342829739381762,-0.3338340887769755,-0.17299472308812996,-0.07309396479754869,-1.0325186389025236,1.0,0.0,1.0,1.0,0.0,1.0,1.0,1.0,1.0,1.0,0
-0.06768471056370727,-0.92391971012759,-1.5041244923270511,-1.320752623177609,-0.07003973818673623,1.0,0.0,1.0,1.0,0.0,1.0,1.0,1.0,1.0,1.0,0
0.6322742474609742,0.07468672600421916,0.9776428740505985,0.34279225466247143,-0.2887849428948697,0.0,1.0,1.0,1.0,0.0,1.0,1.0,1.0,1.0,1.0,0
2.148851989847784,0.9825107588513183,0.09774353506215908,2.255868864178564,-0.5075301476030033,1.0,0.0,1.0,1.0,0.0,1.0,1.0,1.0,1.0,1.0,0
-0.5343240159134949,0.029295524361864195,-0.962647976026473,-1.7366388426376291,-0.24503590195324304,0.0,1.0,1.0,1.0,0.0,1.0,1.0,1.0,1.0,1.0,1
-1.1176231476007294,-0.37922529041933045,1.7447346054764175,-0.4889801842575688,-0.68252631136951,1.0,0.0,1.0,1.0,0.0,1.0,1.0,1.0,1.0,1.0,0
-1.1176231476007294,-0.4927032945252179,-0.8047173254388044,-0.15627120868955272,0.5424468349960376,0.0,1.0,1.0,1.0,0.0,1.0,1.0,1.0,1.0,1.0,0
-0.06768471056370727,0.23355593175246153,1.2032580891758393,0.34279225466247143,-0.33253398383649646,1.0,0.0,1.0,1.0,0.0,1.0,1.0,1.0,1.0,1.0,0
0.6322742474609742,-0.10687808056520069,-0.15043320157560586,-0.32262569647356076,1.1549334081788114,0.0,1.0,1.0,1.0,0.0,1.0,1.0,1.0,1.0,1.0,0
-0.7676436685883887,-0.5834856978099278,-1.0077710190515212,1.1745646935825116,0.06120738463814389,1.0,0.0,1.0,1.0,0.0,1.0,1.0,1.0,1.0,1.0,0
1.4488930318231024,-0.10687808056520069,-0.0827486370380336,0.7586784741224916,13.317166789951036,1.0,0.0,1.0,0.0,1.0,1.0,1.0,1.0,1.0,1.0,0
1.2155733791482086,-0.7650505043793476,0.6617815728752613,0.5091467424464795,0.06120738463814389,0.0,1.0,1.0,1.0,0.0,1.0,1.0,1.0,1.0,1.0,1
-1.1176231476007294,-1.6047877347629145,-0.8498403684638526,-0.4058029403655648,-0.15753782006998962,1.0,0.0,1.0,1.0,0.0,1.0,1.0,1.0,1.0,1.0,0
-1.8175821056254107,-0.03879127810166825,-0.21811776611317812,-1.320752623177609,0.2362035484046507,0.0,1.0,1.0,1.0,0.0,1.0,1.0,1.0,1.0,1.0,0
-0.41766418957604795,0.43781633914305884,1.2935041752259357,1.839982644718544,-0.7700243932527635,0.0,1.0,1.0,1.0,0.0,1.0,1.0,1.0,1.0,1.0,0
-0.8843034949258356,-0.4927032945252179,0.4361663577500204,-0.4889801842575688,1.4611766947701983,0.0,1.0,1.0,1.0,0.0,1.0,1.0,1.0,1.0,1.0,1
0.3989545947860803,-0.061486878922845725,0.075182013549635,-0.8216891598255849,-0.07003973818673623,1.0,0.0,1.0,1.0,0.0,1.0,1.0,1.0,1.0,1.0,0
0.04897511577373963,-0.83313730684288,0.5489739653126408,0.7586784741224916,-0.46378110666137656,0.0,1.0,1.0,1.0,0.0,1.0,1.0,1.0,1.0,1.0,0
-1.3509428002756232,-0.5607900969887503,1.4288733043010802,-0.4889801842575688,-0.15753782006998962,0.0,1.0,1.0,1.0,0.0,1.0,1.0,1.0,1.0,1.0,0
-0.3010043632386011,0.30164273421599397,0.5038509222875927,-0.4889801842575688,-0.46378110666137656,0.0,1.0,1.0,1.0,0.0,1.0,1.0,1.0,1.0,1.0,1
-1.0009633212632825,0.8009459522818986,0.30079722867487585,0.7586784741224916,0.1487054665213973,0.0,1.0,1.0,1.0,0.0,1.0,1.0,1.0,1.0,1.0,0
0.6322742474609742,1.1640755654207382,1.0904504816132188,-0.4889801842575688,0.2799525893462774,1.0,0.0,1.0,1.0,0.0,1.0,1.0,1.0,1.0,1.0,0
-0.41766418957604795,-0.4246164920616854,0.30079722867487585,-1.7366388426376291,-0.15753782006998962,0.0,1.0,1.0,1.0,0.0,1.0,1.0,1.0,1.0,1.0,0
-0.8843034949258356,-0.5607900969887503,-0.5114175457759913,0.17643776687846338,-0.20128686101161633,0.0,1.0,1.0,1.0,0.0,1.0,1.0,1.0,1.0,1.0,0
-0.5343240159134949,-0.7877461052005251,0.594097008337689,-0.6553346720415768,-0.15753782006998962,0.0,1.0,1.0,1.0,0.0,1.0,1.0,1.0,1.0,1.0,0
0.28229476844863344,-0.83313730684288,0.3910433147249722,-0.07309396479754869,-0.33253398383649646,1.0,0.0,1.0,1.0,0.0,1.0,1.0,1.0,1.0,1.0,0
-1.9342419319628577,0.16546912928892907,-1.6169320998896715,1.0082102057985036,0.3674506712295308,0.0,1.0,1.0,1.0,0.0,1.0,1.0,1.0,1.0,1.0,0
-0.8843034949258356,-0.061486878922845725,-0.3760484167008467,-1.154398135393601,-0.11378877912836292,0.0,1.0,1.0,1.0,0.0,1.0,1.0,1.0,1.0,1.0,0
-1.3509428002756232,-0.5607900969887503,-2.790131218540924,0.17643776687846338,0.1487054665213973,0.0,1.0,1.0,1.0,0.0,1.0,1.0,1.0,1.0,1.0,0
0.6322742474609742,-0.4246164920616854,1.7672961269889416,-0.07309396479754869,0.10495642557977058,1.0,0.0,1.0,1.0,0.0,1.0,1.0,1.0,1.0,1.0,0
-1.2342829739381762,-1.1508757183393648,-0.443732981238419,-0.23944845258155673,-0.6387772704278833,0.0,1.0,1.0,1.0,0.0,1.0,1.0,1.0,1.0,1.0,0
1.3322332054856556,0.029295524361864195,-0.6242251533386117,0.34279225466247143,-0.15753782006998962,1.0,0.0,1.0,1.0,0.0,1.0,1.0,1.0,1.0,1.0,1
-1.4676026266130702,-1.0147021134123,-0.33092537367579855,0.34279225466247143,-0.6387772704278833,1.0,0.0,1.0,1.0,0.0,1.0,1.0,1.0,1.0,1.0,0
-0.5343240159134949,-0.969310911769945,0.2105511426247795,-0.07309396479754869,1.5924238175950785,0.0,1.0,1.0,1.0,0.0,1.0,1.0,1.0,1.0,1.0,0
-0.3010043632386011,0.029295524361864195,-0.714471239388708,-0.6553346720415768,-0.9450205570192703,1.0,0.0,1.0,1.0,0.0,1.0,1.0,1.0,1.0,1.0,0
0.04897511577373963,0.7101635489971886,-1.0528940620765692,0.34279225466247143,0.3674506712295308,1.0,0.0,1.0,1.0,0.0,1.0,1.0,1.0,1.0,1.0,0
0.748934073798421,2.04920399744666,0.05262049203711091,0.5091467424464795,1.0236862853539315,0.0,1.0,1.0,1.0,0.0,1.0,1.0,1.0,1.0,1.0,1
1.2155733791482086,2.2988556064796124,-0.01506407250046135,0.8418557180144955,-0.15753782006998962,1.0,0.0,1.0,1.0,0.0,1.0,1.0,1.0,1.0,1.0,0
-0.18434453690115418,-0.7877461052005251,-0.12787168006308178,1.1745646935825116,-0.20128686101161633,1.0,0.0,1.0,1.0,0.0,1.0,1.0,1.0,1.0,1.0,0
-1.1176231476007294,-0.24305168549226558,-1.526686013839575,0.34279225466247143,0.06120738463814389,0.0,1.0,1.0,1.0,0.0,1.0,1.0,1.0,1.0,1.0,0
-0.7676436685883887,-0.37922529041933045,1.631926997913797,-0.4889801842575688,5.836080788932869,0.0,1.0,1.0,0.0,1.0,1.0,1.0,1.0,1.0,1.0,0
0.5156144211235272,-0.2884428871346205,-0.15043320157560586,0.34279225466247143,0.10495642557977058,0.0,1.0,1.0,1.0,0.0,1.0,1.0,1.0,1.0,1.0,1
-0.41766418957604795,-0.8558329076640575,0.4136048362374963,-1.320752623177609,-0.15753782006998962,0.0,1.0,1.0,1.0,0.0,1.0,1.0,1.0,1.0,1.0,0
-0.5343240159134949,-0.17496488302873314,-0.8047173254388044,0.7586784741224916,0.017458343696517182,1.0,0.0,1.0,1.0,0.0,1.0,1.0,1.0,1.0,1.0,0
-0.41766418957604795,-0.7196593027369926,0.7520276589253576,-0.07309396479754869,-0.46378110666137656,0.0,1.0,1.0,1.0,0.0,1.0,1.0,1.0,1.0,1.0,0
1.91553233717289,0.43781633914305884,-0.03762559401298544,-1.5702843548536212,0.49869779405441095,0.0,1.0,1.0,1.0,0.0,1.0,1.0,1.0,1.0,1.0,0
2.148851989847784,-0.10687808056520069,0.007497449012062735,-1.320752623177609,0.017458343696517182,0.0,1.0,1.0,1.0,0.0,1.0,1.0,1.0,1.0,1.0,0
0.3989545947860803,-0.1976604838499106,-0.2632408091382263,0.34279225466247143,-0.15753782006998962,1.0,0.0,1.0,1.0,0.0,1.0,1.0,1.0,1.0,1.0,0
-0.18434453690115418,0.09738232682539663,-0.962647976026473,-1.320752623177609,-0.4200320657197499,0.0,1.0,1.0,1.0,0.0,1.0,1.0,1.0,1.0,1.0,0
1.3322332054856556,-1.4686141298358495,-0.5114175457759913,-1.320752623177609,-0.68252631136951,0.0,1.0,1.0,1.0,0.0,1.0,1.0,1.0,1.0,1.0,0
-1.2342829739381762,-0.5607900969887503,-1.0528940620765692,-0.4889801842575688,0.1487054665213973,1.0,0.0,1.0,1.0,0.0,1.0,1.0,1.0,1.0,1.0,0
-0.41766418957604795,1.345640371990158,0.030058970524586823,2.006337132502552,0.49869779405441095,1.0,0.0,1.0,1.0,0.0,1.0,1.0,1.0,1.0,1.0,0
2.032192163510337,-0.2884428871346205,0.18798962111225542,-0.4889801842575688,0.5424468349960376,0.0,1.0,1.0,1.0,0.0,1.0,1.0,1.0,1.0,1.0,1
1.798872510835443,0.8009459522818986,-1.5718090568646232,-0.07309396479754869,-0.15753782006998962,0.0,1.0,1.0,1.0,0.0,1.0,1.0,1.0,1.0,1.0,1
-0.06768471056370727,-0.22035608467108808,0.4361663577500204,1.4240964252585238,0.1487054665213973,0.0,1.0,1.0,1.0,0.0,1.0,1.0,1.0,1.0,1.0,1
-1.3509428002756232,-0.2884428871346205,-1.3461938417393824,1.1745646935825116,-0.11378877912836292,1.0,0.0,1.0,1.0,0.0,1.0,1.0,1.0,1.0,1.0,0
-1.3509428002756232,-1.1054845166970098,-1.752301228964816,-0.4889801842575688,0.10495642557977058,1.0,0.0,1.0,1.0,0.0,1.0,1.0,1.0,1.0,1.0,0
-0.5343240159134949,1.0959887629572058,0.6392200513627372,-0.07309396479754869,-0.24503590195324304,0.0,1.0,1.0,1.0,0.0,1.0,1.0,1.0,1.0,1.0,1
-1.0009633212632825,-1.1054845166970098,-0.19555624460065404,-1.071220891501597,0.7611920397041712,1.0,0.0,1.0,1.0,0.0,1.0,1.0,1.0,1.0,1.0,0
1.4488930318231024,-0.37922529041933045,-1.1657016696391898,-0.8216891598255849,-0.5075301476030033,0.0,1.0,1.0,1.0,0.0,1.0,1.0,1.0,1.0,1.0,0
0.8655939001358679,-0.2657472863134431,-0.03762559401298544,0.5923239863384835,-0.4200320657197499,1.0,0.0,1.0,1.0,0.0,1.0,1.0,1.0,1.0,1.0,0
-0.7676436685883887,-0.15226928220755565,-0.8047173254388044,1.0082102057985036,-0.8137734341943902,1.0,0.0,1.0,1.0,0.0,1.0,1.0,1.0,1.0,1.0,0
-1.1176231476007294,-0.24305168549226558,-2.248654702240346,-1.320752623177609,-0.46378110666137656,0.0,1.0,1.0,1.0,0.0,1.0,1.0,1.0,1.0,1.0,0
1.4488930318231024,2.389638009764322,0.8873967880005021,0.34279225466247143,1.2424314900620648,1.0,0.0,1.0,1.0,0.0,1.0,1.0,1.0,1.0,1.0,1
0.6322742474609742,0.9371195572089634,0.007497449012062735,-0.15627120868955272,-0.4200320657197499,1.0,0.0,1.0,1.0,0.0,1.0,1.0,1.0,1.0,1.0,0
-1.3509428002756232,-0.6742681010946378,-0.2406792876257022,-0.32262569647356076,-0.37628302477812314,1.0,0.0,1.0,1.0,0.0,1.0,1.0,1.0,1.0,1.0,0
-0.3010043632386011,0.6874679481760111,-1.0528940620765692,0.09326052298645936,0.017458343696517182,0.0,1.0,1.0,1.0,0.0,1.0,1.0,1.0,1.0,1.0,0
-0.6509838422509417,0.823641553103076,-1.77486275047734,-0.07309396479754869,0.7174429987625445,0.0,1.0,1.0,1.0,0.0,1.0,1.0,1.0,1.0,1.0,1
-1.4676026266130702,-0.4246164920616854,-0.15043320157560586,-0.4058029403655648,-0.07003973818673623,0.0,1.0,1.0,1.0,0.0,1.0,1.0,1.0,1.0,1.0,0
0.9822537264733149,0.41512073832188134,1.3386272182509837,-0.07309396479754869,-0.15753782006998962,1.0,0.0,1.0,1.0,0.0,1.0,1.0,1.0,1.0,1.0,0
1.0989135528107616,-0.24305168549226558,-0.01506407250046135,-1.5702843548536212,0.192454507463024,0.0,1.0,1.0,1.0,0.0,1.0,1.0,1.0,1.0,1.0,0
-0.6509838422509417,0.006599923540686714,-0.714471239388708,-0.32262569647356076,-0.68252631136951,1.0,0.0,1.0,1.0,0.0,1.0,1.0,1.0,1.0,1.0,0
0.16563494211118654,-0.878528508485235,-0.8498403684638526,-1.4871071109616172,-0.5950282294862567,0.0,1.0,1.0,1.0,0.0,1.0,1.0,1.0,1.0,1.0,0
0.28229476844863344,-1.1054845166970098,-0.33092537367579855,-0.32262569647356076,-0.9012715160776436,0.0,1.0,1.0,1.0,0.0,1.0,1.0,1.0,1.0,1.0,0
-1.2342829739381762,-1.0147021134123,-0.8272788469513285,0.2596150107704674,-0.8575224751360169,1.0,0.0,1.0,1.0,0.0,1.0,1.0,1.0,1.0,1.0,0
-1.0009633212632825,-0.969310911769945,-0.8498403684638526,-0.904866403717589,0.017458343696517182,1.0,0.0,1.0,1.0,0.0,1.0,1.0,1.0,1.0,1.0,0
0.6322742474609742,-0.061486878922845725,0.6617815728752613,-0.32262569647356076,0.10495642557977058,1.0,0.0,1.0,1.0,0.0,1.0,1.0,1.0,1.0,1.0,0
0.5156144211235272,-0.10687808056520069,-1.0077710190515212,-0.5721574281495728,-0.15753782006998962,1.0,0.0,1.0,1.0,0.0,1.0,1.0,1.0,1.0,1.0,0
1.0989135528107616,-1.7636569405111568,-1.0528940620765692,-0.6553346720415768,-0.33253398383649646,0.0,1.0,1.0,1.0,0.0,1.0,1.0,1.0,1.0,1.0,0
-1.2342829739381762,-0.2884428871346205,-0.35348689518832266,-0.988043647609593,-0.07003973818673623,0.0,1.0,1.0,1.0,0.0,1.0,1.0,1.0,1.0,1.0,0
-0.5343240159134949,-1.0600933150546548,-2.4291468743405384,-0.07309396479754869,-0.15753782006998962,1.0,0.0,1.0,1.0,0.0,1.0,1.0,1.0,1.0,1.0,0
1.4488930318231024,1.0959887629572058,0.345920271699924,1.0082102057985036,0.6736939578209178,0.0,1.0,1.0,1.0,0.0,1.0,1.0,1.0,1.0,1.0,1
0.3989545947860803,0.006599923540686714,-0.19555624460065404,1.1745646935825116,0.06120738463814389,0.0,1.0,1.0,1.0,0.0,1.0,1.0,1.0,1.0,1.0,1
-0.41766418957604795,-0.3338340887769755,-0.35348689518832266,-0.32262569647356076,0.2362035484046507,0.0,1.0,1.0,1.0,0.0,1.0,1.0,1.0,1.0,1.0,0
-1.1176231476007294,-0.6515725002734603,-0.6016636318260876,4.501654449262673,0.10495642557977058,1.0,0.0,1.0,1.0,0.0,1.0,1.0,1.0,1.0,1.0,0
-0.5343240159134949,-0.12957368138637818,-0.9400864545139489,0.09326052298645936,-0.33253398383649646,1.0,0.0,1.0,1.0,0.0,1.0,1.0,1.0,1.0,1.0,0
1.4488930318231024,-0.10687808056520069,1.0453274385881708,-0.07309396479754869,0.06120738463814389,1.0,0.0,1.0,1.0,0.0,1.0,1.0,1.0,1.0,1.0,0
-0.8843034949258356,0.5739899440701237,-0.9175249330014248,1.75680540082654,-0.9450205570192703,1.0,0.0,1.0,1.0,0.0,1.0,1.0,1.0,1.0,1.0,0
0.28229476844863344,0.5285987424277687,1.8349806915265137,0.17643776687846338,-0.7700243932527635,0.0,1.0,1.0,1.0,0.0,1.0,1.0,1.0,1.0,1.0,0
1.6822126844979963,-0.8558329076640575,-0.1053101585505577,0.34279225466247143,-1.0325186389025236,0.0,1.0,1.0,1.0,0.0,1.0,1.0,1.0,1.0,1.0,1
-0.7676436685883887,0.006599923540686714,-0.2406792876257022,-0.32262569647356076,-1.0325186389025236,0.0,1.0,1.0,1.0,0.0,1.0,1.0,1.0,1.0,1.0,0
0.3989545947860803,-0.878528508485235,-0.060187115525509524,0.010083279094455335,1.1549334081788114,0.0,1.0,1.0,0.0,1.0,1.0,1.0,1.0,1.0,1.0,1
-1.2342829739381762,-0.4473120928828629,-0.1053101585505577,0.34279225466247143,-0.37628302477812314,0.0,1.0,1.0,1.0,0.0,1.0,1.0,1.0,1.0,1.0,0
1.3322332054856556,-0.10687808056520069,-0.6919097178761839,-0.32262569647356076,0.017458343696517182,1.0,0.0,1.0,1.0,0.0,1.0,1.0,1.0,1.0,1.0,0
0.6322742474609742,1.481813976917223,1.2709426537134116,1.1745646935825116,-0.11378877912836292,1.0,0.0,1.0,1.0,0.0,1.0,1.0,1.0,1.0,1.0,0
0.9822537264733149,-1.0147021134123,1.2483811322008875,-0.904866403717589,-0.37628302477812314,1.0,0.0,1.0,1.0,0.0,1.0,1.0,1.0,1.0,1.0,0
-0.6509838422509417,0.256251532573639,0.6166585298502131,-1.071220891501597,-0.6387772704278833,0.0,1.0,1.0,1.0,0.0,1.0,1.0,1.0,1.0,1.0,0
0.6322742474609742,-0.5607900969887503,0.12030505657468317,-1.7366388426376291,-0.37628302477812314,0.0,1.0,1.0,1.0,0.0,1.0,1.0,1.0,1.0,1.0,0
0.6322742474609742,0.43781633914305884,-0.5791021103135635,1.1745646935825116,-0.5075301476030033,0.0,1.0,1.0,1.0,0.0,1.0,1.0,1.0,1.0,1.0,0
0.5156144211235272,1.481813976917223,1.8801037345515619,0.34279225466247143,0.7611920397041712,1.0,0.0,1.0,1.0,0.0,1.0,1.0,1.0,1.0,1.0,0
-0.18434453690115418,-0.9012241093064125,-0.01506407250046135,-0.32262569647356076,-0.6387772704278833,0.0,1.0,1.0,1.0,0.0,1.0,1.0,1.0,1.0,1.0,0
0.04897511577373963,-0.2884428871346205,0.9776428740505985,-0.904866403717589,-0.33253398383649646,1.0,0.0,1.0,1.0,0.0,1.0,1.0,1.0,1.0,1.0,0
0.748934073798421,0.43781633914305884,1.8801037345515619,-0.15627120868955272,0.5861958759376643,1.0,0.0,1.0,1.0,0.0,1.0,1.0,1.0,1.0,1.0,1
-1.2342829739381762,0.5966855448913012,-0.4888560242634672,-0.07309396479754869,0.5424468349960376,0.0,1.0,1.0,1.0,0.0,1.0,1.0,1.0,1.0,1.0,0
-0.5343240159134949,-0.6061812986311053,-1.459001449302003,-1.4871071109616172,0.7174429987625445,0.0,1.0,1.0,1.0,0.0,1.0,1.0,1.0,1.0,1.0,0
-0.3010043632386011,0.6647723473548336,-0.4211714597258949,-0.07309396479754869,-0.15753782006998962,1.0,0.0,1.0,1.0,0.0,1.0,1.0,1.0,1.0,1.0,0
1.4488930318231024,1.5952919810231103,0.3910433147249722,-0.07309396479754869,0.06120738463814389,1.0,0.0,1.0,1.0,0.0,1.0,1.0,1.0,1.0,1.0,0
0.04897511577373963,-0.08418247974402321,-0.4888560242634672,-0.6553346720415768,0.8049410806457978,1.0,0.0,1.0,1.0,0.0,1.0,1.0,1.0,1.0,1.0,0
-0.18434453690115418,0.27894713339481647,-0.9852094975389971,-0.988043647609593,0.3674506712295308,1.0,0.0,1.0,1.0,0.0,1.0,1.0,1.0,1.0,1.0,0
0.28229476844863344,-0.3338340887769755,0.05262049203711091,-0.7385119159335809,1.811169022303212,0.0,1.0,1.0,1.0,0.0,1.0,1.0,1.0,1.0,1.0,0
0.5156144211235272,0.8463371539242535,-1.6169320998896715,1.3409191813665198,-0.15753782006998962,0.0,1.0,1.0,1.0,0.0,1.0,1.0,1.0,1.0,1.0,0
-0.6509838422509417,-0.7877461052005251,-1.1657016696391898,-0.904866403717589,0.017458343696517182,0.0,1.0,1.0,1.0,0.0,1.0,1.0,1.0,1.0,1.0,0
-0.6509838422509417,1.0279019604936734,-0.7821558039262803,0.5923239863384835,-0.5950282294862567,1.0,0.0,1.0,1.0,0.0,1.0,1.0,1.0,1.0,1.0,0
-0.41766418957604795,-0.1976604838499106,-0.8724018899763767,-0.07309396479754869,-0.20128686101161633,0.0,1.0,1.0,1.0,0.0,1.0,1.0,1.0,1.0,1.0,0
-0.06768471056370727,1.2775535695266256,0.6843430943877853,-0.4889801842575688,-0.2887849428948697,0.0,1.0,1.0,1.0,0.0,1.0,1.0,1.0,1.0,1.0,1
-1.3509428002756232,-0.7423549035581701,-0.9400864545139489,-0.07309396479754869,0.3674506712295308,1.0,0.0,1.0,1.0,0.0,1.0,1.0,1.0,1.0,1.0,0
0.3989545947860803,-0.6061812986311053,-0.3760484167008467,0.5091467424464795,-0.6387772704278833,0.0,1.0,1.0,1.0,0.0,1.0,1.0,1.0,1.0,1.0,0
-1.700922279287964,0.18816473011010657,0.12030505657468317,-0.07309396479754869,0.2799525893462774,0.0,1.0,1.0,1.0,0.0,1.0,1.0,1.0,1.0,1.0,0
0.9822537264733149,2.0265083966254824,-0.8272788469513285,0.8418557180144955,-0.37628302477812314,1.0,0.0,1.0,1.0,0.0,1.0,1.0,1.0,1.0,1.0,0
-1.1176231476007294,-0.9012241093064125,0.007497449012062735,-0.07309396479754869,0.10495642557977058,1.0,0.0,1.0,1.0,0.0,1.0,1.0,1.0,1.0,1.0,0
-0.41766418957604795,-0.15226928220755565,-0.7595942824137561,2.17269162028656,0.6736939578209178,1.0,0.0,1.0,1.0,0.0,1.0,1.0,1.0,1.0,1.0,0
-0.8843034949258356,-0.311138487955798,0.7971507019504057,-0.8216891598255849,-0.46378110666137656,0.0,1.0,1.0,1.0,0.0,1.0,1.0,1.0,1.0,1.0,0
0.28229476844863344,-0.969310911769945,-0.060187115525509524,-0.4889801842575688,-0.20128686101161633,1.0,0.0,1.0,1.0,0.0,1.0,1.0,1.0,1.0,1.0,0
1.0989135528107616,1.7087699851289977,1.2935041752259357,-0.8216891598255849,-0.5075301476030033,0.0,1.0,1.0,1.0,0.0,1.0,1.0,1.0,1.0,1.0,0
1.6822126844979963,-0.2884428871346205,-0.6919097178761839,1.5904509130425317,0.6736939578209178,0.0,1.0,1.0,1.0,0.0,1.0,1.0,1.0,1.0,1.0,0
1.5655528581605493,0.12007792764657411,0.2556741856498277,0.17643776687846338,1.5924238175950785,0.0,1.0,1.0,1.0,0.0,1.0,1.0,1.0,1.0,1.0,1
-0.8843034949258356,-0.4700076937040404,-0.4211714597258949,2.006337132502552,0.1487054665213973,1.0,0.0,1.0,1.0,0.0,1.0,1.0,1.0,1.0,1.0,0
0.6322742474609742,1.1640755654207382,-1.210824712664238,-0.4889801842575688,0.8924391625290512,1.0,0.0,1.0,1.0,0.0,1.0,1.0,1.0,1.0,1.0,0
-0.5343240159134949,-0.4473120928828629,-0.1053101585505577,-0.15627120868955272,-0.988769597960897,0.0,1.0,1.0,1.0,0.0,1.0,1.0,1.0,1.0,1.0,1
0.9822537264733149,1.2094667670630932,0.8422737449754539,-0.32262569647356076,-0.02629069724510952,1.0,0.0,1.0,1.0,0.0,1.0,1.0,1.0,1.0,1.0,0
-1.2342829739381762,-0.7877461052005251,-0.962647976026473,-0.4889801842575688,-1.2075148026690306,1.0,0.0,1.0,1.0,0.0,1.0,1.0,1.0,1.0,1.0,0
-0.8843034949258356,0.3924251375007039,-0.8047173254388044,1.1745646935825116,0.6736939578209178,1.0,0.0,1.0,1.0,0.0,1.0,1.0,1.0,1.0,1.0,0
-1.4676026266130702,-0.969310911769945,-1.5041244923270511,0.34279225466247143,-0.6387772704278833,0.0,1.0,1.0,1.0,0.0,1.0,1.0,1.0,1.0,1.0,0
1.798872510835443,0.914423956387786,-0.060187115525509524,-0.904866403717589,-0.37628302477812314,0.0,1.0,1.0,1.0,0.0,1.0,1.0,1.0,1.0,1.0,0
0.28229476844863344,-0.37922529041933045,-0.35348689518832266,-1.4871071109616172,-0.02629069724510952,1.0,0.0,1.0,1.0,0.0,1.0,1.0,1.0,1.0,1.0,0
0.748934073798421,0.8009459522818986,1.1806965676633152,0.7586784741224916,0.10495642557977058,1.0,0.0,1.0,1.0,0.0,1.0,1.0,1.0,1.0,1.0,0
-1.0009633212632825,0.8009459522818986,-0.15043320157560586,-0.07309396479754869,-0.7262753523111368,0.0,1.0,1.0,1.0,0.0,1.0,1.0,1.0,1.0,1.0,0
0.28229476844863344,0.23355593175246153,0.6392200513627372,-0.32262569647356076,0.192454507463024,1.0,0.0,1.0,1.0,0.0,1.0,1.0,1.0,1.0,1.0,0
0.3989545947860803,0.05199112518304168,0.075182013549635,-0.4889801842575688,-0.15753782006998962,1.0,0.0,1.0,1.0,0.0,1.0,1.0,1.0,1.0,1.0,0
0.9822537264733149,-0.92391971012759,-0.8272788469513285,-0.07309396479754869,-0.8575224751360169,0.0,1.0,1.0,1.0,0.0,1.0,1.0,1.0,1.0,1.0,0
-0.7676436685883887,-1.1508757183393648,0.6392200513627372,1.1745646935825116,0.5861958759376643,1.0,0.0,1.0,1.0,0.0,1.0,1.0,1.0,1.0,1.0,0
0.6322742474609742,-0.061486878922845725,-0.7370327609012322,-1.071220891501597,-0.5075301476030033,1.0,0.0,1.0,1.0,0.0,1.0,1.0,1.0,1.0,1.0,0
-0.41766418957604795,-0.6969637019158151,-1.233386234176762,-0.32262569647356076,-0.988769597960897,1.0,0.0,1.0,1.0,0.0,1.0,1.0,1.0,1.0,1.0,0
-0.5343240159134949,2.162682001552547,-0.2406792876257022,2.838109571422592,-0.15753782006998962,1.0,0.0,1.0,1.0,0.0,1.0,1.0,1.0,1.0,1.0,0
-0.3010043632386011,0.21086033093128403,-0.2632408091382263,-0.8216891598255849,-0.15753782006998962,0.0,1.0,1.0,1.0,0.0,1.0,1.0,1.0,1.0,1.0,0
0.6322742474609742,-0.37922529041933045,1.6093654764012728,-0.07309396479754869,0.10495642557977058,1.0,0.0,1.0,1.0,0.0,1.0,1.0,1.0,1.0,1.0,0
-1.584262452950517,-1.3778317265511395,1.3160656967384599,-1.320752623177609,-0.8137734341943902,0.0,1.0,1.0,1.0,0.0,1.0,1.0,1.0,1.0,1.0,0
-1.584262452950517,-1.4686141298358495,-1.6394936214021956,0.7586784741224916,-0.7262753523111368,1.0,0.0,1.0,1.0,0.0,1.0,1.0,1.0,1.0,1.0,0
-1.0009633212632825,-0.5834856978099278,0.05262049203711091,-0.4889801842575688,-0.15753782006998962,0.0,1.0,1.0,1.0,0.0,1.0,1.0,1.0,1.0,1.0,0
2.2655118161852306,-0.4246164920616854,0.18798962111225542,-0.4889801842575688,-0.02629069724510952,0.0,1.0,1.0,1.0,0.0,1.0,1.0,1.0,1.0,1.0,1
1.5655528581605493,1.0279019604936734,-1.3236323202268583,-1.7366388426376291,-0.9012715160776436,0.0,1.0,1.0,1.0,0.0,1.0,1.0,1.0,1.0,1.0,0
0.28229476844863344,1.2094667670630932,0.3684817932124481,2.006337132502552,-0.15753782006998962,0.0,1.0,1.0,1.0,0.0,1.0,1.0,1.0,1.0,1.0,1
-1.4676026266130702,-1.0600933150546548,-0.2858023306507504,0.09326052298645936,0.49869779405441095,1.0,0.0,1.0,1.0,0.0,1.0,1.0,1.0,1.0,1.0,0
-0.7676436685883887,0.029295524361864195,-0.8272788469513285,-1.7366388426376291,-0.46378110666137656,0.0,1.0,1.0,1.0,0.0,1.0,1.0,1.0,1.0,1.0,0
0.5156144211235272,0.6874679481760111,0.14286657808720726,-0.988043647609593,-0.15753782006998962,1.0,0.0,1.0,1.0,0.0,1.0,1.0,1.0,1.0,1.0,0
-0.5343240159134949,-1.1962669199817197,-0.03762559401298544,-0.07309396479754869,-0.11378877912836292,1.0,0.0,1.0,1.0,0.0,1.0,1.0,1.0,1.0,1.0,0
0.16563494211118654,0.8463371539242535,1.2709426537134116,0.34279225466247143,-0.20128686101161633,1.0,0.0,1.0,1.0,0.0,1.0,1.0,1.0,1.0,1.0,0
-0.7676436685883887,0.256251532573639,0.8873967880005021,0.5091467424464795,-0.5075301476030033,1.0,0.0,1.0,1.0,0.0,1.0,1.0,1.0,1.0,1.0,0
-1.4676026266130702,0.256251532573639,0.30079722867487585,1.6736281569345357,-0.33253398383649646,1.0,0.0,1.0,1.0,0.0,1.0,1.0,1.0,1.0,1.0,0
1.6822126844979963,0.12007792764657411,0.7069046159003094,0.010083279094455335,0.06120738463814389,1.0,0.0,1.0,1.0,0.0,1.0,1.0,1.0,1.0,1.0,0
1.798872510835443,1.391031573632513,-0.4662945027509431,1.2577419374745158,-0.37628302477812314,1.0,0.0,1.0,1.0,0.0,1.0,1.0,1.0,1.0,1.0,0
1.2155733791482086,-1.6728745372264469,0.5264124438001168,1.1745646935825116,3.4298835371434,1.0,0.0,1.0,0.0,1.0,1.0,1.0,1.0,1.0,1.0,0
-1.2342829739381762,-0.2884428871346205,-0.0827486370380336,0.34279225466247143,0.2362035484046507,1.0,0.0,1.0,1.0,0.0,1.0,1.0,1.0,1.0,1.0,0
-1.3509428002756232,-0.92391971012759,-0.8498403684638526,0.7586784741224916,-0.6387772704278833,1.0,0.0,1.0,1.0,0.0,1.0,1.0,1.0,1.0,1.0,0
0.28229476844863344,1.0279019604936734,-0.1053101585505577,-0.32262569647356076,-0.6387772704278833,0.0,1.0,1.0,1.0,0.0,1.0,1.0,1.0,1.0,1.0,0
-1.0009633212632825,-0.83313730684288,1.7221730839638933,-1.320752623177609,0.49869779405441095,0.0,1.0,1.0,1.0,0.0,1.0,1.0,1.0,1.0,1.0,0
1.798872510835443,0.5285987424277687,1.2032580891758393,-1.4871071109616172,2.7736479230189994,1.0,0.0,1.0,1.0,0.0,1.0,1.0,1.0,1.0,1.0,1
1.3322332054856556,-0.24305168549226558,-0.03762559401298544,-1.6534615987456251,0.3674506712295308,0.0,1.0,1.0,1.0,0.0,1.0,1.0,1.0,1.0,1.0,0
1.91553233717289,2.525811614691387,-0.060187115525509524,1.1745646935825116,-0.15753782006998962,1.0,0.0,1.0,1.0,0.0,1.0,1.0,1.0,1.0,1.0,0
1.798872510835443,0.12007792764657411,1.1130120031257429,-0.4889801842575688,1.504925735711825,0.0,1.0,1.0,1.0,0.0,1.0,1.0,1.0,1.0,1.0,0
-0.3010043632386011,-0.4246164920616854,-0.15043320157560586,0.5923239863384835,-0.37628302477812314,1.0,0.0,1.0,1.0,0.0,1.0,1.0,1.0,1.0,1.0,0
1.5655528581605493,0.256251532573639,-0.714471239388708,-1.320752623177609,0.1487054665213973,1.0,0.0,1.0,1.0,0.0,1.0,1.0,1.0,1.0,1.0,1
-0.6509838422509417,-0.6515725002734603,0.3684817932124481,-0.6553346720415768,1.2424314900620648,1.0,0.0,1.0,1.0,0.0,1.0,1.0,1.0,1.0,1.0,0
1.5655528581605493,-0.878528508485235,0.007497449012062735,1.1745646935825116,-0.46378110666137656,0.0,1.0,1.0,1.0,0.0,1.0,1.0,1.0,1.0,1.0,0
-1.584262452950517,-0.2884428871346205,-1.8425473150149123,-2.1525250620976495,-0.5075301476030033,0.0,1.0,1.0,1.0,0.0,1.0,1.0,1.0,1.0,1.0,0
1.3322332054856556,1.0732931621360282,-1.210824712664238,-0.07309396479754869,-0.11378877912836292,0.0,1.0,1.0,1.0,0.0,1.0,1.0,1.0,1.0,1.0,0
-1.3509428002756232,-1.1508757183393648,-0.3760484167008467,-1.237575379285605,-0.07003973818673623,1.0,0.0,1.0,1.0,0.0,1.0,1.0,1.0,1.0,1.0,0
1.798872510835443,0.8917283555666085,0.9550813525380744,1.5904509130425317,-0.15753782006998962,1.0,0.0,1.0,1.0,0.0,1.0,1.0,1.0,1.0,1.0,1
0.9822537264733149,1.0279019604936734,-0.060187115525509524,-0.6553346720415768,-0.15753782006998962,1.0,0.0,1.0,1.0,0.0,1.0,1.0,1.0,1.0,1.0,0
-1.4676026266130702,-1.1054845166970098,0.2782357071623518,0.5091467424464795,-0.68252631136951,1.0,0.0,1.0,1.0,0.0,1.0,1.0,1.0,1.0,1.0,0
0.5156144211235272,-0.8558329076640575,-0.2632408091382263,-0.4889801842575688,-0.07003973818673623,0.0,1.0,1.0,1.0,0.0,1.0,1.0,1.0,1.0,1.0,0
1.4488930318231024,-0.37922529041933045,0.6617815728752613,-0.8216891598255849,0.017458343696517182,1.0,0.0,1.0,1.0,0.0,1.0,1.0,1.0,1.0,1.0,1
0.16563494211118654,-1.1054845166970098,0.12030505657468317,-0.6553346720415768,-0.07003973818673623,1.0,0.0,1.0,1.0,0.0,1.0,1.0,1.0,1.0,1.0,0
-0.41766418957604795,0.12007792764657411,-1.0980171051016174,-1.320752623177609,-0.15753782006998962,0.0,1.0,1.0,1.0,0.0,1.0,1.0,1.0,1.0,1.0,0
-1.0009633212632825,0.5059031416065913,-0.03762559401298544,-0.4889801842575688,0.06120738463814389,1.0,0.0,1.0,1.0,0.0,1.0,1.0,1.0,1.0,1.0,0
0.748934073798421,-0.4700076937040404,-1.0077710190515212,-0.6553346720415768,-1.0325186389025236,1.0,0.0,1.0,1.0,0.0,1.0,1.0,1.0,1.0,1.0,0
0.8655939001358679,-1.1054845166970098,-0.8272788469513285,-0.4889801842575688,0.2362035484046507,1.0,0.0,1.0,1.0,0.0,1.0,1.0,1.0,1.0,1.0,0
1.4488930318231024,0.8917283555666085,0.075182013549635,-1.071220891501597,-0.5075301476030033,0.0,1.0,1.0,1.0,0.0,1.0,1.0,1.0,1.0,1.0,1
-1.0009633212632825,-1.1054845166970098,-1.1205786266141415,-0.32262569647356076,-0.5075301476030033,1.0,0.0,1.0,1.0,0.0,1.0,1.0,1.0,1.0,1.0,0
-0.8843034949258356,-0.1976604838499106,5.128962832355031,-0.32262569647356076,-0.4200320657197499,1.0,0.0,1.0,1.0,0.0,1.0,1.0,1.0,1.0,1.0,1
0.6322742474609742,-0.92391971012759,-0.6016636318260876,-0.4058029403655648,-0.7262753523111368,1.0,0.0,1.0,1.0,0.0,1.0,1.0,1.0,1.0,1.0,0
0.3989545947860803,-0.016095677280490765,0.6392200513627372,-0.7385119159335809,-0.24503590195324304,1.0,0.0,1.0,1.0,0.0,1.0,1.0,1.0,1.0,1.0,1
0.3989545947860803,-1.3551361257299621,-0.6693481963636598,-0.32262569647356076,0.5861958759376643,0.0,1.0,1.0,1.0,0.0,1.0,1.0,1.0,1.0,1.0,0
1.3322332054856556,0.7101635489971886,0.5264124438001168,-0.8216891598255849,0.4111997121711575,0.0,1.0,1.0,1.0,0.0,1.0,1.0,1.0,1.0,1.0,0
1.2155733791482086,-0.10687808056520069,0.2331126641373036,-0.32262569647356076,-0.33253398383649646,1.0,0.0,1.0,1.0,0.0,1.0,1.0,1.0,1.0,1.0,0
1.3322332054856556,2.7981588245455167,-0.2632408091382263,0.34279225466247143,0.936188203470678,1.0,0.0,1.0,1.0,0.0,1.0,1.0,1.0,1.0,1.0,0
-1.700922279287964,-1.1281801175181874,-0.9175249330014248,-2.5684112815576694,-0.11378877912836292,0.0,1.0,1.0,1.0,0.0,1.0,1.0,1.0,1.0,1.0,0
-1.0009633212632825,0.006599923540686714,-0.6016636318260876,-0.6553346720415768,-0.5075301476030033,0.0,1.0,1.0,1.0,0.0,1.0,1.0,1.0,1.0,1.0,0
1.5655528581605493,2.843550026187872,1.5642424333762246,-0.07309396479754869,0.2362035484046507,1.0,0.0,1.0,1.0,0.0,1.0,1.0,1.0,1.0,1.0,1
-0.5343240159134949,-0.37922529041933045,1.2032580891758393,1.3409191813665198,0.2362035484046507,1.0,0.0,1.0,1.0,0.0,1.0,1.0,1.0,1.0,1.0,0
-1.2342829739381762,-1.1054845166970098,-0.2858023306507504,1.1745646935825116,0.6736939578209178,0.0,1.0,1.0,1.0,0.0,1.0,1.0,1.0,1.0,1.0,0
0.3989545947860803,-0.061486878922845725,-0.35348689518832266,1.1745646935825116,0.5861958759376643,1.0,0.0,1.0,1.0,0.0,1.0,1.0,1.0,1.0,1.0,0
1.6822126844979963,0.4832075407854138,0.05262049203711091,-1.7366388426376291,-0.37628302477812314,1.0,0.0,1.0,1.0,0.0,1.0,1.0,1.0,1.0,1.0,0
-1.3509428002756232,-1.4686141298358495,-1.1657016696391898,0.7586784741224916,0.06120738463814389,1.0,0.0,1.0,1.0,0.0,1.0,1.0,1.0,1.0,1.0,0
-0.06768471056370727,-0.2657472863134431,0.7520276589253576,-0.4889801842575688,-0.20128686101161633,1.0,0.0,1.0,1.0,0.0,1.0,1.0,1.0,1.0,1.0,0
0.748934073798421,-0.7423549035581701,-1.1431401481266656,-0.4889801842575688,0.06120738463814389,0.0,1.0,1.0,1.0,0.0,1.0,1.0,1.0,1.0,1.0,0
-1.1176231476007294,0.16546912928892907,-0.3760484167008467,0.34279225466247143,-0.5075301476030033,1.0,0.0,1.0,1.0,0.0,1.0,1.0,1.0,1.0,1.0,0
1.2155733791482086,-0.016095677280490765,2.195965035726899,0.34279225466247143,0.7174429987625445,1.0,0.0,1.0,1.0,0.0,1.0,1.0,1.0,1.0,1.0,1
-0.5343240159134949,1.391031573632513,-0.1053101585505577,2.006337132502552,-0.33253398383649646,1.0,0.0,1.0,1.0,0.0,1.0,1.0,1.0,1.0,1.0,0
0.6322742474609742,-1.445918529014672,-0.7370327609012322,0.5091467424464795,0.2799525893462774,1.0,0.0,1.0,1.0,0.0,1.0,1.0,1.0,1.0,1.0,0
1.2155733791482086,-0.10687808056520069,0.12030505657468317,-0.904866403717589,0.10495642557977058,1.0,0.0,1.0,1.0,0.0,1.0,1.0,1.0,1.0,1.0,0
0.3989545947860803,0.21086033093128403,0.6392200513627372,0.7586784741224916,0.10495642557977058,1.0,0.0,1.0,1.0,0.0,1.0,1.0,1.0,1.0,1.0,0
0.16563494211118654,0.9371195572089634,-1.0528940620765692,2.006337132502552,-0.55127918854463,1.0,0.0,1.0,1.0,0.0,1.0,1.0,1.0,1.0,1.0,0
1.5655528581605493,0.8009459522818986,0.594097008337689,-0.32262569647356076,-0.2887849428948697,1.0,0.0,1.0,1.0,0.0,1.0,1.0,1.0,1.0,1.0,1
-0.8843034949258356,-0.7877461052005251,2.7600030735400014,-0.07309396479754869,-0.5950282294862567,1.0,0.0,1.0,1.0,0.0,1.0,1.0,1.0,1.0,1.0,0
-0.5343240159134949,-1.1054845166970098,-1.1657016696391898,-1.320752623177609,0.2362035484046507,0.0,1.0,1.0,1.0,0.0,1.0,1.0,1.0,1.0,1.0,0
-1.700922279287964,-1.6955701380476242,0.3910433147249722,-1.237575379285605,-0.15753782006998962,1.0,0.0,1.0,1.0,0.0,1.0,1.0,1.0,1.0,1.0,0
0.748934073798421,-0.17496488302873314,1.654488519426321,-0.4889801842575688,0.1487054665213973,1.0,0.0,1.0,1.0,0.0,1.0,1.0,1.0,1.0,1.0,0
1.4488930318231024,2.003812795804305,-1.1431401481266656,0.2596150107704674,-0.9450205570192703,1.0,0.0,1.0,1.0,0.0,1.0,1.0,1.0,1.0,1.0,1
-0.6509838422509417,0.029295524361864195,-1.1657016696391898,-0.4889801842575688,-0.24503590195324304,1.0,0.0,1.0,1.0,0.0,1.0,1.0,1.0,1.0,1.0,0
-0.7676436685883887,-0.878528508485235,-1.6169320998896715,-0.07309396479754869,-0.4200320657197499,1.0,0.0,1.0,1.0,0.0,1.0,1.0,1.0,1.0,1.0,0
-0.5343240159134949,-0.7423549035581701,-0.15043320157560586,1.3409191813665198,-0.20128686101161633,1.0,0.0,1.0,1.0,0.0,1.0,1.0,1.0,1.0,1.0,0
1.2155733791482086,2.1172907999101924,-1.5041244923270511,1.1745646935825116,0.06120738463814389,0.0,1.0,1.0,1.0,0.0,1.0,1.0,1.0,1.0,1.0,0
-1.2342829739381762,0.30164273421599397,1.4288733043010802,-0.23944845258155673,1.1111843672371848,0.0,1.0,1.0,1.0,0.0,1.0,1.0,1.0,1.0,1.0,0
-1.0009633212632825,-0.6742681010946378,1.654488519426321,0.34279225466247143,-0.15753782006998962,0.0,1.0,1.0,1.0,0.0,1.0,1.0,1.0,1.0,1.0,0
-1.0009633212632825,-0.5153988953463954,-1.3010707987143342,-0.8216891598255849,0.3674506712295308,1.0,0.0,1.0,1.0,0.0,1.0,1.0,1.0,1.0,1.0,0
0.28229476844863344,0.21086033093128403,0.864835266487978,-0.4889801842575688,-0.15753782006998962,1.0,0.0,1.0,1.0,0.0,1.0,1.0,1.0,1.0,1.0,0
-1.700922279287964,-1.1962669199817197,-1.6169320998896715,-0.6553346720415768,-0.5075301476030033,1.0,0.0,1.0,1.0,0.0,1.0,1.0,1.0,1.0,1.0,0
-0.8843034949258356,-1.3324405249087847,-0.060187115525509524,-0.6553346720415768,0.017458343696517182,0.0,1.0,1.0,1.0,0.0,1.0,1.0,1.0,1.0,1.0,1
0.8655939001358679,0.6874679481760111,-1.3687553632519065,0.7586784741224916,0.8049410806457978,0.0,1.0,1.0,1.0,0.0,1.0,1.0,1.0,1.0,1.0,0
-0.5343240159134949,0.7328591498183661,0.48128940077506854,0.7586784741224916,0.3674506712295308,1.0,0.0,1.0,1.0,0.0,1.0,1.0,1.0,1.0,1.0,0
1.798872510835443,1.0279019604936734,-0.35348689518832266,-1.4871071109616172,-0.15753782006998962,1.0,0.0,1.0,1.0,0.0,1.0,1.0,1.0,1.0,1.0,0
-0.18434453690115418,-0.5607900969887503,-1.0980171051016174,0.34279225466247143,-0.5950282294862567,0.0,1.0,1.0,1.0,0.0,1.0,1.0,1.0,1.0,1.0,0
-0.6509838422509417,1.8903347916984177,0.2556741856498277,-0.07309396479754869,0.8049410806457978,0.0,1.0,1.0,1.0,0.0,1.0,1.0,1.0,1.0,1.0,0
1.91553233717289,0.8009459522818986,1.6996115624513692,-0.32262569647356076,0.3674506712295308,1.0,0.0,1.0,1.0,0.0,1.0,1.0,1.0,1.0,1.0,1
-0.3010043632386011,0.6647723473548336,0.7745891804378817,1.1745646935825116,-0.15753782006998962,0.0,1.0,1.0,1.0,0.0,1.0,1.0,1.0,1.0,1.0,0
-0.41766418957604795,1.1640755654207382,0.8422737449754539,1.3409191813665198,-0.15753782006998962,1.0,0.0,1.0,1.0,0.0,1.0,1.0,1.0,1.0,1.0,0
-0.5343240159134949,-0.7423549035581701,1.0904504816132188,-0.904866403717589,-1.1637657617274038,1.0,0.0,1.0,1.0,0.0,1.0,1.0,1.0,1.0,1.0,1
-1.2342829739381762,-1.1281801175181874,-0.5565405888010394,0.9250329619064996,-0.20128686101161633,0.0,1.0,1.0,1.0,0.0,1.0,1.0,1.0,1.0,1.0,0
0.04897511577373963,0.8463371539242535,1.5416809118637007,2.006337132502552,-0.2887849428948697,1.0,0.0,1.0,1.0,0.0,1.0,1.0,1.0,1.0,1.0,0
-0.7676436685883887,-0.24305168549226558,-0.060187115525509524,0.7586784741224916,-0.15753782006998962,1.0,0.0,1.0,1.0,0.0,1.0,1.0,1.0,1.0,1.0,0
1.4488930318231024,3.751374059034971,2.737441552027477,2.838109571422592,12.529684053001755,1.0,0.0,1.0,0.0,1.0,1.0,1.0,1.0,1.0,1.0,1
1.3322332054856556,0.9825107588513183,-0.03762559401298544,-0.4889801842575688,-0.68252631136951,1.0,0.0,1.0,1.0,0.0,1.0,1.0,1.0,1.0,1.0,1
-0.7676436685883887,-0.4927032945252179,-0.5114175457759913,1.1745646935825116,0.017458343696517182,1.0,0.0,1.0,1.0,0.0,1.0,1.0,1.0,1.0,1.0,0
1.5655528581605493,3.0251148327572914,-0.03762559401298544,1.5904509130425317,0.10495642557977058,0.0,1.0,1.0,1.0,0.0,1.0,1.0,1.0,1.0,1.0,0
-0.18434453690115418,-0.7877461052005251,0.6617815728752613,-0.07309396479754869,0.3674506712295308,1.0,0.0,1.0,1.0,0.0,1.0,1.0,1.0,1.0,1.0,0
0.5156144211235272,2.843550026187872,1.5642424333762246,-0.32262569647356076,-0.5950282294862567,1.0,0.0,1.0,1.0,0.0,1.0,1.0,1.0,1.0,1.0,0
0.5156144211235272,-0.8558329076640575,-0.9400864545139489,-0.904866403717589,-0.6387772704278833,0.0,1.0,1.0,1.0,0.0,1.0,1.0,1.0,1.0,1.0,0
0.9822537264733149,0.5059031416065913,0.6392200513627372,1.2577419374745158,1.1111843672371848,1.0,0.0,1.0,0.0,1.0,1.0,1.0,1.0,1.0,1.0,0
0.04897511577373963,-0.4246164920616854,0.48128940077506854,0.34279225466247143,-0.46378110666137656,1.0,0.0,1.0,1.0,0.0,1.0,1.0,1.0,1.0,1.0,0
-1.1176231476007294,-0.2884428871346205,-0.9175249330014248,-0.23944845258155673,0.629944916879291,1.0,0.0,1.0,1.0,0.0,1.0,1.0,1.0,1.0,1.0,0
-1.0009633212632825,-1.1508757183393648,0.075182013549635,-0.904866403717589,0.06120738463814389,1.0,0.0,1.0,1.0,0.0,1.0,1.0,1.0,1.0,1.0,0
-0.8843034949258356,-0.6061812986311053,-0.4662945027509431,-0.4889801842575688,-0.37628302477812314,1.0,0.0,1.0,1.0,0.0,1.0,1.0,1.0,1.0,1.0,0
-1.2342829739381762,-0.83313730684288,-1.1431401481266656,0.34279225466247143,0.1487054665213973,1.0,0.0,1.0,1.0,0.0,1.0,1.0,1.0,1.0,1.0,0
0.5156144211235272,0.9371195572089634,0.2105511426247795,1.3409191813665198,-0.33253398383649646,1.0,0.0,1.0,1.0,0.0,1.0,1.0,1.0,1.0,1.0,0
-1.0009633212632825,0.6874679481760111,-0.9175249330014248,-0.07309396479754869,-0.46378110666137656,0.0,1.0,1.0,1.0,0.0,1.0,1.0,1.0,1.0,1.0,0
-0.18434453690115418,-0.7423549035581701,1.0904504816132188,2.006337132502552,-1.0325186389025236,0.0,1.0,1.0,1.0,0.0,1.0,1.0,1.0,1.0,1.0,0
0.6322742474609742,-0.1976604838499106,0.7069046159003094,-0.4889801842575688,0.2362035484046507,0.0,1.0,1.0,1.0,0.0,1.0,1.0,1.0,1.0,1.0,0
1.2155733791482086,1.0732931621360282,1.0904504816132188,0.34279225466247143,0.1487054665213973,1.0,0.0,1.0,1.0,0.0,1.0,1.0,1.0,1.0,1.0,0
0.748934073798421,0.07468672600421916,-0.443732981238419,-1.7366388426376291,0.4549487531127842,1.0,0.0,1.0,1.0,0.0,1.0,1.0,1.0,1.0,1.0,0
-1.8175821056254107,-0.6742681010946378,-0.3760484167008467,-1.071220891501597,0.192454507463024,1.0,0.0,1.0,1.0,0.0,1.0,1.0,1.0,1.0,1.0,0
0.748934073798421,1.8903347916984177,0.09774353506215908,1.1745646935825116,2.3361575136027324,1.0,0.0,1.0,0.0,1.0,1.0,1.0,1.0,1.0,1.0,1
-1.2342829739381762,-0.10687808056520069,-0.5339790672885153,0.34279225466247143,-0.15753782006998962,0.0,1.0,1.0,1.0,0.0,1.0,1.0,1.0,1.0,1.0,0
0.748934073798421,-0.4246164920616854,1.3386272182509837,-0.4889801842575688,-0.8137734341943902,0.0,1.0,1.0,1.0,0.0,1.0,1.0,1.0,1.0,1.0,0
-0.6509838422509417,0.3924251375007039,1.654488519426321,-1.9861705743136413,0.3674506712295308,1.0,0.0,1.0,1.0,0.0,1.0,1.0,1.0,1.0,1.0,0
0.748934073798421,-0.061486878922845725,1.1806965676633152,0.010083279094455335,-0.46378110666137656,1.0,0.0,1.0,1.0,0.0,1.0,1.0,1.0,1.0,1.0,0
-0.7676436685883887,1.3683359728113356,-0.6919097178761839,1.1745646935825116,-0.20128686101161633,0.0,1.0,1.0,1.0,0.0,1.0,1.0,1.0,1.0,1.0,0
-0.7676436685883887,-0.5153988953463954,1.2483811322008875,0.6755012302304875,0.017458343696517182,0.0,1.0,1.0,1.0,0.0,1.0,1.0,1.0,1.0,1.0,0
-1.1176231476007294,-0.9012241093064125,0.864835266487978,-0.23944845258155673,-0.46378110666137656,0.0,1.0,1.0,1.0,0.0,1.0,1.0,1.0,1.0,1.0,1
-1.3509428002756232,-1.1508757183393648,-0.5565405888010394,2.838109571422592,0.2362035484046507,1.0,0.0,1.0,1.0,0.0,1.0,1.0,1.0,1.0,1.0,0
1.2155733791482086,-0.1976604838499106,0.345920271699924,-0.07309396479754869,-0.5075301476030033,0.0,1.0,1.0,1.0,0.0,1.0,1.0,1.0,1.0,1.0,1
1.3322332054856556,1.617987581844288,2.692318509002429,2.255868864178564,1.067435326295558,1.0,0.0,1.0,1.0,0.0,1.0,1.0,1.0,1.0,1.0,0
-0.3010043632386011,-0.969310911769945,0.5264124438001168,-0.8216891598255849,-0.46378110666137656,0.0,1.0,1.0,1.0,0.0,1.0,1.0,1.0,1.0,1.0,0
-1.1176231476007294,-1.0373977142334774,-0.9400864545139489,-0.4889801842575688,0.1487054665213973,1.0,0.0,1.0,1.0,0.0,1.0,1.0,1.0,1.0,1.0,0
0.748934073798421,-0.4246164920616854,-0.15043320157560586,0.010083279094455335,0.2362035484046507,1.0,0.0,1.0,1.0,0.0,1.0,1.0,1.0,1.0,1.0,1
-1.3509428002756232,-0.3338340887769755,-0.2632408091382263,-0.4889801842575688,-0.33253398383649646,0.0,1.0,1.0,1.0,0.0,1.0,1.0,1.0,1.0,1.0,0
-0.3010043632386011,-0.2884428871346205,-0.8272788469513285,-0.23944845258155673,0.4549487531127842,1.0,0.0,1.0,1.0,0.0,1.0,1.0,1.0,1.0,1.0,1
1.3322332054856556,-0.5153988953463954,2.3313341648020436,-0.904866403717589,-0.37628302477812314,1.0,0.0,1.0,1.0,0.0,1.0,1.0,1.0,1.0,1.0,0
1.3322332054856556,0.18816473011010657,1.6996115624513692,-0.4058029403655648,0.1487054665213973,1.0,0.0,1.0,1.0,0.0,1.0,1.0,1.0,1.0,1.0,1
-0.7676436685883887,0.5966855448913012,0.7520276589253576,0.34279225466247143,0.2362035484046507,1.0,0.0,1.0,1.0,0.0,1.0,1.0,1.0,1.0,1.0,0
1.5655528581605493,-0.10687808056520069,0.2556741856498277,1.839982644718544,0.06120738463814389,0.0,1.0,1.0,1.0,0.0,1.0,1.0,1.0,1.0,1.0,0
-0.41766418957604795,-1.1735713191605424,-0.9852094975389971,-0.07309396479754869,-0.15753782006998962,1.0,0.0,1.0,1.0,0.0,1.0,1.0,1.0,1.0,1.0,0
-0.5343240159134949,-1.0147021134123,0.7069046159003094,-1.071220891501597,-0.46378110666137656,1.0,0.0,1.0,1.0,0.0,1.0,1.0,1.0,1.0,1.0,0
-0.41766418957604795,-0.22035608467108808,-0.17299472308812996,0.6755012302304875,-0.20128686101161633,1.0,0.0,1.0,1.0,0.0,1.0,1.0,1.0,1.0,1.0,0
-1.3509428002756232,-0.6061812986311053,0.030058970524586823,-0.6553346720415768,-0.46378110666137656,0.0,1.0,1.0,1.0,0.0,1.0,1.0,1.0,1.0,1.0,0
-0.8843034949258356,-0.4246164920616854,-0.12787168006308178,-0.07309396479754869,-1.6450052120852976,0.0,1.0,1.0,1.0,0.0,1.0,1.0,1.0,1.0,1.0,0
-1.1176231476007294,-0.15226928220755565,0.030058970524586823,1.5904509130425317,-0.9450205570192703,0.0,1.0,1.0,1.0,0.0,1.0,1.0,1.0,1.0,1.0,0
0.28229476844863344,-0.2884428871346205,-0.2632408091382263,0.7586784741224916,0.8049410806457978,0.0,1.0,1.0,1.0,0.0,1.0,1.0,1.0,1.0,1.0,1
-0.8843034949258356,-0.1976604838499106,-0.03762559401298544,-0.8216891598255849,-0.5075301476030033,1.0,0.0,1.0,1.0,0.0,1.0,1.0,1.0,1.0,1.0,0
1.91553233717289,2.480420413049032,0.9325198310255502,1.1745646935825116,0.10495642557977058,1.0,0.0,1.0,1.0,0.0,1.0,1.0,1.0,1.0,1.0,1
0.3989545947860803,-0.15226928220755565,-0.9175249330014248,-0.07309396479754869,0.3237016302879041,0.0,1.0,1.0,1.0,0.0,1.0,1.0,1.0,1.0,1.0,0
0.9822537264733149,0.006599923540686714,0.2105511426247795,-1.403929867069613,-0.15753782006998962,1.0,0.0,1.0,1.0,0.0,1.0,1.0,1.0,1.0,1.0,0
-0.8843034949258356,0.41512073832188134,-1.6394936214021956,-0.32262569647356076,-0.24503590195324304,0.0,1.0,1.0,1.0,0.0,1.0,1.0,1.0,1.0,1.0,0
1.5655528581605493,0.07468672600421916,0.8873967880005021,-0.4889801842575688,0.192454507463024,1.0,0.0,1.0,1.0,0.0,1.0,1.0,1.0,1.0,1.0,0
0.8655939001358679,0.3470339358583489,-0.2632408091382263,0.34279225466247143,-0.15753782006998962,0.0,1.0,1.0,1.0,0.0,1.0,1.0,1.0,1.0,1.0,0
-1.1176231476007294,-0.7877461052005251,0.075182013549635,0.34279225466247143,-0.5950282294862567,1.0,0.0,1.0,1.0,0.0,1.0,1.0,1.0,1.0,1.0,0
1.3322332054856556,0.41512073832188134,1.2483811322008875,0.8418557180144955,-0.5075301476030033,1.0,0.0,1.0,1.0,0.0,1.0,1.0,1.0,1.0,1.0,0
0.3989545947860803,0.21086033093128403,1.2258196106883634,-0.07309396479754869,-0.37628302477812314,1.0,0.0,1.0,1.0,0.0,1.0,1.0,1.0,1.0,1.0,0
1.0989135528107616,0.7328591498183661,-0.8047173254388044,-0.904866403717589,0.06120738463814389,1.0,0.0,1.0,1.0,0.0,1.0,1.0,1.0,1.0,1.0,1
-0.41766418957604795,-1.2416581216240747,0.007497449012062735,-0.7385119159335809,-0.11378877912836292,0.0,1.0,1.0,1.0,0.0,1.0,1.0,1.0,1.0,1.0,0
1.3322332054856556,-1.0147021134123,1.6770500409388451,-0.4058029403655648,-0.20128686101161633,1.0,0.0,1.0,1.0,0.0,1.0,1.0,1.0,1.0,1.0,0
1.5655528581605493,1.7995523884137077,-0.5339790672885153,-2.1525250620976495,-0.6387772704278833,1.0,0.0,1.0,1.0,0.0,1.0,1.0,1.0,1.0,1.0,0
0.6322742474609742,1.3229447711689806,0.30079722867487585,-0.7385119159335809,0.06120738463814389,1.0,0.0,1.0,1.0,0.0,1.0,1.0,1.0,1.0,1.0,0
-0.6509838422509417,0.006599923540686714,0.7745891804378817,1.5072736691505277,0.5861958759376643,0.0,1.0,1.0,1.0,0.0,1.0,1.0,1.0,1.0,1.0,0
-1.0009633212632825,0.6193811457124787,-1.3687553632519065,0.17643776687846338,0.06120738463814389,0.0,1.0,1.0,1.0,0.0,1.0,1.0,1.0,1.0,1.0,0
-0.8843034949258356,0.4832075407854138,-0.33092537367579855,0.17643776687846338,0.3237016302879041,0.0,1.0,1.0,1.0,0.0,1.0,1.0,1.0,1.0,1.0,0
0.748934073798421,-0.5607900969887503,-1.0754555835890933,-0.4889801842575688,-0.5075301476030033,0.0,1.0,1.0,1.0,0.0,1.0,1.0,1.0,1.0,1.0,0
-0.18434453690115418,0.6420767465336562,-0.7821558039262803,0.5091467424464795,0.5861958759376643,1.0,0.0,1.0,1.0,0.0,1.0,1.0,1.0,1.0,1.0,0
0.3989545947860803,0.6420767465336562,-0.17299472308812996,-1.320752623177609,3.9548720284429204,0.0,1.0,1.0,0.0,1.0,1.0,1.0,1.0,1.0,1.0,0
-0.41766418957604795,-0.2884428871346205,-0.4662945027509431,0.34279225466247143,-0.5075301476030033,0.0,1.0,1.0,1.0,0.0,1.0,1.0,1.0,1.0,1.0,0
0.04897511577373963,-0.5153988953463954,-0.17299472308812996,-1.071220891501597,-0.2887849428948697,1.0,0.0,1.0,1.0,0.0,1.0,1.0,1.0,1.0,1.0,0
-1.1176231476007294,-1.6047877347629145,-0.714471239388708,0.5923239863384835,-0.07003973818673623,1.0,0.0,1.0,1.0,0.0,1.0,1.0,1.0,1.0,1.0,0
-1.0009633212632825,-0.37922529041933045,-0.6016636318260876,0.7586784741224916,0.4111997121711575,0.0,1.0,1.0,1.0,0.0,1.0,1.0,1.0,1.0,1.0,0
-0.18434453690115418,-0.5153988953463954,-1.233386234176762,0.010083279094455335,-0.15753782006998962,1.0,0.0,1.0,1.0,0.0,1.0,1.0,1.0,1.0,1.0,0
-1.0009633212632825,0.3924251375007039,0.3910433147249722,2.838109571422592,-0.15753782006998962,0.0,1.0,1.0,1.0,0.0,1.0,1.0,1.0,1.0,1.0,1
0.3989545947860803,-0.3338340887769755,-0.2632408091382263,0.8418557180144955,-0.2887849428948697,1.0,0.0,1.0,1.0,0.0,1.0,1.0,1.0,1.0,1.0,0
0.748934073798421,-0.5607900969887503,-0.6693481963636598,-0.07309396479754869,-0.46378110666137656,1.0,0.0,1.0,1.0,0.0,1.0,1.0,1.0,1.0,1.0,0
-0.06768471056370727,-0.969310911769945,0.5264124438001168,-0.07309396479754869,0.2362035484046507,0.0,1.0,1.0,1.0,0.0,1.0,1.0,1.0,1.0,1.0,0
1.6822126844979963,0.029295524361864195,-0.5339790672885153,0.09326052298645936,-0.33253398383649646,1.0,0.0,1.0,1.0,0.0,1.0,1.0,1.0,1.0,1.0,0
-0.3010043632386011,-0.6515725002734603,-0.19555624460065404,-0.07309396479754869,0.3674506712295308,1.0,0.0,1.0,1.0,0.0,1.0,1.0,1.0,1.0,1.0,0
-1.2342829739381762,-0.83313730684288,-1.9102318795524846,-0.4889801842575688,-0.46378110666137656,1.0,0.0,1.0,1.0,0.0,1.0,1.0,1.0,1.0,1.0,0
-0.06768471056370727,-0.5607900969887503,0.9099583095130261,-1.320752623177609,-0.2887849428948697,1.0,0.0,1.0,1.0,0.0,1.0,1.0,1.0,1.0,1.0,0
-1.0009633212632825,-0.5153988953463954,-0.8949634114889007,0.34279225466247143,-0.15753782006998962,1.0,0.0,1.0,1.0,0.0,1.0,1.0,1.0,1.0,1.0,0
-1.0009633212632825,-1.3324405249087847,-1.0077710190515212,-1.237575379285605,-0.5075301476030033,1.0,0.0,1.0,1.0,0.0,1.0,1.0,1.0,1.0,1.0,0
1.2155733791482086,-0.83313730684288,0.9776428740505985,-0.4889801842575688,0.10495642557977058,0.0,1.0,1.0,1.0,0.0,1.0,1.0,1.0,1.0,1.0,1
-0.06768471056370727,0.21086033093128403,-0.12787168006308178,-0.4889801842575688,-0.15753782006998962,1.0,0.0,1.0,1.0,0.0,1.0,1.0,1.0,1.0,1.0,0
-0.18434453690115418,-0.6742681010946378,-0.8047173254388044,-0.8216891598255849,0.1487054665213973,0.0,1.0,1.0,1.0,0.0,1.0,1.0,1.0,1.0,1.0,0
-0.7676436685883887,-0.3338340887769755,-1.3010707987143342,-1.071220891501597,-0.15753782006998962,0.0,1.0,1.0,1.0,0.0,1.0,1.0,1.0,1.0,1.0,0
-0.8843034949258356,-0.6061812986311053,-0.3760484167008467,-0.7385119159335809,-0.8137734341943902,0.0,1.0,1.0,1.0,0.0,1.0,1.0,1.0,1.0,1.0,0
-0.8843034949258356,-0.24305168549226558,0.075182013549635,-0.07309396479754869,-0.55127918854463,1.0,0.0,1.0,1.0,0.0,1.0,1.0,1.0,1.0,1.0,0
0.5156144211235272,0.18816473011010657,0.030058970524586823,0.34279225466247143,-0.46378110666137656,1.0,0.0,1.0,1.0,0.0,1.0,1.0,1.0,1.0,1.0,0
0.9822537264733149,1.7087699851289977,0.7069046159003094,-0.4889801842575688,-0.2887849428948697,1.0,0.0,1.0,1.0,0.0,1.0,1.0,1.0,1.0,1.0,0
-0.8843034949258356,-0.5607900969887503,0.8422737449754539,0.34279225466247143,-0.11378877912836292,0.0,1.0,1.0,1.0,0.0,1.0,1.0,1.0,1.0,1.0,0
1.0989135528107616,5.067718906663265,0.6166585298502131,0.010083279094455335,1.6799218994783318,1.0,0.0,1.0,1.0,0.0,1.0,1.0,1.0,1.0,1.0,1
-1.3509428002756232,-0.40192089124050795,0.4136048362374963,0.09326052298645936,0.2799525893462774,1.0,0.0,1.0,1.0,0.0,1.0,1.0,1.0,1.0,1.0,0
0.28229476844863344,0.5739899440701237,1.0453274385881708,-0.32262569647356076,-0.15753782006998962,0.0,1.0,1.0,1.0,0.0,1.0,1.0,1.0,1.0,1.0,1
0.04897511577373963,0.3470339358583489,-0.5339790672885153,-0.988043647609593,-0.4200320657197499,1.0,0.0,1.0,1.0,0.0,1.0,1.0,1.0,1.0,1.0,0
-0.7676436685883887,0.029295524361864195,-0.5114175457759913,-0.15627120868955272,-0.20128686101161633,1.0,0.0,1.0,1.0,0.0,1.0,1.0,1.0,1.0,1.0,0
1.2155733791482086,0.5285987424277687,-0.17299472308812996,-0.4889801842575688,0.017458343696517182,1.0,0.0,1.0,1.0,0.0,1.0,1.0,1.0,1.0,1.0,0
-1.0009633212632825,-1.0147021134123,-2.1809701377027735,-0.904866403717589,0.017458343696517182,1.0,0.0,1.0,1.0,0.0,1.0,1.0,1.0,1.0,1.0,0
1.5655528581605493,-0.2884428871346205,-0.1053101585505577,-1.7366388426376291,-0.11378877912836292,1.0,0.0,1.0,1.0,0.0,1.0,1.0,1.0,1.0,1.0,0
1.6822126844979963,0.43781633914305884,1.0227659170756467,0.17643776687846338,-0.15753782006998962,1.0,0.0,1.0,1.0,0.0,1.0,1.0,1.0,1.0,1.0,0
0.04897511577373963,-0.4700076937040404,-0.7370327609012322,-1.071220891501597,-0.37628302477812314,0.0,1.0,1.0,1.0,0.0,1.0,1.0,1.0,1.0,1.0,0
1.2155733791482086,0.5059031416065913,-0.2858023306507504,-0.904866403717589,-0.02629069724510952,0.0,1.0,1.0,1.0,0.0,1.0,1.0,1.0,1.0,1.0,0
2.032192163510337,3.2520708409690666,1.4965578688386525,-0.07309396479754869,13.667159117484049,1.0,0.0,1.0,0.0,1.0,1.0,1.0,1.0,1.0,1.0,1
-0.5343240159134949,-0.37922529041933045,0.345920271699924,0.5091467424464795,-0.46378110666137656,0.0,1.0,1.0,1.0,0.0,1.0,1.0,1.0,1.0,1.0,0
-0.8843034949258356,0.5739899440701237,1.0453274385881708,-0.07309396479754869,0.10495642557977058,0.0,1.0,1.0,1.0,0.0,1.0,1.0,1.0,1.0,1.0,0
-0.7676436685883887,0.7555547506395436,-1.459001449302003,-1.320752623177609,-0.7700243932527635,1.0,0.0,1.0,1.0,0.0,1.0,1.0,1.0,1.0,1.0,0
-0.7676436685883887,-0.22035608467108808,-1.1882631911517139,2.671755083638584,-0.2887849428948697,0.0,1.0,1.0,1.0,0.0,1.0,1.0,1.0,1.0,1.0,0
-0.6509838422509417,-0.03879127810166825,0.7520276589253576,-0.6553346720415768,1.373678612886945,1.0,0.0,1.0,1.0,0.0,1.0,1.0,1.0,1.0,1.0,0
1.3322332054856556,-0.10687808056520069,-0.21811776611317812,-1.071220891501597,0.4111997121711575,0.0,1.0,1.0,1.0,0.0,1.0,1.0,1.0,1.0,1.0,0
-0.8843034949258356,-1.3778317265511395,-0.8949634114889007,0.5923239863384835,-1.6012561711436708,0.0,1.0,1.0,1.0,0.0,1.0,1.0,1.0,1.0,1.0,0
0.9822537264733149,-0.878528508485235,-0.060187115525509524,-0.32262569647356076,-0.6387772704278833,1.0,0.0,1.0,1.0,0.0,1.0,1.0,1.0,1.0,1.0,0
1.4488930318231024,-1.0147021134123,-0.5114175457759913,0.09326052298645936,0.5861958759376643,0.0,1.0,1.0,1.0,0.0,1.0,1.0,1.0,1.0,1.0,1
-1.1176231476007294,-1.0147021134123,-0.5565405888010394,0.7586784741224916,0.1487054665213973,1.0,0.0,1.0,1.0,0.0,1.0,1.0,1.0,1.0,1.0,0
1.5655528581605493,0.46051193996423634,0.12030505657468317,-0.07309396479754869,-0.37628302477812314,1.0,0.0,1.0,1.0,0.0,1.0,1.0,1.0,1.0,1.0,0
1.4488930318231024,2.3669424089431446,3.459410240428248,0.9250329619064996,-1.5137580892604174,1.0,0.0,1.0,0.0,1.0,1.0,1.0,1.0,1.0,1.0,0
-0.7676436685883887,-0.4700076937040404,-0.1053101585505577,-0.7385119159335809,-0.20128686101161633,1.0,0.0,1.0,1.0,0.0,1.0,1.0,1.0,1.0,1.0,0
1.4488930318231024,-0.969310911769945,0.864835266487978,-0.07309396479754869,-0.15753782006998962,0.0,1.0,1.0,1.0,0.0,1.0,1.0,1.0,1.0,1.0,0
-1.0009633212632825,-1.2416581216240747,-0.714471239388708,0.9250329619064996,-0.15753782006998962,1.0,0.0,1.0,1.0,0.0,1.0,1.0,1.0,1.0,1.0,0
0.6322742474609742,0.3924251375007039,1.1806965676633152,0.010083279094455335,-0.24503590195324304,1.0,0.0,1.0,1.0,0.0,1.0,1.0,1.0,1.0,1.0,0
-1.3509428002756232,-0.10687808056520069,1.5416809118637007,-0.904866403717589,-0.15753782006998962,0.0,1.0,1.0,1.0,0.0,1.0,1.0,1.0,1.0,1.0,1
0.3989545947860803,-0.016095677280490765,0.9550813525380744,-0.7385119159335809,-0.20128686101161633,1.0,0.0,1.0,1.0,0.0,1.0,1.0,1.0,1.0,1.0,0
-0.18434453690115418,-1.1508757183393648,-0.8949634114889007,-1.071220891501597,-0.24503590195324304,1.0,0.0,1.0,1.0,0.0,1.0,1.0,1.0,1.0,1.0,0
0.3989545947860803,0.6647723473548336,-0.1053101585505577,0.7586784741224916,-0.33253398383649646,1.0,0.0,1.0,1.0,0.0,1.0,1.0,1.0,1.0,1.0,0
2.032192163510337,1.0279019604936734,1.0904504816132188,-0.4889801842575688,-0.20128686101161633,0.0,1.0,1.0,1.0,0.0,1.0,1.0,1.0,1.0,1.0,1
1.798872510835443,-1.7409613396899792,-0.5565405888010394,0.34279225466247143,0.2799525893462774,1.0,0.0,1.0,1.0,0.0,1.0,1.0,1.0,1.0,1.0,0
1.91553233717289,0.9371195572089634,0.8197122234629298,0.34279225466247143,-0.24503590195324304,1.0,0.0,1.0,1.0,0.0,1.0,1.0,1.0,1.0,1.0,0
1.0989135528107616,0.959815158030141,1.383750261276032,-0.4889801842575688,0.10495642557977058,0.0,1.0,1.0,1.0,0.0,1.0,1.0,1.0,1.0,1.0,0
-1.3509428002756232,-0.016095677280490765,-1.752301228964816,-0.5721574281495728,-0.24503590195324304,1.0,0.0,1.0,1.0,0.0,1.0,1.0,1.0,1.0,1.0,0
0.9822537264733149,1.345640371990158,-0.5339790672885153,-1.320752623177609,-0.5075301476030033,0.0,1.0,1.0,1.0,0.0,1.0,1.0,1.0,1.0,1.0,1
1.3322332054856556,-0.4700076937040404,0.7745891804378817,-0.23944845258155673,-0.37628302477812314,1.0,0.0,1.0,1.0,0.0,1.0,1.0,1.0,1.0,1.0,0
-0.5343240159134949,-0.37922529041933045,1.158135046150791,-0.5721574281495728,1.5924238175950785,0.0,1.0,1.0,1.0,0.0,1.0,1.0,1.0,1.0,1.0,0
1.2155733791482086,0.3697295366795264,0.9550813525380744,0.34279225466247143,-0.55127918854463,1.0,0.0,1.0,1.0,0.0,1.0,1.0,1.0,1.0,1.0,0
-0.41766418957604795,-0.15226928220755565,0.5038509222875927,-0.8216891598255849,0.10495642557977058,1.0,0.0,1.0,1.0,0.0,1.0,1.0,1.0,1.0,1.0,0
-0.3010043632386011,-0.4700076937040404,-0.714471239388708,-0.7385119159335809,0.06120738463814389,1.0,0.0,1.0,1.0,0.0,1.0,1.0,1.0,1.0,1.0,0
-0.06768471056370727,-0.37922529041933045,-0.33092537367579855,0.34279225466247143,-0.15753782006998962,0.0,1.0,1.0,1.0,0.0,1.0,1.0,1.0,1.0,1.0,0
-1.2342829739381762,0.7101635489971886,0.8197122234629298,-0.07309396479754869,-0.33253398383649646,0.0,1.0,1.0,1.0,0.0,1.0,1.0,1.0,1.0,1.0,0
0.3989545947860803,0.5285987424277687,0.30079722867487585,1.1745646935825116,-0.15753782006998962,1.0,0.0,1.0,1.0,0.0,1.0,1.0,1.0,1.0,1.0,0
1.4488930318231024,1.2548579687054482,2.0154728636267065,-0.32262569647356076,0.10495642557977058,1.0,0.0,1.0,1.0,0.0,1.0,1.0,1.0,1.0,1.0,0
1.798872510835443,1.6406831826654653,2.376457207827092,-0.07309396479754869,-0.9450205570192703,1.0,0.0,1.0,1.0,0.0,1.0,1.0,1.0,1.0,1.0,0
-1.0009633212632825,-0.4927032945252179,-0.6016636318260876,0.17643776687846338,0.3237016302879041,0.0,1.0,1.0,1.0,0.0,1.0,1.0,1.0,1.0,1.0,0
-1.1176231476007294,-0.6515725002734603,-1.2785092772018103,1.0913874496905076,-0.6387772704278833,1.0,0.0,1.0,1.0,0.0,1.0,1.0,1.0,1.0,1.0,0
0.8655939001358679,-0.969310911769945,-0.6693481963636598,-1.071220891501597,-0.5075301476030033,0.0,1.0,1.0,1.0,0.0,1.0,1.0,1.0,1.0,1.0,0
0.6322742474609742,-0.22035608467108808,1.0227659170756467,0.010083279094455335,-0.15753782006998962,1.0,0.0,1.0,1.0,0.0,1.0,1.0,1.0,1.0,1.0,0
0.16563494211118654,0.6647723473548336,-0.4888560242634672,-0.904866403717589,0.8049410806457978,0.0,1.0,1.0,1.0,0.0,1.0,1.0,1.0,1.0,1.0,0
1.0989135528107616,1.345640371990158,0.14286657808720726,0.7586784741224916,-0.02629069724510952,0.0,1.0,1.0,1.0,0.0,1.0,1.0,1.0,1.0,1.0,1
-1.2342829739381762,-0.6742681010946378,-0.01506407250046135,0.09326052298645936,-0.33253398383649646,1.0,0.0,1.0,1.0,0.0,1.0,1.0,1.0,1.0,1.0,0
-1.3509428002756232,-0.2657472863134431,0.075182013549635,-0.4058029403655648,-0.7700243932527635,1.0,0.0,1.0,1.0,0.0,1.0,1.0,1.0,1.0,1.0,0
0.16563494211118654,0.18816473011010657,1.0904504816132188,-0.4889801842575688,0.06120738463814389,1.0,0.0,1.0,1.0,0.0,1.0,1.0,1.0,1.0,1.0,0
-1.1176231476007294,-0.7877461052005251,-1.0754555835890933,0.34279225466247143,0.936188203470678,1.0,0.0,1.0,1.0,0.0,1.0,1.0,1.0,1.0,1.0,0
-1.3509428002756232,-1.6955701380476242,-1.729739707452292,-0.32262569647356076,-0.20128686101161633,1.0,0.0,1.0,1.0,0.0,1.0,1.0,1.0,1.0,1.0,0
1.4488930318231024,1.436422775274868,1.1130120031257429,0.7586784741224916,1.9424161451280921,0.0,1.0,1.0,1.0,0.0,1.0,1.0,1.0,1.0,1.0,1
-0.5343240159134949,-1.0373977142334774,-1.5041244923270511,1.0082102057985036,-0.68252631136951,1.0,0.0,1.0,1.0,0.0,1.0,1.0,1.0,1.0,1.0,0
-0.3010043632386011,-1.3778317265511395,1.2935041752259357,-1.154398135393601,-0.68252631136951,0.0,1.0,1.0,1.0,0.0,1.0,1.0,1.0,1.0,1.0,1
2.032192163510337,1.7087699851289977,0.5489739653126408,-0.32262569647356076,-0.11378877912836292,0.0,1.0,1.0,1.0,0.0,1.0,1.0,1.0,1.0,1.0,1
-1.0009633212632825,0.7782503514607211,1.8124191700139896,-0.6553346720415768,0.2362035484046507,1.0,0.0,1.0,1.0,0.0,1.0,1.0,1.0,1.0,1.0,0
-0.7676436685883887,-0.7877461052005251,-0.6242251533386117,0.34279225466247143,0.3674506712295308,1.0,0.0,1.0,1.0,0.0,1.0,1.0,1.0,1.0,1.0,0
-1.2342829739381762,-0.969310911769945,-0.8272788469513285,-0.6553346720415768,-0.9450205570192703,1.0,0.0,1.0,1.0,0.0,1.0,1.0,1.0,1.0,1.0,0
-1.584262452950517,-0.1976604838499106,-0.0827486370380336,0.5923239863384835,-0.24503590195324304,0.0,1.0,1.0,1.0,0.0,1.0,1.0,1.0,1.0,1.0,0
-0.18434453690115418,-1.4232229281934945,-0.8949634114889007,1.0082102057985036,0.8049410806457978,1.0,0.0,1.0,1.0,0.0,1.0,1.0,1.0,1.0,1.0,0
-1.0009633212632825,-0.969310911769945,-0.6693481963636598,-1.320752623177609,-0.24503590195324304,1.0,0.0,1.0,1.0,0.0,1.0,1.0,1.0,1.0,1.0,0
-1.0009633212632825,-0.6061812986311053,-1.752301228964816,-1.7366388426376291,-0.5075301476030033,1.0,0.0,1.0,1.0,0.0,1.0,1.0,1.0,1.0,1.0,0
0.04897511577373963,0.5739899440701237,-0.3986099382133708,0.17643776687846338,1.1549334081788114,0.0,1.0,1.0,1.0,0.0,1.0,1.0,1.0,1.0,1.0,0
0.3989545947860803,-1.3324405249087847,0.18798962111225542,-1.320752623177609,-0.8137734341943902,1.0,0.0,1.0,1.0,0.0,1.0,1.0,1.0,1.0,1.0,0
0.28229476844863344,-0.3338340887769755,-0.33092537367579855,-1.320752623177609,-0.20128686101161633,0.0,1.0,1.0,1.0,0.0,1.0,1.0,1.0,1.0,1.0,0
1.2155733791482086,1.7087699851289977,0.7294661374128335,-1.320752623177609,0.06120738463814389,0.0,1.0,1.0,1.0,0.0,1.0,1.0,1.0,1.0,1.0,1
-0.41766418957604795,-0.6515725002734603,-0.714471239388708,-0.07309396479754869,-0.20128686101161633,0.0,1.0,1.0,1.0,0.0,1.0,1.0,1.0,1.0,1.0,0
0.8655939001358679,-0.5153988953463954,1.4288733043010802,0.34279225466247143,3.2111383324352665,0.0,1.0,1.0,0.0,1.0,1.0,1.0,1.0,1.0,1.0,1
0.6322742474609742,0.5966855448913012,0.16542809959973134,-1.154398135393601,-0.4200320657197499,1.0,0.0,1.0,1.0,0.0,1.0,1.0,1.0,1.0,1.0,0
-0.8843034949258356,-0.92391971012759,-0.9400864545139489,-1.4871071109616172,1.2424314900620648,0.0,1.0,1.0,1.0,0.0,1.0,1.0,1.0,1.0,1.0,0
-0.41766418957604795,-0.061486878922845725,1.158135046150791,1.1745646935825116,-0.07003973818673623,0.0,1.0,1.0,1.0,0.0,1.0,1.0,1.0,1.0,1.0,0
-0.5343240159134949,-0.4700076937040404,-1.707178185939768,-0.904866403717589,0.4111997121711575,0.0,1.0,1.0,1.0,0.0,1.0,1.0,1.0,1.0,1.0,0
-1.2342829739381762,-0.7877461052005251,0.32335875018739996,-0.904866403717589,0.7174429987625445,0.0,1.0,1.0,1.0,0.0,1.0,1.0,1.0,1.0,1.0,0
-0.7676436685883887,-1.6501789364052692,-0.5339790672885153,-0.15627120868955272,-0.07003973818673623,1.0,0.0,1.0,1.0,0.0,1.0,1.0,1.0,1.0,1.0,0
-0.7676436685883887,-0.24305168549226558,0.5264124438001168,-1.071220891501597,-0.20128686101161633,1.0,0.0,1.0,1.0,0.0,1.0,1.0,1.0,1.0,1.0,0
-0.18434453690115418,5.02232770502091,-1.526686013839575,0.7586784741224916,-0.20128686101161633,1.0,0.0,1.0,1.0,0.0,1.0,1.0,1.0,1.0,1.0,0
-0.18434453690115418,2.2988556064796124,2.241088078751947,2.505400595854576,0.629944916879291,0.0,1.0,1.0,1.0,0.0,1.0,1.0,1.0,1.0,1.0,0
0.16563494211118654,0.12007792764657411,0.007497449012062735,-0.904866403717589,-0.8137734341943902,0.0,1.0,1.0,1.0,0.0,1.0,1.0,1.0,1.0,1.0,0
0.9822537264733149,1.7087699851289977,-1.8199857935023882,-0.32262569647356076,-0.15753782006998962,1.0,0.0,1.0,1.0,0.0,1.0,1.0,1.0,1.0,1.0,1
-1.3509428002756232,-1.1508757183393648,-0.3083638521632745,-0.904866403717589,-0.15753782006998962,0.0,1.0,1.0,1.0,0.0,1.0,1.0,1.0,1.0,1.0,0
1.4488930318231024,-1.1281801175181874,-0.443732981238419,0.34279225466247143,-0.68252631136951,0.0,1.0,1.0,1.0,0.0,1.0,1.0,1.0,1.0,1.0,1
-1.3509428002756232,-0.37922529041933045,-1.2785092772018103,0.7586784741224916,-0.5950282294862567,1.0,0.0,1.0,1.0,0.0,1.0,1.0,1.0,1.0,1.0,0
-0.06768471056370727,0.8917283555666085,0.9325198310255502,-0.988043647609593,-0.8137734341943902,0.0,1.0,1.0,1.0,0.0,1.0,1.0,1.0,1.0,1.0,1
0.16563494211118654,0.07468672600421916,2.5795109014398085,2.006337132502552,-0.15753782006998962,1.0,0.0,1.0,1.0,0.0,1.0,1.0,1.0,1.0,1.0,0
1.3322332054856556,-0.35652968959815295,0.45872787926254444,-0.988043647609593,-0.24503590195324304,0.0,1.0,1.0,1.0,0.0,1.0,1.0,1.0,1.0,1.0,1
-1.0009633212632825,-0.37922529041933045,0.345920271699924,2.006337132502552,-0.5075301476030033,0.0,1.0,1.0,1.0,0.0,1.0,1.0,1.0,1.0,1.0,0
-1.3509428002756232,-0.10687808056520069,-1.0077710190515212,-0.07309396479754869,0.3674506712295308,1.0,0.0,1.0,1.0,0.0,1.0,1.0,1.0,1.0,1.0,0
0.5156144211235272,0.09738232682539663,-0.2632408091382263,0.17643776687846338,-0.55127918854463,0.0,1.0,1.0,1.0,0.0,1.0,1.0,1.0,1.0,1.0,0
0.28229476844863344,1.1186843637783832,1.2483811322008875,1.5904509130425317,0.10495642557977058,1.0,0.0,1.0,1.0,0.0,1.0,1.0,1.0,1.0,1.0,0
-0.7676436685883887,-0.10687808056520069,-0.6693481963636598,-0.07309396479754869,0.936188203470678,0.0,1.0,1.0,1.0,0.0,1.0,1.0,1.0,1.0,1.0,0
-1.1176231476007294,-0.03879127810166825,-0.3760484167008467,0.34279225466247143,-0.15753782006998962,1.0,0.0,1.0,1.0,0.0,1.0,1.0,1.0,1.0,1.0,0
-0.3010043632386011,-0.5607900969887503,0.2105511426247795,-1.071220891501597,-0.2887849428948697,1.0,0.0,1.0,1.0,0.0,1.0,1.0,1.0,1.0,1.0,0
-1.0009633212632825,-0.878528508485235,-0.19555624460065404,-0.7385119159335809,-0.5075301476030033,0.0,1.0,1.0,1.0,0.0,1.0,1.0,1.0,1.0,1.0,0
0.3989545947860803,0.8463371539242535,0.7520276589253576,-0.07309396479754869,-0.2887849428948697,0.0,1.0,1.0,1.0,0.0,1.0,1.0,1.0,1.0,1.0,0
0.3989545947860803,2.3669424089431446,-1.2785092772018103,-1.154398135393601,-0.33253398383649646,1.0,0.0,1.0,1.0,0.0,1.0,1.0,1.0,1.0,1.0,0
-0.8843034949258356,-0.5380944961675728,-1.459001449302003,0.34279225466247143,-0.9012715160776436,1.0,0.0,1.0,1.0,0.0,1.0,1.0,1.0,1.0,1.0,0
-0.8843034949258356,-0.7423549035581701,-0.5565405888010394,-0.32262569647356076,-0.11378877912836292,1.0,0.0,1.0,1.0,0.0,1.0,1.0,1.0,1.0,1.0,0
-0.5343240159134949,-0.7423549035581701,0.30079722867487585,1.4240964252585238,0.2362035484046507,1.0,0.0,1.0,1.0,0.0,1.0,1.0,1.0,1.0,1.0,0
1.91553233717289,2.525811614691387,-0.19555624460065404,0.6755012302304875,-0.6387772704278833,0.0,1.0,1.0,1.0,0.0,1.0,1.0,1.0,1.0,1.0,0
1.0989135528107616,-0.2657472863134431,0.3910433147249722,-1.320752623177609,-0.20128686101161633,1.0,0.0,1.0,1.0,0.0,1.0,1.0,1.0,1.0,1.0,0
1.3322332054856556,0.3924251375007039,0.45872787926254444,0.7586784741224916,-0.9450205570192703,1.0,0.0,1.0,1.0,0.0,1.0,1.0,1.0,1.0,1.0,1
-0.5343240159134949,-1.2189625208028971,-1.9553549225775329,-0.4889801842575688,0.2362035484046507,0.0,1.0,1.0,1.0,0.0,1.0,1.0,1.0,1.0,1.0,0
1.3322332054856556,-0.4246164920616854,-0.19555624460065404,1.5904509130425317,-0.6387772704278833,0.0,1.0,1.0,1.0,0.0,1.0,1.0,1.0,1.0,1.0,0
-0.6509838422509417,-1.6955701380476242,0.18798962111225542,0.5091467424464795,-0.15753782006998962,1.0,0.0,1.0,1.0,0.0,1.0,1.0,1.0,1.0,1.0,0
-1.2342829739381762,-1.4686141298358495,0.5264124438001168,1.6736281569345357,-0.68252631136951,1.0,0.0,1.0,1.0,0.0,1.0,1.0,1.0,1.0,1.0,0
0.8655939001358679,1.436422775274868,-0.01506407250046135,1.1745646935825116,-0.6387772704278833,1.0,0.0,1.0,1.0,0.0,1.0,1.0,1.0,1.0,1.0,0
-0.06768471056370727,1.2548579687054482,1.2258196106883634,0.7586784741224916,0.2799525893462774,0.0,1.0,1.0,1.0,0.0,1.0,1.0,1.0,1.0,1.0,0
1.6822126844979963,0.6193811457124787,0.7520276589253576,-0.07309396479754869,-0.20128686101161633,1.0,0.0,1.0,1.0,0.0,1.0,1.0,1.0,1.0,1.0,0
-0.18434453690115418,-1.0373977142334774,0.48128940077506854,-0.6553346720415768,-0.15753782006998962,1.0,0.0,1.0,1.0,0.0,1.0,1.0,1.0,1.0,1.0,0
0.16563494211118654,-0.1976604838499106,-0.4662945027509431,-0.32262569647356076,-0.2887849428948697,1.0,0.0,1.0,1.0,0.0,1.0,1.0,1.0,1.0,1.0,0
-1.1176231476007294,0.3470339358583489,-0.1053101585505577,-0.07309396479754869,-0.37628302477812314,1.0,0.0,1.0,1.0,0.0,1.0,1.0,1.0,1.0,1.0,0
-0.18434453690115418,-1.3778317265511395,1.5191193903511766,2.006337132502552,-0.68252631136951,1.0,0.0,1.0,0.0,1.0,1.0,1.0,1.0,1.0,1.0,1
-1.2342829739381762,-1.4232229281934945,-2.000477965602581,-0.4889801842575688,-0.02629069724510952,0.0,1.0,1.0,1.0,0.0,1.0,1.0,1.0,1.0,1.0,0
0.9822537264733149,1.2548579687054482,-1.0980171051016174,1.0082102057985036,0.1487054665213973,1.0,0.0,1.0,1.0,0.0,1.0,1.0,1.0,1.0,1.0,0
-0.6509838422509417,-1.0147021134123,1.2483811322008875,-1.154398135393601,-0.15753782006998962,1.0,0.0,1.0,1.0,0.0,1.0,1.0,1.0,1.0,1.0,0
0.5156144211235272,-0.7423549035581701,-0.443732981238419,0.34279225466247143,-0.20128686101161633,0.0,1.0,1.0,1.0,0.0,1.0,1.0,1.0,1.0,1.0,0
-1.0009633212632825,-1.1508757183393648,-0.6242251533386117,0.6755012302304875,0.2362035484046507,1.0,0.0,1.0,1.0,0.0,1.0,1.0,1.0,1.0,1.0,0
0.6322742474609742,0.029295524361864195,0.16542809959973134,-0.07309396479754869,-0.5075301476030033,1.0,0.0,1.0,1.0,0.0,1.0,1.0,1.0,1.0,1.0,0
-1.1176231476007294,-1.3324405249087847,-0.6016636318260876,-0.23944845258155673,-0.5950282294862567,1.0,0.0,1.0,1.0,0.0,1.0,1.0,1.0,1.0,1.0,1
-1.1176231476007294,-0.7877461052005251,-0.7370327609012322,-0.07309396479754869,-0.24503590195324304,0.0,1.0,1.0,1.0,0.0,1.0,1.0,1.0,1.0,1.0,0
-1.2342829739381762,0.21086033093128403,-1.0528940620765692,0.34279225466247143,0.1487054665213973,1.0,0.0,1.0,1.0,0.0,1.0,1.0,1.0,1.0,1.0,1
-0.18434453690115418,0.5285987424277687,0.18798962111225542,-0.07309396479754869,-0.20128686101161633,0.0,1.0,1.0,1.0,0.0,1.0,1.0,1.0,1.0,1.0,0
0.748934073798421,-0.10687808056520069,0.09774353506215908,-0.6553346720415768,-0.15753782006998962,0.0,1.0,1.0,1.0,0.0,1.0,1.0,1.0,1.0,1.0,0
1.3322332054856556,1.8449435900560627,0.30079722867487585,1.1745646935825116,0.2362035484046507,1.0,0.0,1.0,1.0,0.0,1.0,1.0,1.0,1.0,1.0,0
0.6322742474609742,0.4832075407854138,0.4361663577500204,1.1745646935825116,0.3674506712295308,1.0,0.0,1.0,1.0,0.0,1.0,1.0,1.0,1.0,1.0,0
0.8655939001358679,-0.4246164920616854,-1.3913168847644306,0.09326052298645936,-0.33253398383649646,1.0,0.0,1.0,1.0,0.0,1.0,1.0,1.0,1.0,1.0,0
2.032192163510337,0.256251532573639,0.4361663577500204,-0.904866403717589,0.8049410806457978,0.0,1.0,1.0,1.0,0.0,1.0,1.0,1.0,1.0,1.0,0
-0.7676436685883887,-0.3338340887769755,-1.1657016696391898,1.6736281569345357,-0.24503590195324304,0.0,1.0,1.0,1.0,0.0,1.0,1.0,1.0,1.0,1.0,0
-1.2342829739381762,-0.8558329076640575,-0.17299472308812996,0.6755012302304875,0.017458343696517182,1.0,0.0,1.0,1.0,0.0,1.0,1.0,1.0,1.0,1.0,0
-0.6509838422509417,1.1186843637783832,1.6996115624513692,0.7586784741224916,-0.33253398383649646,0.0,1.0,1.0,1.0,0.0,1.0,1.0,1.0,1.0,1.0,1
0.04897511577373963,-1.6274833355840919,-1.6169320998896715,0.9250329619064996,-0.15753782006998962,1.0,0.0,1.0,1.0,0.0,1.0,1.0,1.0,1.0,1.0,0
1.6822126844979963,-0.878528508485235,1.0453274385881708,-0.07309396479754869,-0.6387772704278833,0.0,1.0,1.0,1.0,0.0,1.0,1.0,1.0,1.0,1.0,0
0.748934073798421,2.9797236311149367,1.0904504816132188,0.34279225466247143,0.6736939578209178,0.0,1.0,1.0,1.0,0.0,1.0,1.0,1.0,1.0,1.0,1
-1.584262452950517,-0.4246164920616854,-1.1657016696391898,0.2596150107704674,-0.2887849428948697,1.0,0.0,1.0,1.0,0.0,1.0,1.0,1.0,1.0,1.0,0
-1.0009633212632825,-0.878528508485235,-1.3687553632519065,0.34279225466247143,-1.1637657617274038,1.0,0.0,1.0,1.0,0.0,1.0,1.0,1.0,1.0,1.0,0
0.8655939001358679,-0.37922529041933045,-0.03762559401298544,2.006337132502552,0.192454507463024,0.0,1.0,1.0,1.0,0.0,1.0,1.0,1.0,1.0,1.0,0
0.16563494211118654,0.823641553103076,0.5715354868251649,-0.07309396479754869,-0.20128686101161633,1.0,0.0,1.0,1.0,0.0,1.0,1.0,1.0,1.0,1.0,0
-0.7676436685883887,0.8917283555666085,-2.496831438878111,0.8418557180144955,-0.15753782006998962,0.0,1.0,1.0,1.0,0.0,1.0,1.0,1.0,1.0,1.0,0
0.748934073798421,0.8009459522818986,0.5715354868251649,-0.07309396479754869,0.192454507463024,1.0,0.0,1.0,1.0,0.0,1.0,1.0,1.0,1.0,1.0,0
-1.1176231476007294,-0.6969637019158151,-0.5791021103135635,-0.4889801842575688,-0.11378877912836292,0.0,1.0,1.0,1.0,0.0,1.0,1.0,1.0,1.0,1.0,0
0.748934073798421,0.16546912928892907,0.8197122234629298,1.1745646935825116,5.617335584224736,1.0,0.0,1.0,0.0,1.0,1.0,1.0,1.0,1.0,1.0,1
-0.5343240159134949,-0.17496488302873314,-0.15043320157560586,0.5091467424464795,-0.8575224751360169,1.0,0.0,1.0,1.0,0.0,1.0,1.0,1.0,1.0,1.0,0
-1.2342829739381762,-1.1962669199817197,-0.9400864545139489,0.34279225466247143,-0.20128686101161633,0.0,1.0,1.0,1.0,0.0,1.0,1.0,1.0,1.0,1.0,0
-1.1176231476007294,-0.311138487955798,-2.1132855731652014,-0.4058029403655648,0.5861958759376643,1.0,0.0,1.0,1.0,0.0,1.0,1.0,1.0,1.0,1.0,0
1.3322332054856556,-0.311138487955798,1.9929113421141824,-0.6553346720415768,-0.5075301476030033,1.0,0.0,1.0,1.0,0.0,1.0,1.0,1.0,1.0,1.0,0
0.8655939001358679,-1.1281801175181874,-0.3083638521632745,-1.154398135393601,0.936188203470678,0.0,1.0,1.0,1.0,0.0,1.0,1.0,1.0,1.0,1.0,0
0.16563494211118654,-0.3338340887769755,-1.1657016696391898,-1.6534615987456251,-0.4200320657197499,0.0,1.0,1.0,1.0,0.0,1.0,1.0,1.0,1.0,1.0,1
0.16563494211118654,-0.22035608467108808,0.5264124438001168,-1.6534615987456251,0.49869779405441095,0.0,1.0,1.0,1.0,0.0,1.0,1.0,1.0,1.0,1.0,0
-1.1176231476007294,-0.83313730684288,-0.060187115525509524,-1.237575379285605,-0.15753782006998962,1.0,0.0,1.0,0.0,1.0,1.0,1.0,1.0,1.0,1.0,1
-1.2342829739381762,-0.03879127810166825,1.9477882990891342,-0.6553346720415768,0.49869779405441095,1.0,0.0,1.0,1.0,0.0,1.0,1.0,1.0,1.0,1.0,0
-1.2342829739381762,-0.12957368138637818,-0.9400864545139489,0.7586784741224916,0.1487054665213973,1.0,0.0,1.0,1.0,0.0,1.0,1.0,1.0,1.0,1.0,0
-0.18434453690115418,-1.3551361257299621,-0.962647976026473,0.2596150107704674,0.06120738463814389,0.0,1.0,1.0,1.0,0.0,1.0,1.0,1.0,1.0,1.0,0
1.0989135528107616,2.2761600056584346,2.444141772364664,0.5923239863384835,-0.24503590195324304,1.0,0.0,1.0,1.0,0.0,1.0,1.0,1.0,1.0,1.0,1
-0.3010043632386011,1.3002491703478032,-0.8498403684638526,-1.4871071109616172,-0.15753782006998962,0.0,1.0,1.0,0.0,1.0,1.0,1.0,1.0,1.0,1.0,0
-0.8843034949258356,-0.6288768994522828,0.5264124438001168,-1.320752623177609,-0.2887849428948697,1.0,0.0,1.0,1.0,0.0,1.0,1.0,1.0,1.0,1.0,0
0.9822537264733149,-0.7196593027369926,-0.060187115525509524,-0.4889801842575688,0.192454507463024,0.0,1.0,1.0,1.0,0.0,1.0,1.0,1.0,1.0,1.0,0
0.8655939001358679,0.8009459522818986,-0.03762559401298544,0.17643776687846338,-0.37628302477812314,0.0,1.0,1.0,1.0,0.0,1.0,1.0,1.0,1.0,1.0,0
0.748934073798421,0.869032754745431,-0.19555624460065404,-0.904866403717589,-0.68252631136951,0.0,1.0,1.0,1.0,0.0,1.0,1.0,1.0,1.0,1.0,0
-0.41766418957604795,2.23076880401608,3.7978330631161095,1.839982644718544,0.6736939578209178,0.0,1.0,1.0,1.0,0.0,1.0,1.0,1.0,1.0,1.0,1
0.748934073798421,-0.061486878922845725,0.2105511426247795,1.1745646935825116,-0.7262753523111368,1.0,0.0,1.0,1.0,0.0,1.0,1.0,1.0,1.0,1.0,0
0.9822537264733149,0.3924251375007039,-1.1205786266141415,0.34279225466247143,-0.02629069724510952,0.0,1.0,1.0,1.0,0.0,1.0,1.0,1.0,1.0,1.0,0
-0.5343240159134949,-0.83313730684288,-1.3913168847644306,-0.32262569647356076,1.0236862853539315,1.0,0.0,1.0,1.0,0.0,1.0,1.0,1.0,1.0,1.0,0
-0.8843034949258356,-0.22035608467108808,-1.1657016696391898,-0.7385119159335809,-0.988769597960897,1.0,0.0,1.0,1.0,0.0,1.0,1.0,1.0,1.0,1.0,0
1.91553233717289,-0.8104417060217026,-0.060187115525509524,-0.07309396479754869,5.879829829874496,0.0,1.0,1.0,0.0,1.0,1.0,1.0,1.0,1.0,1.0,1
-0.41766418957604795,0.16546912928892907,-0.5339790672885153,-0.07309396479754869,-0.37628302477812314,1.0,0.0,1.0,1.0,0.0,1.0,1.0,1.0,1.0,1.0,0
-1.1176231476007294,0.30164273421599397,-0.7821558039262803,0.7586784741224916,-0.7700243932527635,1.0,0.0,1.0,1.0,0.0,1.0,1.0,1.0,1.0,1.0,0
0.04897511577373963,-0.6061812986311053,2.105718949676803,0.8418557180144955,-0.15753782006998962,1.0,0.0,1.0,1.0,0.0,1.0,1.0,1.0,1.0,1.0,0
-0.41766418957604795,-0.5380944961675728,-0.33092537367579855,0.09326052298645936,-0.9450205570192703,0.0,1.0,1.0,1.0,0.0,1.0,1.0,1.0,1.0,1.0,0
0.9822537264733149,0.9371195572089634,0.09774353506215908,1.839982644718544,0.10495642557977058,1.0,0.0,1.0,1.0,0.0,1.0,1.0,1.0,1.0,1.0,0
-1.4676026266130702,-1.1281801175181874,1.631926997913797,-0.904866403717589,0.10495642557977058,0.0,1.0,1.0,1.0,0.0,1.0,1.0,1.0,1.0,1.0,0
-1.1176231476007294,0.8009459522818986,0.075182013549635,-0.4889801842575688,-0.33253398383649646,0.0,1.0,1.0,1.0,0.0,1.0,1.0,1.0,1.0,1.0,0
-1.2342829739381762,-0.6061812986311053,-0.17299472308812996,0.010083279094455335,0.06120738463814389,1.0,0.0,1.0,1.0,0.0,1.0,1.0,1.0,1.0,1.0,0
-1.2342829739381762,0.07468672600421916,-0.6242251533386117,-0.4889801842575688,-0.2887849428948697,0.0,1.0,1.0,1.0,0.0,1.0,1.0,1.0,1.0,1.0,0
0.3989545947860803,-0.24305168549226558,1.4288733043010802,-0.07309396479754869,-0.5075301476030033,1.0,0.0,1.0,1.0,0.0,1.0,1.0,1.0,1.0,1.0,1
1.2155733791482086,0.7555547506395436,-0.2632408091382263,0.34279225466247143,-0.9450205570192703,0.0,1.0,1.0,1.0,0.0,1.0,1.0,1.0,1.0,1.0,0
0.748934073798421,1.0279019604936734,-1.1431401481266656,0.42596949855447547,-0.2887849428948697,1.0,0.0,1.0,1.0,0.0,1.0,1.0,1.0,1.0,1.0,0
-1.9342419319628577,-1.1054845166970098,-1.77486275047734,0.8418557180144955,-0.55127918854463,1.0,0.0,1.0,1.0,0.0,1.0,1.0,1.0,1.0,1.0,0
1.6822126844979963,2.389638009764322,-0.4211714597258949,0.7586784741224916,-0.11378877912836292,1.0,0.0,1.0,1.0,0.0,1.0,1.0,1.0,1.0,1.0,0
0.28229476844863344,1.9357259933407724,2.5569493799272847,1.3409191813665198,-0.8137734341943902,1.0,0.0,1.0,1.0,0.0,1.0,1.0,1.0,1.0,1.0,0
-0.3010043632386011,1.572596380201933,0.30079722867487585,-0.904866403717589,-0.15753782006998962,1.0,0.0,1.0,1.0,0.0,1.0,1.0,1.0,1.0,1.0,0
-1.3509428002756232,-0.5607900969887503,0.8422737449754539,0.34279225466247143,-0.5950282294862567,0.0,1.0,1.0,1.0,0.0,1.0,1.0,1.0,1.0,1.0,0
0.28229476844863344,0.05199112518304168,0.7294661374128335,0.34279225466247143,1.1111843672371848,1.0,0.0,1.0,1.0,0.0,1.0,1.0,1.0,1.0,1.0,0
-0.18434453690115418,-0.016095677280490765,0.594097008337689,1.1745646935825116,0.4111997121711575,0.0,1.0,1.0,1.0,0.0,1.0,1.0,1.0,1.0,1.0,1
0.5156144211235272,4.432242083670295,0.5715354868251649,1.4240964252585238,0.6736939578209178,1.0,0.0,1.0,1.0,0.0,1.0,1.0,1.0,1.0,1.0,0
1.2155733791482086,-0.6515725002734603,-0.33092537367579855,-0.07309396479754869,0.3674506712295308,1.0,0.0,1.0,1.0,0.0,1.0,1.0,1.0,1.0,1.0,0
0.6322742474609742,-0.4246164920616854,-0.03762559401298544,-0.07309396479754869,-0.15753782006998962,1.0,0.0,1.0,1.0,0.0,1.0,1.0,1.0,1.0,1.0,0
-1.584262452950517,-0.6969637019158151,-0.962647976026473,-0.23944845258155673,0.2362035484046507,0.0,1.0,1.0,1.0,0.0,1.0,1.0,1.0,1.0,1.0,0
-1.2342829739381762,0.256251532573639,-0.21811776611317812,1.5904509130425317,-0.9450205570192703,1.0,0.0,1.0,1.0,0.0,1.0,1.0,1.0,1.0,1.0,0
0.3989545947860803,0.30164273421599397,0.2331126641373036,-1.320752623177609,-1.2512638436106571,1.0,0.0,1.0,1.0,0.0,1.0,1.0,1.0,1.0,1.0,1
1.6822126844979963,1.2548579687054482,1.0904504816132188,-0.904866403717589,0.2362035484046507,1.0,0.0,1.0,1.0,0.0,1.0,1.0,1.0,1.0,1.0,0
0.8655939001358679,-0.6061812986311053,-0.8724018899763767,-0.4889801842575688,-0.11378877912836292,0.0,1.0,1.0,1.0,0.0,1.0,1.0,1.0,1.0,1.0,0
0.9822537264733149,-2.2175689569347066,-1.3913168847644306,1.5904509130425317,1.4611766947701983,0.0,1.0,1.0,1.0,0.0,1.0,1.0,1.0,1.0,1.0,0
1.3322332054856556,0.029295524361864195,-1.0754555835890933,0.9250329619064996,-0.15753782006998962,1.0,0.0,1.0,1.0,0.0,1.0,1.0,1.0,1.0,1.0,1
1.6822126844979963,1.7995523884137077,0.9550813525380744,0.34279225466247143,-0.5075301476030033,1.0,0.0,1.0,1.0,0.0,1.0,1.0,1.0,1.0,1.0,0
-1.2342829739381762,1.2094667670630932,0.3684817932124481,2.838109571422592,-0.33253398383649646,0.0,1.0,1.0,1.0,0.0,1.0,1.0,1.0,1.0,1.0,0
-0.18434453690115418,-1.0147021134123,0.8422737449754539,2.838109571422592,-0.15753782006998962,1.0,0.0,1.0,1.0,0.0,1.0,1.0,1.0,1.0,1.0,0
-1.1176231476007294,-0.016095677280490765,-0.6016636318260876,1.839982644718544,-0.07003973818673623,0.0,1.0,1.0,1.0,0.0,1.0,1.0,1.0,1.0,1.0,0
-0.18434453690115418,0.3924251375007039,-0.9852094975389971,-0.07309396479754869,0.10495642557977058,0.0,1.0,1.0,1.0,0.0,1.0,1.0,1.0,1.0,1.0,1
-0.7676436685883887,1.1867711662419156,-1.4138784062769547,0.5091467424464795,0.2799525893462774,1.0,0.0,1.0,1.0,0.0,1.0,1.0,1.0,1.0,1.0,0
-0.18434453690115418,-0.08418247974402321,-0.1053101585505577,0.7586784741224916,1.5924238175950785,0.0,1.0,1.0,1.0,0.0,1.0,1.0,1.0,1.0,1.0,0
0.748934073798421,-0.22035608467108808,1.4514348258136043,0.34279225466247143,-0.33253398383649646,1.0,0.0,1.0,1.0,0.0,1.0,1.0,1.0,1.0,1.0,0
0.6322742474609742,0.16546912928892907,-0.8724018899763767,0.7586784741224916,0.06120738463814389,1.0,0.0,1.0,1.0,0.0,1.0,1.0,1.0,1.0,1.0,0
-0.5343240159134949,0.43781633914305884,1.3611887397635078,0.9250329619064996,0.192454507463024,1.0,0.0,1.0,1.0,0.0,1.0,1.0,1.0,1.0,1.0,0
-1.2342829739381762,-0.17496488302873314,-1.729739707452292,-1.320752623177609,0.06120738463814389,1.0,0.0,1.0,1.0,0.0,1.0,1.0,1.0,1.0,1.0,0
-0.3010043632386011,0.5739899440701237,4.564924794541928,2.006337132502552,0.3674506712295308,0.0,1.0,1.0,1.0,0.0,1.0,1.0,1.0,1.0,1.0,1
0.16563494211118654,1.2094667670630932,0.864835266487978,-1.320752623177609,0.2799525893462774,0.0,1.0,1.0,1.0,0.0,1.0,1.0,1.0,1.0,1.0,1
0.748934073798421,-0.7877461052005251,0.12030505657468317,0.5923239863384835,-0.15753782006998962,1.0,0.0,1.0,1.0,0.0,1.0,1.0,1.0,1.0,1.0,0
0.16563494211118654,-0.7877461052005251,-0.4888560242634672,-0.6553346720415768,-0.20128686101161633,0.0,1.0,1.0,1.0,0.0,1.0,1.0,1.0,1.0,1.0,0
1.2155733791482086,2.9570280302937593,2.602072422952333,-0.07309396479754869,0.5861958759376643,1.0,0.0,1.0,1.0,0.0,1.0,1.0,1.0,1.0,1.0,1
0.3989545947860803,1.481813976917223,0.2556741856498277,2.006337132502552,-0.46378110666137656,0.0,1.0,1.0,1.0,0.0,1.0,1.0,1.0,1.0,1.0,0
0.16563494211118654,-0.15226928220755565,-0.060187115525509524,-0.904866403717589,0.629944916879291,0.0,1.0,1.0,1.0,0.0,1.0,1.0,1.0,1.0,1.0,0
0.6322742474609742,0.43781633914305884,-0.15043320157560586,-0.32262569647356076,0.017458343696517182,0.0,1.0,1.0,1.0,0.0,1.0,1.0,1.0,1.0,1.0,0
-1.1176231476007294,-1.1508757183393648,-0.8949634114889007,0.34279225466247143,-0.07003973818673623,1.0,0.0,1.0,1.0,0.0,1.0,1.0,1.0,1.0,1.0,0
0.8655939001358679,0.029295524361864195,0.9099583095130261,-1.154398135393601,-0.33253398383649646,1.0,0.0,1.0,1.0,0.0,1.0,1.0,1.0,1.0,1.0,0
1.6822126844979963,1.2548579687054482,0.5715354868251649,2.671755083638584,0.3674506712295308,1.0,0.0,1.0,1.0,0.0,1.0,1.0,1.0,1.0,1.0,0
0.748934073798421,0.5739899440701237,0.5489739653126408,-0.23944845258155673,0.5861958759376643,1.0,0.0,1.0,1.0,0.0,1.0,1.0,1.0,1.0,1.0,0
-0.18434453690115418,-1.6501789364052692,-0.9175249330014248,-1.320752623177609,-0.5950282294862567,1.0,0.0,1.0,1.0,0.0,1.0,1.0,1.0,1.0,1.0,0
-0.18434453690115418,-0.15226928220755565,0.09774353506215908,-0.904866403717589,-0.6387772704278833,1.0,0.0,1.0,1.0,0.0,1.0,1.0,1.0,1.0,1.0,0
0.5156144211235272,0.5739899440701237,-0.15043320157560586,-0.07309396479754869,0.1487054665213973,0.0,1.0,1.0,1.0,0.0,1.0,1.0,1.0,1.0,1.0,1
1.5655528581605493,-0.6515725002734603,0.7520276589253576,-0.32262569647356076,-0.15753782006998962,0.0,1.0,1.0,1.0,0.0,1.0,1.0,1.0,1.0,1.0,0
-0.5343240159134949,-0.6742681010946378,1.6770500409388451,-0.6553346720415768,-0.6387772704278833,1.0,0.0,1.0,1.0,0.0,1.0,1.0,1.0,1.0,1.0,1
-0.8843034949258356,-1.1054845166970098,-1.6169320998896715,0.5091467424464795,0.2362035484046507,1.0,0.0,1.0,1.0,0.0,1.0,1.0,1.0,1.0,1.0,0
0.3989545947860803,0.8917283555666085,0.6843430943877853,1.5072736691505277,0.936188203470678,1.0,0.0,1.0,1.0,0.0,1.0,1.0,1.0,1.0,1.0,0
1.5655528581605493,2.0718995982678376,-0.3083638521632745,0.7586784741224916,0.4111997121711575,1.0,0.0,1.0,1.0,0.0,1.0,1.0,1.0,1.0,1.0,0
-0.8843034949258356,-0.6288768994522828,0.09774353506215908,1.5904509130425317,-0.2887849428948697,1.0,0.0,1.0,1.0,0.0,1.0,1.0,1.0,1.0,1.0,0
1.0989135528107616,2.9797236311149367,1.3611887397635078,0.7586784741224916,1.1986824491204382,1.0,0.0,1.0,1.0,0.0,1.0,1.0,1.0,1.0,1.0,0
0.748934073798421,-1.1962669199817197,0.3910433147249722,-0.07309396479754869,-0.15753782006998962,1.0,0.0,1.0,1.0,0.0,1.0,1.0,1.0,1.0,1.0,0
0.9822537264733149,-0.311138487955798,-0.0827486370380336,-0.7385119159335809,-0.24503590195324304,0.0,1.0,1.0,1.0,0.0,1.0,1.0,1.0,1.0,1.0,1
0.3989545947860803,-0.4246164920616854,1.8124191700139896,0.34279225466247143,-0.15753782006998962,1.0,0.0,1.0,1.0,0.0,1.0,1.0,1.0,1.0,1.0,0
1.5655528581605493,-0.5607900969887503,-0.17299472308812996,0.17643776687846338,-0.37628302477812314,1.0,0.0,1.0,1.0,0.0,1.0,1.0,1.0,1.0,1.0,0
0.6322742474609742,0.006599923540686714,-0.5114175457759913,-0.4889801842575688,0.936188203470678,0.0,1.0,1.0,1.0,0.0,1.0,1.0,1.0,1.0,1.0,0
-1.1176231476007294,-0.10687808056520069,-0.060187115525509524,-0.32262569647356076,1.3299295719453184,1.0,0.0,1.0,1.0,0.0,1.0,1.0,1.0,1.0,1.0,0
-0.3010043632386011,0.3924251375007039,1.3386272182509837,-0.6553346720415768,10.954718579103194,0.0,1.0,1.0,0.0,1.0,1.0,1.0,1.0,1.0,1.0,1
-0.18434453690115418,-0.83313730684288,-0.5114175457759913,1.5904509130425317,0.7611920397041712,0.0,1.0,1.0,1.0,0.0,1.0,1.0,1.0,1.0,1.0,0
1.0989135528107616,-0.08418247974402321,1.0002043955631226,0.34279225466247143,0.06120738463814389,1.0,0.0,1.0,1.0,0.0,1.0,1.0,1.0,1.0,1.0,0
0.16563494211118654,-0.3338340887769755,-0.3986099382133708,0.09326052298645936,-0.2887849428948697,0.0,1.0,1.0,1.0,0.0,1.0,1.0,1.0,1.0,1.0,1
1.3322332054856556,-0.1976604838499106,-0.12787168006308178,0.5091467424464795,0.49869779405441095,1.0,0.0,1.0,1.0,0.0,1.0,1.0,1.0,1.0,1.0,0
-1.1176231476007294,0.05199112518304168,0.6392200513627372,-0.07309396479754869,0.10495642557977058,0.0,1.0,1.0,1.0,0.0,1.0,1.0,1.0,1.0,1.0,0
1.798872510835443,1.345640371990158,0.16542809959973134,-0.4889801842575688,0.017458343696517182,1.0,0.0,1.0,1.0,0.0,1.0,1.0,1.0,1.0,1.0,0
0.16563494211118654,0.30164273421599397,0.2556741856498277,-0.6553346720415768,0.5861958759376643,1.0,0.0,1.0,1.0,0.0,1.0,1.0,1.0,1.0,1.0,0
-0.5343240159134949,-1.4686141298358495,1.7221730839638933,0.2596150107704674,-0.15753782006998962,1.0,0.0,1.0,1.0,0.0,1.0,1.0,1.0,1.0,1.0,0
0.5156144211235272,-0.83313730684288,0.30079722867487585,-0.904866403717589,-0.8575224751360169,0.0,1.0,1.0,1.0,0.0,1.0,1.0,1.0,1.0,1.0,0
-0.18434453690115418,0.16546912928892907,-0.1053101585505577,0.34279225466247143,-0.15753782006998962,0.0,1.0,1.0,1.0,0.0,1.0,1.0,1.0,1.0,1.0,0
0.8655939001358679,2.2080732031949024,2.0605959066517547,0.7586784741224916,0.5424468349960376,1.0,0.0,1.0,1.0,0.0,1.0,1.0,1.0,1.0,1.0,1
1.2155733791482086,0.7555547506395436,-0.15043320157560586,-0.7385119159335809,0.4549487531127842,0.0,1.0,1.0,1.0,0.0,1.0,1.0,1.0,1.0,1.0,1
-0.8843034949258356,-0.016095677280490765,0.075182013549635,-0.07309396479754869,0.936188203470678,0.0,1.0,1.0,1.0,0.0,1.0,1.0,1.0,1.0,1.0,0
1.0989135528107616,-0.4700076937040404,1.2935041752259357,-0.32262569647356076,0.8049410806457978,1.0,0.0,1.0,1.0,0.0,1.0,1.0,1.0,1.0,1.0,0
2.148851989847784,-1.0600933150546548,0.30079722867487585,-0.32262569647356076,-0.68252631136951,0.0,1.0,1.0,1.0,0.0,1.0,1.0,1.0,1.0,1.0,0
-0.18434453690115418,-0.6515725002734603,0.18798962111225542,-0.07309396479754869,0.8924391625290512,0.0,1.0,1.0,1.0,0.0,1.0,1.0,1.0,1.0,1.0,0
1.2155733791482086,-0.10687808056520069,0.05262049203711091,-1.320752623177609,0.7611920397041712,0.0,1.0,1.0,1.0,0.0,1.0,1.0,1.0,1.0,1.0,0
-0.06768471056370727,0.12007792764657411,2.5569493799272847,-0.07309396479754869,0.06120738463814389,1.0,0.0,1.0,1.0,0.0,1.0,1.0,1.0,1.0,1.0,1
1.0989135528107616,0.12007792764657411,0.2105511426247795,0.34279225466247143,1.1111843672371848,1.0,0.0,1.0,1.0,0.0,1.0,1.0,1.0,1.0,1.0,0
0.9822537264733149,0.7101635489971886,0.075182013549635,1.1745646935825116,-0.15753782006998962,0.0,1.0,1.0,1.0,0.0,1.0,1.0,1.0,1.0,1.0,0
1.2155733791482086,-0.6061812986311053,-0.21811776611317812,-0.4058029403655648,0.4549487531127842,0.0,1.0,1.0,1.0,0.0,1.0,1.0,1.0,1.0,1.0,0
0.16563494211118654,0.07468672600421916,0.7294661374128335,0.7586784741224916,-0.02629069724510952,0.0,1.0,1.0,1.0,0.0,1.0,1.0,1.0,1.0,1.0,0
1.5655528581605493,0.9825107588513183,0.345920271699924,-0.32262569647356076,-1.6012561711436708,1.0,0.0,1.0,1.0,0.0,1.0,1.0,1.0,1.0,1.0,0
-0.8843034949258356,-0.15226928220755565,0.4361663577500204,1.5904509130425317,-0.33253398383649646,1.0,0.0,1.0,1.0,0.0,1.0,1.0,1.0,1.0,1.0,0
2.148851989847784,0.5285987424277687,0.45872787926254444,0.34279225466247143,-0.20128686101161633,1.0,0.0,1.0,1.0,0.0,1.0,1.0,1.0,1.0,1.0,0
-0.7676436685883887,-0.83313730684288,-0.7821558039262803,0.5091467424464795,0.2362035484046507,1.0,0.0,1.0,1.0,0.0,1.0,1.0,1.0,1.0,1.0,0
1.6822126844979963,-1.2416581216240747,-0.17299472308812996,0.6755012302304875,-0.20128686101161633,0.0,1.0,1.0,1.0,0.0,1.0,1.0,1.0,1.0,1.0,0
-1.584262452950517,-1.0147021134123,-1.6169320998896715,0.8418557180144955,-0.15753782006998962,1.0,0.0,1.0,1.0,0.0,1.0,1.0,1.0,1.0,1.0,0
1.2155733791482086,1.0279019604936734,0.5038509222875927,-0.6553346720415768,0.5861958759376643,1.0,0.0,1.0,1.0,0.0,1.0,1.0,1.0,1.0,1.0,0
-1.700922279287964,-0.92391971012759,-1.3913168847644306,-0.23944845258155673,-0.55127918854463,0.0,1.0,1.0,1.0,0.0,1.0,1.0,1.0,1.0,1.0,1
1.4488930318231024,-0.1976604838499106,-0.5791021103135635,-1.6534615987456251,0.06120738463814389,0.0,1.0,1.0,1.0,0.0,1.0,1.0,1.0,1.0,1.0,1
-0.41766418957604795,-0.6061812986311053,1.9929113421141824,-0.6553346720415768,-0.7700243932527635,1.0,0.0,1.0,1.0,0.0,1.0,1.0,1.0,1.0,1.0,0
1.4488930318231024,0.30164273421599397,1.3160656967384599,-1.071220891501597,0.6736939578209178,0.0,1.0,1.0,1.0,0.0,1.0,1.0,1.0,1.0,1.0,0
-0.7676436685883887,-1.2643537224452521,-1.6620551429147197,-0.07309396479754869,-0.46378110666137656,1.0,0.0,1.0,1.0,0.0,1.0,1.0,1.0,1.0,1.0,1
-1.1176231476007294,-0.5153988953463954,-1.8425473150149123,-0.4889801842575688,-0.988769597960897,1.0,0.0,1.0,1.0,0.0,1.0,1.0,1.0,1.0,1.0,0
-0.7676436685883887,-1.0147021134123,1.6093654764012728,-1.7366388426376291,0.06120738463814389,1.0,0.0,1.0,1.0,0.0,1.0,1.0,1.0,1.0,1.0,0
-1.2342829739381762,-0.6515725002734603,0.075182013549635,0.34279225466247143,-0.2887849428948697,1.0,0.0,1.0,1.0,0.0,1.0,1.0,1.0,1.0,1.0,0
1.4488930318231024,1.527205178559578,-1.4138784062769547,0.5923239863384835,-0.15753782006998962,1.0,0.0,1.0,1.0,0.0,1.0,1.0,1.0,1.0,1.0,1
-0.3010043632386011,-0.92391971012759,-0.6016636318260876,-0.4889801842575688,0.10495642557977058,0.0,1.0,1.0,1.0,0.0,1.0,1.0,1.0,1.0,1.0,1
0.3989545947860803,1.481813976917223,-1.4138784062769547,2.671755083638584,-0.15753782006998962,1.0,0.0,1.0,1.0,0.0,1.0,1.0,1.0,1.0,1.0,0
1.798872510835443,-0.6061812986311053,0.2105511426247795,-0.07309396479754869,3.254887373376893,1.0,0.0,1.0,1.0,0.0,1.0,1.0,1.0,1.0,1.0,0
-0.6509838422509417,-0.2884428871346205,-0.5339790672885153,0.7586784741224916,0.10495642557977058,1.0,0.0,1.0,1.0,0.0,1.0,1.0,1.0,1.0,1.0,0
-0.6509838422509417,2.253464404837257,0.2782357071623518,1.1745646935825116,-0.6387772704278833,0.0,1.0,1.0,1.0,0.0,1.0,1.0,1.0,1.0,1.0,0
0.5156144211235272,-0.03879127810166825,0.2556741856498277,-0.7385119159335809,-0.8137734341943902,1.0,0.0,1.0,1.0,0.0,1.0,1.0,1.0,1.0,1.0,0
-0.7676436685883887,-0.7877461052005251,-0.2406792876257022,-0.07309396479754869,-0.2887849428948697,0.0,1.0,1.0,1.0,0.0,1.0,1.0,1.0,1.0,1.0,0
-1.4676026266130702,-0.5607900969887503,-1.8199857935023882,-0.8216891598255849,0.3237016302879041,1.0,0.0,1.0,1.0,0.0,1.0,1.0,1.0,1.0,1.0,0
2.032192163510337,1.1413799645995608,2.0154728636267065,0.7586784741224916,-0.20128686101161633,1.0,0.0,1.0,1.0,0.0,1.0,1.0,1.0,1.0,1.0,0
-1.2342829739381762,0.9371195572089634,1.2483811322008875,2.838109571422592,-0.55127918854463,0.0,1.0,1.0,1.0,0.0,1.0,1.0,1.0,1.0,1.0,1
0.6322742474609742,1.0279019604936734,-0.33092537367579855,-0.7385119159335809,-0.5950282294862567,0.0,1.0,1.0,1.0,0.0,1.0,1.0,1.0,1.0,1.0,1
-0.06768471056370727,-0.5153988953463954,0.2331126641373036,-0.32262569647356076,-0.55127918854463,1.0,0.0,1.0,1.0,0.0,1.0,1.0,1.0,1.0,1.0,0
-0.7676436685883887,-0.2884428871346205,0.18798962111225542,1.3409191813665198,-0.15753782006998962,0.0,1.0,1.0,1.0,0.0,1.0,1.0,1.0,1.0,1.0,1
0.5156144211235272,0.8917283555666085,0.18798962111225542,-0.07309396479754869,-0.2887849428948697,0.0,1.0,1.0,1.0,0.0,1.0,1.0,1.0,1.0,1.0,0
-0.6509838422509417,0.3470339358583489,2.850249159590098,1.5904509130425317,-0.11378877912836292,0.0,1.0,1.0,1.0,0.0,1.0,1.0,1.0,1.0,1.0,0
-0.41766418957604795,-0.7877461052005251,-0.1053101585505577,-0.07309396479754869,-0.988769597960897,1.0,0.0,1.0,1.0,0.0,1.0,1.0,1.0,1.0,1.0,1
-1.3509428002756232,-0.4246164920616854,-1.9553549225775329,-1.320752623177609,0.017458343696517182,0.0,1.0,1.0,1.0,0.0,1.0,1.0,1.0,1.0,1.0,0
-1.1176231476007294,-0.4473120928828629,-0.8272788469513285,-1.320752623177609,-0.6387772704278833,0.0,1.0,1.0,1.0,0.0,1.0,1.0,1.0,1.0,1.0,0
-1.0009633212632825,-1.1054845166970098,-1.3461938417393824,0.34279225466247143,-0.4200320657197499,1.0,0.0,1.0,1.0,0.0,1.0,1.0,1.0,1.0,1.0,0
0.28229476844863344,-1.0147021134123,-0.060187115525509524,-0.07309396479754869,-0.15753782006998962,1.0,0.0,1.0,1.0,0.0,1.0,1.0,1.0,1.0,1.0,0
-1.4676026266130702,-0.4473120928828629,0.3910433147249722,1.0082102057985036,0.06120738463814389,0.0,1.0,1.0,1.0,0.0,1.0,1.0,1.0,1.0,1.0,0
-0.18434453690115418,0.959815158030141,-0.060187115525509524,2.006337132502552,-0.15753782006998962,1.0,0.0,1.0,1.0,0.0,1.0,1.0,1.0,1.0,1.0,0
-1.1176231476007294,-0.10687808056520069,1.0227659170756467,-0.8216891598255849,-0.5950282294862567,0.0,1.0,1.0,1.0,0.0,1.0,1.0,1.0,1.0,1.0,0
1.2155733791482086,-0.40192089124050795,0.5489739653126408,-0.4889801842575688,0.936188203470678,1.0,0.0,1.0,1.0,0.0,1.0,1.0,1.0,1.0,1.0,0
-1.8175821056254107,-0.5153988953463954,-1.5041244923270511,-0.7385119159335809,0.06120738463814389,1.0,0.0,1.0,1.0,0.0,1.0,1.0,1.0,1.0,1.0,0
0.6322742474609742,-0.4700076937040404,-0.6693481963636598,0.09326052298645936,-0.33253398383649646,0.0,1.0,1.0,1.0,0.0,1.0,1.0,1.0,1.0,1.0,0
1.0989135528107616,2.616594017976097,0.6843430943877853,-0.07309396479754869,-0.15753782006998962,1.0,0.0,1.0,1.0,0.0,1.0,1.0,1.0,1.0,1.0,0
0.04897511577373963,2.571202816333742,-0.7821558039262803,-0.904866403717589,-0.4200320657197499,0.0,1.0,1.0,1.0,0.0,1.0,1.0,1.0,1.0,1.0,1
0.28229476844863344,-1.1962669199817197,0.6392200513627372,0.34279225466247143,3.5611306599682804,0.0,1.0,1.0,1.0,0.0,1.0,1.0,1.0,1.0,1.0,1
-0.3010043632386011,-1.2416581216240747,0.5489739653126408,0.7586784741224916,-0.2887849428948697,0.0,1.0,1.0,1.0,0.0,1.0,1.0,1.0,1.0,1.0,0
1.2155733791482086,2.253464404837257,1.9929113421141824,0.34279225466247143,-0.20128686101161633,1.0,0.0,1.0,1.0,0.0,1.0,1.0,1.0,1.0,1.0,1
-0.8843034949258356,-0.9012241093064125,-1.3461938417393824,0.8418557180144955,0.06120738463814389,1.0,0.0,1.0,1.0,0.0,1.0,1.0,1.0,1.0,1.0,0
0.28229476844863344,-0.5834856978099278,1.9929113421141824,-0.988043647609593,-0.15753782006998962,1.0,0.0,1.0,1.0,0.0,1.0,1.0,1.0,1.0,1.0,1
2.032192163510337,2.389638009764322,-0.060187115525509524,2.006337132502552,-0.15753782006998962,1.0,0.0,1.0,1.0,0.0,1.0,1.0,1.0,1.0,1.0,0
0.5156144211235272,0.5739899440701237,1.158135046150791,-0.32262569647356076,0.7174429987625445,0.0,1.0,1.0,1.0,0.0,1.0,1.0,1.0,1.0,1.0,1
-0.3010043632386011,-0.5607900969887503,-0.3083638521632745,0.34279225466247143,-0.24503590195324304,1.0,0.0,1.0,1.0,0.0,1.0,1.0,1.0,1.0,1.0,0
1.0989135528107616,1.2548579687054482,0.16542809959973134,-0.32262569647356076,0.1487054665213973,1.0,0.0,1.0,1.0,0.0,1.0,1.0,1.0,1.0,1.0,0
-1.584262452950517,-0.969310911769945,-0.19555624460065404,1.0082102057985036,-0.5950282294862567,1.0,0.0,1.0,1.0,0.0,1.0,1.0,1.0,1.0,1.0,0
0.04897511577373963,0.07468672600421916,2.3313341648020436,0.7586784741224916,0.192454507463024,0.0,1.0,1.0,1.0,0.0,1.0,1.0,1.0,1.0,1.0,0
-0.5343240159134949,1.481813976917223,-0.1053101585505577,0.17643776687846338,-0.5950282294862567,0.0,1.0,1.0,1.0,0.0,1.0,1.0,1.0,1.0,1.0,0
-0.5343240159134949,-0.5607900969887503,1.0904504816132188,0.6755012302304875,0.49869779405441095,1.0,0.0,1.0,1.0,0.0,1.0,1.0,1.0,1.0,1.0,0
1.0989135528107616,0.43781633914305884,3.91064067067873,0.17643776687846338,0.3674506712295308,1.0,0.0,1.0,1.0,0.0,1.0,1.0,1.0,1.0,1.0,0
-0.8843034949258356,0.21086033093128403,1.0453274385881708,-0.07309396479754869,-0.6387772704278833,0.0,1.0,1.0,1.0,0.0,1.0,1.0,1.0,1.0,1.0,0
-0.6509838422509417,-0.7423549035581701,-0.5339790672885153,-0.07309396479754869,0.06120738463814389,0.0,1.0,1.0,1.0,0.0,1.0,1.0,1.0,1.0,1.0,0
-1.1176231476007294,0.27894713339481647,0.7745891804378817,0.34279225466247143,-0.15753782006998962,1.0,0.0,1.0,1.0,0.0,1.0,1.0,1.0,1.0,1.0,1
0.04897511577373963,-1.6274833355840919,-1.6620551429147197,-0.07309396479754869,-0.20128686101161633,0.0,1.0,1.0,1.0,0.0,1.0,1.0,1.0,1.0,1.0,0
-0.8843034949258356,2.8889412278302267,1.5642424333762246,2.17269162028656,0.2362035484046507,0.0,1.0,1.0,1.0,0.0,1.0,1.0,1.0,1.0,1.0,0
0.748934073798421,-0.7877461052005251,-0.5114175457759913,-0.4889801842575688,9.204756941438125,0.0,1.0,1.0,0.0,1.0,1.0,1.0,1.0,1.0,1.0,1
1.0989135528107616,0.5739899440701237,-0.3760484167008467,1.1745646935825116,-0.20128686101161633,1.0,0.0,1.0,1.0,0.0,1.0,1.0,1.0,1.0,1.0,0
-1.2342829739381762,0.12007792764657411,-0.3760484167008467,-0.4889801842575688,-0.02629069724510952,0.0,1.0,1.0,1.0,0.0,1.0,1.0,1.0,1.0,1.0,0
0.8655939001358679,0.9371195572089634,1.1130120031257429,-0.07309396479754869,0.06120738463814389,1.0,0.0,1.0,1.0,0.0,1.0,1.0,1.0,1.0,1.0,0
-1.1176231476007294,-0.4700076937040404,1.2032580891758393,0.9250329619064996,-0.5075301476030033,1.0,0.0,1.0,1.0,0.0,1.0,1.0,1.0,1.0,1.0,0
-0.7676436685883887,-0.7877461052005251,-0.8272788469513285,-1.320752623177609,-0.02629069724510952,1.0,0.0,1.0,1.0,0.0,1.0,1.0,1.0,1.0,1.0,0
0.16563494211118654,-0.7877461052005251,-0.01506407250046135,0.34279225466247143,0.10495642557977058,1.0,0.0,1.0,1.0,0.0,1.0,1.0,1.0,1.0,1.0,0
0.3989545947860803,-0.7423549035581701,2.91793372412767,-0.6553346720415768,-0.15753782006998962,1.0,0.0,1.0,1.0,0.0,1.0,1.0,1.0,1.0,1.0,0
-1.700922279287964,-0.22035608467108808,-0.060187115525509524,1.5904509130425317,0.1487054665213973,1.0,0.0,1.0,1.0,0.0,1.0,1.0,1.0,1.0,1.0,0
0.9822537264733149,0.8009459522818986,0.075182013549635,-0.07309396479754869,0.5424468349960376,1.0,0.0,1.0,1.0,0.0,1.0,1.0,1.0,1.0,1.0,1
0.3989545947860803,0.5285987424277687,2.376457207827092,-0.07309396479754869,-0.15753782006998962,1.0,0.0,1.0,1.0,0.0,1.0,1.0,1.0,1.0,1.0,0
0.04897511577373963,0.3470339358583489,-0.6919097178761839,0.7586784741224916,-0.15753782006998962,0.0,1.0,1.0,1.0,0.0,1.0,1.0,1.0,1.0,1.0,1
-0.7676436685883887,-1.4686141298358495,0.075182013549635,-0.4889801842575688,-0.7262753523111368,0.0,1.0,1.0,1.0,0.0,1.0,1.0,1.0,1.0,1.0,0
-0.06768471056370727,0.5739899440701237,1.631926997913797,-1.320752623177609,-0.37628302477812314,0.0,1.0,1.0,1.0,0.0,1.0,1.0,1.0,1.0,1.0,0
1.5655528581605493,-0.10687808056520069,-0.6693481963636598,-0.6553346720415768,-0.02629069724510952,0.0,1.0,1.0,1.0,0.0,1.0,1.0,1.0,1.0,1.0,0
0.9822537264733149,1.7087699851289977,-0.4888560242634672,-0.07309396479754869,0.7174429987625445,1.0,0.0,1.0,1.0,0.0,1.0,1.0,1.0,1.0,1.0,0
-1.0009633212632825,0.3470339358583489,0.2556741856498277,1.6736281569345357,-0.15753782006998962,0.0,1.0,1.0,1.0,0.0,1.0,1.0,1.0,1.0,1.0,0
-0.06768471056370727,1.9357259933407724,-0.35348689518832266,-1.071220891501597,-0.15753782006998962,0.0,1.0,1.0,1.0,0.0,1.0,1.0,1.0,1.0,1.0,0
-1.3509428002756232,-1.3551361257299621,-1.729739707452292,1.1745646935825116,-0.5950282294862567,1.0,0.0,1.0,1.0,0.0,1.0,1.0,1.0,1.0,1.0,0
0.8655939001358679,2.7300720220819845,1.902665256064086,-1.071220891501597,0.3674506712295308,0.0,1.0,1.0,1.0,0.0,1.0,1.0,1.0,1.0,1.0,1
-1.3509428002756232,-1.0147021134123,-1.6394936214021956,-0.6553346720415768,0.06120738463814389,1.0,0.0,1.0,1.0,0.0,1.0,1.0,1.0,1.0,1.0,0
-1.1176231476007294,-0.24305168549226558,-0.060187115525509524,-1.320752623177609,0.4549487531127842,0.0,1.0,1.0,1.0,0.0,1.0,1.0,1.0,1.0,1.0,0
-0.7676436685883887,-0.37922529041933045,-0.7821558039262803,-0.07309396479754869,-0.33253398383649646,1.0,0.0,1.0,1.0,0.0,1.0,1.0,1.0,1.0,1.0,0
-0.06768471056370727,-1.1962669199817197,-0.2406792876257022,0.7586784741224916,-1.0762676798441504,1.0,0.0,1.0,1.0,0.0,1.0,1.0,1.0,1.0,1.0,0
0.28229476844863344,-0.4700076937040404,-0.714471239388708,-0.4889801842575688,0.1487054665213973,0.0,1.0,1.0,1.0,0.0,1.0,1.0,1.0,1.0,1.0,0
2.032192163510337,1.7541611867713527,-0.962647976026473,-0.07309396479754869,0.2799525893462774,0.0,1.0,1.0,1.0,0.0,1.0,1.0,1.0,1.0,1.0,0
-0.6509838422509417,-1.4232229281934945,0.16542809959973134,0.7586784741224916,-0.24503590195324304,1.0,0.0,1.0,1.0,0.0,1.0,1.0,1.0,1.0,1.0,0
1.0989135528107616,0.46051193996423634,-0.714471239388708,0.7586784741224916,0.06120738463814389,1.0,0.0,1.0,1.0,0.0,1.0,1.0,1.0,1.0,1.0,0
1.0989135528107616,-0.5607900969887503,0.09774353506215908,-1.320752623177609,0.2799525893462774,1.0,0.0,1.0,1.0,0.0,1.0,1.0,1.0,1.0,1.0,1
1.4488930318231024,-0.6969637019158151,-0.060187115525509524,0.17643776687846338,-0.6387772704278833,0.0,1.0,1.0,1.0,0.0,1.0,1.0,1.0,1.0,1.0,0
0.9822537264733149,-0.22035608467108808,-0.03762559401298544,0.42596949855447547,2.3361575136027324,0.0,1.0,1.0,1.0,0.0,1.0,1.0,1.0,1.0,1.0,0
-1.4676026266130702,2.9570280302937593,0.8422737449754539,-0.6553346720415768,0.5424468349960376,1.0,0.0,1.0,1.0,0.0,1.0,1.0,1.0,1.0,1.0,0
-1.3509428002756232,0.7101635489971886,1.631926997913797,1.5904509130425317,-0.15753782006998962,0.0,1.0,1.0,1.0,0.0,1.0,1.0,1.0,1.0,1.0,0
-1.0009633212632825,-0.12957368138637818,-0.4211714597258949,-1.4871071109616172,0.06120738463814389,0.0,1.0,1.0,1.0,0.0,1.0,1.0,1.0,1.0,1.0,0
1.4488930318231024,0.006599923540686714,-0.9852094975389971,-0.4889801842575688,-0.15753782006998962,0.0,1.0,1.0,1.0,0.0,1.0,1.0,1.0,1.0,1.0,0
0.8655939001358679,-0.9012241093064125,0.7971507019504057,-0.23944845258155673,-1.0325186389025236,1.0,0.0,1.0,1.0,0.0,1.0,1.0,1.0,1.0,1.0,0
-0.3010043632386011,-0.6515725002734603,-1.4138784062769547,2.838109571422592,0.192454507463024,1.0,0.0,1.0,1.0,0.0,1.0,1.0,1.0,1.0,1.0,0
-0.06768471056370727,-1.4232229281934945,-0.6919097178761839,0.7586784741224916,0.017458343696517182,0.0,1.0,1.0,1.0,0.0,1.0,1.0,1.0,1.0,1.0,0
0.748934073798421,1.8449435900560627,-0.0827486370380336,-1.154398135393601,-0.24503590195324304,1.0,0.0,1.0,1.0,0.0,1.0,1.0,1.0,1.0,1.0,0
0.5156144211235272,-1.3324405249087847,-1.3010707987143342,-1.320752623177609,0.10495642557977058,0.0,1.0,1.0,1.0,0.0,1.0,1.0,1.0,1.0,1.0,0
-0.41766418957604795,-1.3778317265511395,-0.8498403684638526,0.34279225466247143,0.10495642557977058,1.0,0.0,1.0,1.0,0.0,1.0,1.0,1.0,1.0,1.0,0
-0.7676436685883887,-1.4686141298358495,-0.3083638521632745,-1.071220891501597,-0.5950282294862567,1.0,0.0,1.0,1.0,0.0,1.0,1.0,1.0,1.0,1.0,0
-0.5343240159134949,-0.4246164920616854,-0.9175249330014248,0.34279225466247143,-0.24503590195324304,1.0,0.0,1.0,1.0,0.0,1.0,1.0,1.0,1.0,1.0,0
-0.41766418957604795,0.5285987424277687,-0.6693481963636598,0.7586784741224916,0.192454507463024,1.0,0.0,1.0,1.0,0.0,1.0,1.0,1.0,1.0,1.0,0
-0.7676436685883887,-0.92391971012759,-2.068162530140153,1.1745646935825116,-0.5075301476030033,1.0,0.0,1.0,1.0,0.0,1.0,1.0,1.0,1.0,1.0,0
0.9822537264733149,0.5285987424277687,-0.8272788469513285,-0.07309396479754869,-0.24503590195324304,0.0,1.0,1.0,1.0,0.0,1.0,1.0,1.0,1.0,1.0,0
0.28229476844863344,0.30164273421599397,0.075182013549635,-0.6553346720415768,-0.15753782006998962,1.0,0.0,1.0,1.0,0.0,1.0,1.0,1.0,1.0,1.0,0
-0.06768471056370727,-0.1976604838499106,-0.7595942824137561,-0.07309396479754869,0.017458343696517182,1.0,0.0,1.0,1.0,0.0,1.0,1.0,1.0,1.0,1.0,0
-1.0009633212632825,0.30164273421599397,0.18798962111225542,1.5904509130425317,-0.5950282294862567,0.0,1.0,1.0,1.0,0.0,1.0,1.0,1.0,1.0,1.0,0
-1.0009633212632825,-0.15226928220755565,-0.03762559401298544,2.17269162028656,-0.02629069724510952,1.0,0.0,1.0,1.0,0.0,1.0,1.0,1.0,1.0,1.0,0
-1.700922279287964,-1.5367009322993819,-1.5041244923270511,-0.4058029403655648,-0.20128686101161633,1.0,0.0,1.0,1.0,0.0,1.0,1.0,1.0,1.0,1.0,0
-1.2342829739381762,0.8463371539242535,-0.8047173254388044,0.34279225466247143,-0.33253398383649646,1.0,0.0,1.0,1.0,0.0,1.0,1.0,1.0,1.0,1.0,0
0.748934073798421,3.524418050823196,-0.714471239388708,1.5904509130425317,1.986165186069719,0.0,1.0,1.0,1.0,0.0,1.0,1.0,1.0,1.0,1.0,1
0.28229476844863344,1.2094667670630932,-0.714471239388708,-0.07309396479754869,0.06120738463814389,1.0,0.0,1.0,1.0,0.0,1.0,1.0,1.0,1.0,1.0,1
1.4488930318231024,0.9825107588513183,2.42158025085214,0.7586784741224916,-0.24503590195324304,1.0,0.0,1.0,1.0,0.0,1.0,1.0,1.0,1.0,1.0,0
-1.4676026266130702,-1.1962669199817197,-1.8651088365274364,-0.32262569647356076,-1.3825109664355373,1.0,0.0,1.0,1.0,0.0,1.0,1.0,1.0,1.0,1.0,0
-0.18434453690115418,1.9357259933407724,-1.9553549225775329,2.006337132502552,-0.15753782006998962,1.0,0.0,1.0,1.0,0.0,1.0,1.0,1.0,1.0,1.0,0
0.28229476844863344,-0.2884428871346205,-0.9175249330014248,2.339046108070568,-0.33253398383649646,0.0,1.0,1.0,1.0,0.0,1.0,1.0,1.0,1.0,1.0,0
-1.1176231476007294,-1.0600933150546548,-1.6846166644272438,-0.8216891598255849,0.1487054665213973,1.0,0.0,1.0,1.0,0.0,1.0,1.0,1.0,1.0,1.0,0
-0.6509838422509417,-1.2416581216240747,-0.3760484167008467,-1.4871071109616172,-0.5950282294862567,0.0,1.0,1.0,1.0,0.0,1.0,1.0,1.0,1.0,1.0,0
-1.584262452950517,-1.4686141298358495,-0.5791021103135635,-1.320752623177609,-0.37628302477812314,1.0,0.0,1.0,1.0,0.0,1.0,1.0,1.0,1.0,1.0,0
0.8655939001358679,1.3002491703478032,1.8349806915265137,-0.6553346720415768,1.3299295719453184,1.0,0.0,1.0,0.0,1.0,1.0,1.0,1.0,1.0,1.0,0
0.28229476844863344,0.7101635489971886,0.18798962111225542,-0.4889801842575688,-0.9450205570192703,1.0,0.0,1.0,1.0,0.0,1.0,1.0,1.0,1.0,1.0,0
0.28229476844863344,-0.878528508485235,-0.8272788469513285,-0.32262569647356076,-0.37628302477812314,0.0,1.0,1.0,1.0,0.0,1.0,1.0,1.0,1.0,1.0,0
-0.6509838422509417,2.0718995982678376,-0.19555624460065404,0.17643776687846338,-0.15753782006998962,0.0,1.0,1.0,1.0,0.0,1.0,1.0,1.0,1.0,1.0,0
1.5655528581605493,-0.7423549035581701,-1.3010707987143342,1.5904509130425317,-0.2887849428948697,1.0,0.0,1.0,1.0,0.0,1.0,1.0,1.0,1.0,1.0,1
-0.8843034949258356,-0.4700076937040404,-0.12787168006308178,-0.8216891598255849,-0.4200320657197499,0.0,1.0,1.0,1.0,0.0,1.0,1.0,1.0,1.0,1.0,0
0.748934073798421,-0.7877461052005251,1.383750261276032,-0.07309396479754869,-0.20128686101161633,1.0,0.0,1.0,1.0,0.0,1.0,1.0,1.0,1.0,1.0,0
-0.8843034949258356,0.23355593175246153,-0.9852094975389971,-1.071220891501597,-0.55127918854463,1.0,0.0,1.0,1.0,0.0,1.0,1.0,1.0,1.0,1.0,0
-1.700922279287964,-0.03879127810166825,-1.1657016696391898,-0.988043647609593,-0.24503590195324304,1.0,0.0,1.0,1.0,0.0,1.0,1.0,1.0,1.0,1.0,0
-1.0009633212632825,0.09738232682539663,-0.9852094975389971,0.7586784741224916,1.986165186069719,1.0,0.0,1.0,1.0,0.0,1.0,1.0,1.0,1.0,1.0,0
-0.06768471056370727,-0.5607900969887503,0.09774353506215908,0.9250329619064996,0.10495642557977058,1.0,0.0,1.0,1.0,0.0,1.0,1.0,1.0,1.0,1.0,0
0.8655939001358679,0.029295524361864195,3.278918068328055,-0.07309396479754869,-0.02629069724510952,1.0,0.0,1.0,1.0,0.0,1.0,1.0,1.0,1.0,1.0,0
-0.41766418957604795,1.3683359728113356,2.1508419927018507,-0.7385119159335809,-0.6387772704278833,1.0,0.0,1.0,1.0,0.0,1.0,1.0,1.0,1.0,1.0,0
-0.06768471056370727,-0.6515725002734603,-0.6467866748511357,-0.07309396479754869,-0.2887849428948697,0.0,1.0,1.0,1.0,0.0,1.0,1.0,1.0,1.0,1.0,0
-0.18434453690115418,-0.016095677280490765,0.2782357071623518,1.1745646935825116,-1.2512638436106571,0.0,1.0,1.0,1.0,0.0,1.0,1.0,1.0,1.0,1.0,0
-0.41766418957604795,-0.2657472863134431,-1.0528940620765692,0.34279225466247143,-0.2887849428948697,1.0,0.0,1.0,1.0,0.0,1.0,1.0,1.0,1.0,1.0,0
0.6322742474609742,0.5739899440701237,2.0831574281642786,-0.4889801842575688,0.5861958759376643,1.0,0.0,1.0,1.0,0.0,1.0,1.0,1.0,1.0,1.0,0
-0.3010043632386011,-0.1976604838499106,-0.060187115525509524,0.34279225466247143,0.49869779405441095,1.0,0.0,1.0,1.0,0.0,1.0,1.0,1.0,1.0,1.0,0
-0.5343240159134949,0.21086033093128403,-1.459001449302003,1.1745646935825116,0.06120738463814389,1.0,0.0,1.0,1.0,0.0,1.0,1.0,1.0,1.0,1.0,1
0.28229476844863344,0.8009459522818986,1.2258196106883634,-0.7385119159335809,-0.33253398383649646,1.0,0.0,1.0,1.0,0.0,1.0,1.0,1.0,1.0,1.0,0
-1.584262452950517,-1.0600933150546548,-0.9400864545139489,-0.4889801842575688,-0.5075301476030033,1.0,0.0,1.0,1.0,0.0,1.0,1.0,1.0,1.0,1.0,0
-0.5343240159134949,0.029295524361864195,-0.4211714597258949,1.0082102057985036,1.4611766947701983,0.0,1.0,1.0,1.0,0.0,1.0,1.0,1.0,1.0,1.0,0
-0.41766418957604795,-0.10687808056520069,2.0605959066517547,-0.904866403717589,0.017458343696517182,0.0,1.0,1.0,1.0,0.0,1.0,1.0,1.0,1.0,1.0,0
-1.0009633212632825,-1.2870493232664297,0.2331126641373036,-0.6553346720415768,-0.5950282294862567,0.0,1.0,1.0,1.0,0.0,1.0,1.0,1.0,1.0,1.0,0
-0.5343240159134949,-1.1508757183393648,-0.4888560242634672,0.2596150107704674,1.0236862853539315,1.0,0.0,1.0,1.0,0.0,1.0,1.0,1.0,1.0,1.0,0
-0.6509838422509417,-0.7877461052005251,1.6770500409388451,-0.6553346720415768,0.3674506712295308,0.0,1.0,1.0,1.0,0.0,1.0,1.0,1.0,1.0,1.0,0
-0.8843034949258356,-0.4700076937040404,0.7520276589253576,-0.32262569647356076,2.6424008001941193,0.0,1.0,1.0,1.0,0.0,1.0,1.0,1.0,1.0,1.0,0
-1.2342829739381762,-0.83313730684288,-1.0528940620765692,-1.320752623177609,-0.07003973818673623,0.0,1.0,1.0,1.0,0.0,1.0,1.0,1.0,1.0,1.0,0
0.9822537264733149,-0.5153988953463954,-0.3760484167008467,-0.23944845258155673,-0.24503590195324304,1.0,0.0,1.0,1.0,0.0,1.0,1.0,1.0,1.0,1.0,0
1.6822126844979963,1.9811171949831274,-0.9400864545139489,1.5904509130425317,12.617182134885008,0.0,1.0,1.0,0.0,1.0,1.0,1.0,1.0,1.0,1.0,0
-1.2342829739381762,-1.2416581216240747,-1.0980171051016174,-1.071220891501597,-0.24503590195324304,0.0,1.0,1.0,1.0,0.0,1.0,1.0,1.0,1.0,1.0,0
1.798872510835443,0.30164273421599397,1.5191193903511766,0.5091467424464795,1.504925735711825,1.0,0.0,1.0,0.0,1.0,1.0,1.0,1.0,1.0,1.0,0
1.4488930318231024,-0.10687808056520069,-1.797424271989864,-0.32262569647356076,-1.5137580892604174,0.0,1.0,1.0,1.0,0.0,1.0,1.0,1.0,1.0,1.0,0
-0.6509838422509417,-0.15226928220755565,0.14286657808720726,1.1745646935825116,0.06120738463814389,1.0,0.0,1.0,1.0,0.0,1.0,1.0,1.0,1.0,1.0,0
0.748934073798421,-0.4246164920616854,0.9776428740505985,-0.6553346720415768,1.3299295719453184,0.0,1.0,1.0,1.0,0.0,1.0,1.0,1.0,1.0,1.0,0
-1.2342829739381762,0.07468672600421916,-0.8949634114889007,2.006337132502552,0.06120738463814389,1.0,0.0,1.0,1.0,0.0,1.0,1.0,1.0,1.0,1.0,0
-0.18434453690115418,-1.3778317265511395,-1.1205786266141415,-0.6553346720415768,-0.4200320657197499,0.0,1.0,1.0,1.0,0.0,1.0,1.0,1.0,1.0,1.0,0
-0.3010043632386011,2.253464404837257,0.007497449012062735,-0.32262569647356076,0.06120738463814389,0.0,1.0,1.0,1.0,0.0,1.0,1.0,1.0,1.0,1.0,0
-0.18434453690115418,0.46051193996423634,0.2331126641373036,-1.9029933304216373,-0.5950282294862567,1.0,0.0,1.0,1.0,0.0,1.0,1.0,1.0,1.0,1.0,0
-0.7676436685883887,-1.2870493232664297,0.007497449012062735,-1.320752623177609,-0.20128686101161633,0.0,1.0,1.0,1.0,0.0,1.0,1.0,1.0,1.0,1.0,0
-1.3509428002756232,-0.969310911769945,1.0002043955631226,1.5904509130425317,-0.07003973818673623,0.0,1.0,1.0,1.0,0.0,1.0,1.0,1.0,1.0,1.0,0
-0.3010043632386011,-0.5607900969887503,-0.8724018899763767,-0.07309396479754869,-0.24503590195324304,0.0,1.0,1.0,1.0,0.0,1.0,1.0,1.0,1.0,1.0,0
1.4488930318231024,-0.311138487955798,0.7745891804378817,-1.154398135393601,-0.15753782006998962,0.0,1.0,1.0,1.0,0.0,1.0,1.0,1.0,1.0,1.0,0
-1.2342829739381762,-2.149482154471174,-1.0528940620765692,1.0082102057985036,-0.9450205570192703,1.0,0.0,1.0,1.0,0.0,1.0,1.0,1.0,1.0,1.0,0
1.4488930318231024,-1.1962669199817197,-0.2406792876257022,-1.320752623177609,0.2362035484046507,0.0,1.0,1.0,1.0,0.0,1.0,1.0,1.0,1.0,1.0,0
-0.3010043632386011,0.256251532573639,0.3910433147249722,-1.071220891501597,-0.55127918854463,0.0,1.0,1.0,1.0,0.0,1.0,1.0,1.0,1.0,1.0,0
0.6322742474609742,0.006599923540686714,-0.1053101585505577,-0.32262569647356076,-0.46378110666137656,0.0,1.0,1.0,1.0,0.0,1.0,1.0,1.0,1.0,1.0,0
-1.1176231476007294,-0.3338340887769755,-1.4364399277894788,-0.904866403717589,0.8924391625290512,1.0,0.0,1.0,1.0,0.0,1.0,1.0,1.0,1.0,1.0,0
0.748934073798421,-0.8558329076640575,-0.8949634114889007,1.1745646935825116,-0.02629069724510952,0.0,1.0,1.0,1.0,0.0,1.0,1.0,1.0,1.0,1.0,1
1.3322332054856556,1.1186843637783832,2.7825645950525253,1.5904509130425317,-0.37628302477812314,0.0,1.0,1.0,1.0,0.0,1.0,1.0,1.0,1.0,1.0,0
-1.3509428002756232,-1.5593965331205595,-1.459001449302003,-0.6553346720415768,0.017458343696517182,1.0,0.0,1.0,1.0,0.0,1.0,1.0,1.0,1.0,1.0,0
0.6322742474609742,-0.3338340887769755,0.4136048362374963,-0.904866403717589,-0.02629069724510952,1.0,0.0,1.0,1.0,0.0,1.0,1.0,1.0,1.0,1.0,0
-1.2342829739381762,-0.37922529041933045,-1.2785092772018103,-0.8216891598255849,-0.20128686101161633,1.0,0.0,1.0,1.0,0.0,1.0,1.0,1.0,1.0,1.0,0
1.3322332054856556,-1.3778317265511395,-0.03762559401298544,-0.7385119159335809,0.06120738463814389,1.0,0.0,1.0,1.0,0.0,1.0,1.0,1.0,1.0,1.0,0
-1.4676026266130702,-1.0147021134123,0.9550813525380744,-0.7385119159335809,-0.5075301476030033,1.0,0.0,1.0,1.0,0.0,1.0,1.0,1.0,1.0,1.0,0
0.16563494211118654,0.6193811457124787,-0.6919097178761839,0.9250329619064996,0.3674506712295308,1.0,0.0,1.0,1.0,0.0,1.0,1.0,1.0,1.0,1.0,0
-1.584262452950517,0.4832075407854138,-1.8876703580399605,-1.071220891501597,0.017458343696517182,0.0,1.0,1.0,1.0,0.0,1.0,1.0,1.0,1.0,1.0,0
-0.5343240159134949,-0.6515725002734603,0.007497449012062735,-0.6553346720415768,-0.15753782006998962,1.0,0.0,1.0,1.0,0.0,1.0,1.0,1.0,1.0,1.0,0
-0.5343240159134949,-0.37922529041933045,-1.3687553632519065,0.09326052298645936,-0.2887849428948697,0.0,1.0,1.0,1.0,0.0,1.0,1.0,1.0,1.0,1.0,0
2.2655118161852306,0.4832075407854138,-0.3760484167008467,-1.320752623177609,-0.20128686101161633,1.0,0.0,1.0,1.0,0.0,1.0,1.0,1.0,1.0,1.0,0
0.8655939001358679,1.7087699851289977,0.5038509222875927,0.7586784741224916,-0.2887849428948697,1.0,0.0,1.0,1.0,0.0,1.0,1.0,1.0,1.0,1.0,0
-1.1176231476007294,1.1640755654207382,-0.714471239388708,-0.07309396479754869,0.2362035484046507,1.0,0.0,1.0,1.0,0.0,1.0,1.0,1.0,1.0,1.0,1
-0.8843034949258356,0.46051193996423634,0.18798962111225542,-1.154398135393601,-0.15753782006998962,0.0,1.0,1.0,1.0,0.0,1.0,1.0,1.0,1.0,1.0,0
-1.2342829739381762,0.6193811457124787,-0.6467866748511357,-0.5721574281495728,-0.33253398383649646,0.0,1.0,1.0,1.0,0.0,1.0,1.0,1.0,1.0,1.0,0
1.4488930318231024,0.21086033093128403,1.383750261276032,0.010083279094455335,0.2362035484046507,1.0,0.0,1.0,1.0,0.0,1.0,1.0,1.0,1.0,1.0,0
-1.3509428002756232,-0.5153988953463954,-0.03762559401298544,1.3409191813665198,-0.2887849428948697,0.0,1.0,1.0,1.0,0.0,1.0,1.0,1.0,1.0,1.0,0
1.798872510835443,-0.4700076937040404,0.030058970524586823,-0.7385119159335809,2.992393127727133,0.0,1.0,1.0,0.0,1.0,1.0,1.0,1.0,1.0,1.0,1
0.04897511577373963,-0.6061812986311053,1.3386272182509837,-0.07309396479754869,-0.55127918854463,0.0,1.0,1.0,1.0,0.0,1.0,1.0,1.0,1.0,1.0,1
-0.41766418957604795,1.8903347916984177,-0.0827486370380336,0.7586784741224916,-0.37628302477812314,1.0,0.0,1.0,1.0,0.0,1.0,1.0,1.0,1.0,1.0,0
0.6322742474609742,-0.15226928220755565,0.4136048362374963,-0.5721574281495728,-0.11378877912836292,0.0,1.0,1.0,1.0,0.0,1.0,1.0,1.0,1.0,1.0,0
0.748934073798421,-0.3338340887769755,0.8197122234629298,-0.904866403717589,-0.68252631136951,1.0,0.0,1.0,1.0,0.0,1.0,1.0,1.0,1.0,1.0,0
1.798872510835443,0.5059031416065913,0.8422737449754539,0.2596150107704674,-0.8137734341943902,1.0,0.0,1.0,1.0,0.0,1.0,1.0,1.0,1.0,1.0,0
-1.0009633212632825,0.9825107588513183,-0.9175249330014248,0.5091467424464795,-1.1200167207857772,0.0,1.0,1.0,1.0,0.0,1.0,1.0,1.0,1.0,1.0,0
-0.18434453690115418,0.7101635489971886,-0.714471239388708,-0.07309396479754869,-0.9450205570192703,0.0,1.0,1.0,1.0,0.0,1.0,1.0,1.0,1.0,1.0,0
0.16563494211118654,-0.10687808056520069,-0.060187115525509524,0.34279225466247143,-0.15753782006998962,1.0,0.0,1.0,1.0,0.0,1.0,1.0,1.0,1.0,1.0,0
-0.8843034949258356,-1.0147021134123,-1.5943705783771474,-0.07309396479754869,-0.55127918854463,0.0,1.0,1.0,1.0,0.0,1.0,1.0,1.0,1.0,1.0,0
0.16563494211118654,0.6193811457124787,-1.3687553632519065,0.34279225466247143,0.1487054665213973,1.0,0.0,1.0,1.0,0.0,1.0,1.0,1.0,1.0,1.0,0
0.8655939001358679,-0.7423549035581701,0.8422737449754539,-0.4889801842575688,0.06120738463814389,1.0,0.0,1.0,1.0,0.0,1.0,1.0,1.0,1.0,1.0,0
-0.7676436685883887,-0.10687808056520069,0.4136048362374963,0.34279225466247143,-0.15753782006998962,1.0,0.0,1.0,1.0,0.0,1.0,1.0,1.0,1.0,1.0,0
-1.0009633212632825,-1.1281801175181874,-0.03762559401298544,0.34279225466247143,1.373678612886945,1.0,0.0,1.0,1.0,0.0,1.0,1.0,1.0,1.0,1.0,0
0.3989545947860803,1.5952919810231103,1.067888960100695,1.0082102057985036,0.2362035484046507,1.0,0.0,1.0,1.0,0.0,1.0,1.0,1.0,1.0,1.0,0
0.6322742474609742,-0.5380944961675728,1.2032580891758393,0.34279225466247143,0.3674506712295308,0.0,1.0,1.0,1.0,0.0,1.0,1.0,1.0,1.0,1.0,0
0.748934073798421,0.256251532573639,-0.4888560242634672,-0.6553346720415768,-0.55127918854463,0.0,1.0,1.0,1.0,0.0,1.0,1.0,1.0,1.0,1.0,1
-0.3010043632386011,1.2548579687054482,0.2331126641373036,-0.07309396479754869,-0.20128686101161633,1.0,0.0,1.0,1.0,0.0,1.0,1.0,1.0,1.0,1.0,0
-1.1176231476007294,0.006599923540686714,0.8422737449754539,2.006337132502552,-0.5075301476030033,1.0,0.0,1.0,1.0,0.0,1.0,1.0,1.0,1.0,1.0,0
-0.41766418957604795,-0.3338340887769755,-0.17299472308812996,-0.8216891598255849,-0.07003973818673623,1.0,0.0,1.0,1.0,0.0,1.0,1.0,1.0,1.0,1.0,0
0.8655939001358679,-0.15226928220755565,0.5715354868251649,-0.4889801842575688,0.5861958759376643,1.0,0.0,1.0,1.0,0.0,1.0,1.0,1.0,1.0,1.0,0
0.6322742474609742,0.5285987424277687,0.05262049203711091,-0.4889801842575688,0.8924391625290512,0.0,1.0,1.0,1.0,0.0,1.0,1.0,1.0,1.0,1.0,0
0.6322742474609742,0.5285987424277687,0.9776428740505985,0.2596150107704674,-0.2887849428948697,1.0,0.0,1.0,1.0,0.0,1.0,1.0,1.0,1.0,1.0,1
0.748934073798421,-0.24305168549226558,-1.3461938417393824,-0.4889801842575688,0.2799525893462774,0.0,1.0,1.0,1.0,0.0,1.0,1.0,1.0,1.0,1.0,0
0.5156144211235272,0.12007792764657411,0.14286657808720726,1.1745646935825116,-0.7262753523111368,0.0,1.0,1.0,1.0,0.0,1.0,1.0,1.0,1.0,1.0,1
-0.5343240159134949,-0.6061812986311053,0.16542809959973134,0.34279225466247143,-0.07003973818673623,1.0,0.0,1.0,1.0,0.0,1.0,1.0,1.0,1.0,1.0,0
-0.7676436685883887,-1.2416581216240747,0.18798962111225542,0.7586784741224916,-0.20128686101161633,0.0,1.0,1.0,1.0,0.0,1.0,1.0,1.0,1.0,1.0,0
1.2155733791482086,1.2548579687054482,0.2105511426247795,0.34279225466247143,-0.37628302477812314,1.0,0.0,1.0,1.0,0.0,1.0,1.0,1.0,1.0,1.0,0
-0.8843034949258356,0.07468672600421916,-1.1431401481266656,1.0082102057985036,0.4549487531127842,0.0,1.0,1.0,1.0,0.0,1.0,1.0,1.0,1.0,1.0,0
1.5655528581605493,0.5285987424277687,0.8873967880005021,-0.4889801842575688,-0.15753782006998962,1.0,0.0,1.0,1.0,0.0,1.0,1.0,1.0,1.0,1.0,0
0.28229476844863344,-0.22035608467108808,0.9776428740505985,0.5091467424464795,-0.5075301476030033,1.0,0.0,1.0,1.0,0.0,1.0,1.0,1.0,1.0,1.0,0
-0.41766418957604795,-0.6969637019158151,-0.7595942824137561,2.838109571422592,0.1487054665213973,1.0,0.0,1.0,1.0,0.0,1.0,1.0,1.0,1.0,1.0,0
0.04897511577373963,-0.83313730684288,-0.21811776611317812,1.3409191813665198,1.6799218994783318,0.0,1.0,1.0,1.0,0.0,1.0,1.0,1.0,1.0,1.0,0
-0.06768471056370727,-0.5607900969887503,-1.6169320998896715,-0.4058029403655648,-0.33253398383649646,1.0,0.0,1.0,1.0,0.0,1.0,1.0,1.0,1.0,1.0,0
0.16563494211118654,0.43781633914305884,0.5489739653126408,1.5904509130425317,0.10495642557977058,1.0,0.0,1.0,1.0,0.0,1.0,1.0,1.0,1.0,1.0,0
0.6322742474609742,-0.3338340887769755,0.16542809959973134,-0.07309396479754869,-0.15753782006998962,0.0,1.0,1.0,1.0,0.0,1.0,1.0,1.0,1.0,1.0,0
-1.0009633212632825,-0.6515725002734603,-0.8272788469513285,-0.23944845258155673,-0.46378110666137656,0.0,1.0,1.0,1.0,0.0,1.0,1.0,1.0,1.0,1.0,0
-1.0009633212632825,0.5739899440701237,-1.0980171051016174,0.7586784741224916,-0.33253398383649646,1.0,0.0,1.0,1.0,0.0,1.0,1.0,1.0,1.0,1.0,0
-0.7676436685883887,-0.7423549035581701,-0.4662945027509431,1.1745646935825116,-0.15753782006998962,1.0,0.0,1.0,1.0,0.0,1.0,1.0,1.0,1.0,1.0,0
-0.8843034949258356,-0.5834856978099278,-0.3083638521632745,-0.4889801842575688,-0.37628302477812314,0.0,1.0,1.0,1.0,0.0,1.0,1.0,1.0,1.0,1.0,0
1.5655528581605493,0.7101635489971886,0.864835266487978,-0.4889801842575688,0.06120738463814389,1.0,0.0,1.0,1.0,0.0,1.0,1.0,1.0,1.0,1.0,1
-0.18434453690115418,-0.061486878922845725,0.7520276589253576,-1.071220891501597,-1.1637657617274038,0.0,1.0,1.0,1.0,0.0,1.0,1.0,1.0,1.0,1.0,0
2.032192163510337,-0.1976604838499106,0.2782357071623518,-0.4889801842575688,0.2362035484046507,1.0,0.0,1.0,1.0,0.0,1.0,1.0,1.0,1.0,1.0,1
-1.3509428002756232,-0.4473120928828629,0.075182013549635,-1.320752623177609,-1.6887542530269242,0.0,1.0,1.0,1.0,0.0,1.0,1.0,1.0,1.0,1.0,0
0.6322742474609742,-0.3338340887769755,0.9325198310255502,-0.988043647609593,-0.15753782006998962,1.0,0.0,1.0,1.0,0.0,1.0,1.0,1.0,1.0,1.0,0
-0.5343240159134949,0.3470339358583489,0.7971507019504057,-1.237575379285605,-0.11378877912836292,0.0,1.0,1.0,1.0,0.0,1.0,1.0,1.0,1.0,1.0,0
0.6322742474609742,-1.3324405249087847,2.105718949676803,0.7586784741224916,-0.6387772704278833,1.0,0.0,1.0,1.0,0.0,1.0,1.0,1.0,1.0,1.0,0
-0.18434453690115418,1.2094667670630932,-1.6394936214021956,0.34279225466247143,-0.8137734341943902,1.0,0.0,1.0,1.0,0.0,1.0,1.0,1.0,1.0,1.0,0
-0.5343240159134949,-1.1054845166970098,-0.3760484167008467,-0.07309396479754869,-0.5075301476030033,1.0,0.0,1.0,1.0,0.0,1.0,1.0,1.0,1.0,1.0,0
-1.584262452950517,0.8463371539242535,0.9776428740505985,0.17643776687846338,0.5424468349960376,0.0,1.0,1.0,1.0,0.0,1.0,1.0,1.0,1.0,1.0,0
-0.41766418957604795,-0.7877461052005251,-0.443732981238419,1.1745646935825116,-0.37628302477812314,0.0,1.0,1.0,0.0,1.0,1.0,1.0,1.0,1.0,1.0,0
-0.7676436685883887,-1.1962669199817197,1.2258196106883634,-0.6553346720415768,0.017458343696517182,1.0,0.0,1.0,1.0,0.0,1.0,1.0,1.0,1.0,1.0,0
0.6322742474609742,-1.0147021134123,-0.5114175457759913,-0.07309396479754869,-0.4200320657197499,0.0,1.0,1.0,1.0,0.0,1.0,1.0,1.0,1.0,1.0,0
0.16563494211118654,0.5739899440701237,-0.5114175457759913,-0.4889801842575688,-0.15753782006998962,0.0,1.0,1.0,1.0,0.0,1.0,1.0,1.0,1.0,1.0,0
-0.6509838422509417,-0.4700076937040404,-1.3010707987143342,-0.32262569647356076,-0.15753782006998962,1.0,0.0,1.0,1.0,0.0,1.0,1.0,1.0,1.0,1.0,0
-1.1176231476007294,-0.6515725002734603,0.05262049203711091,0.7586784741224916,-0.2887849428948697,1.0,0.0,1.0,1.0,0.0,1.0,1.0,1.0,1.0,1.0,1
0.3989545947860803,-0.4700076937040404,0.05262049203711091,-0.4889801842575688,0.10495642557977058,0.0,1.0,1.0,1.0,0.0,1.0,1.0,1.0,1.0,1.0,0
0.3989545947860803,-0.1976604838499106,1.4965578688386525,-1.320752623177609,-0.20128686101161633,1.0,0.0,1.0,1.0,0.0,1.0,1.0,1.0,1.0,1.0,1
-0.41766418957604795,0.7101635489971886,-0.5565405888010394,-1.154398135393601,-0.2887849428948697,1.0,0.0,1.0,1.0,0.0,1.0,1.0,1.0,1.0,1.0,0
-0.06768471056370727,1.0732931621360282,0.345920271699924,-0.4889801842575688,1.4174276538285717,0.0,1.0,1.0,1.0,0.0,1.0,1.0,1.0,1.0,1.0,1
0.16563494211118654,-0.9920065125911224,-0.03762559401298544,-0.4889801842575688,0.192454507463024,1.0,0.0,1.0,1.0,0.0,1.0,1.0,1.0,1.0,1.0,0
-1.3509428002756232,-0.4700076937040404,1.4288733043010802,1.6736281569345357,-0.5950282294862567,1.0,0.0,1.0,1.0,0.0,1.0,1.0,1.0,1.0,1.0,0
-1.3509428002756232,-0.7423549035581701,-0.7595942824137561,-1.154398135393601,-0.07003973818673623,0.0,1.0,1.0,1.0,0.0,1.0,1.0,1.0,1.0,1.0,1
0.6322742474609742,-0.016095677280490765,0.45872787926254444,-1.320752623177609,0.192454507463024,1.0,0.0,1.0,1.0,0.0,1.0,1.0,1.0,1.0,1.0,0
-0.8843034949258356,-0.878528508485235,-0.1053101585505577,-0.6553346720415768,-0.5075301476030033,1.0,0.0,1.0,1.0,0.0,1.0,1.0,1.0,1.0,1.0,0
-1.3509428002756232,0.07468672600421916,0.7069046159003094,0.34279225466247143,-0.15753782006998962,0.0,1.0,1.0,1.0,0.0,1.0,1.0,1.0,1.0,1.0,0
-0.18434453690115418,-1.4686141298358495,-0.21811776611317812,-0.07309396479754869,-0.6387772704278833,1.0,0.0,1.0,1.0,0.0,1.0,1.0,1.0,1.0,1.0,1
0.04897511577373963,-0.7423549035581701,-1.2785092772018103,0.34279225466247143,0.4549487531127842,0.0,1.0,1.0,1.0,0.0,1.0,1.0,1.0,1.0,1.0,0
-0.3010043632386011,-0.016095677280490765,1.902665256064086,1.1745646935825116,-0.33253398383649646,1.0,0.0,1.0,1.0,0.0,1.0,1.0,1.0,1.0,1.0,0
-1.2342829739381762,-1.2870493232664297,-0.714471239388708,-0.6553346720415768,-0.15753782006998962,1.0,0.0,1.0,1.0,0.0,1.0,1.0,1.0,1.0,1.0,0
-1.3509428002756232,-1.4686141298358495,-0.7595942824137561,-1.071220891501597,-0.07003973818673623,1.0,0.0,1.0,1.0,0.0,1.0,1.0,1.0,1.0,1.0,0
-0.41766418957604795,-0.061486878922845725,0.7520276589253576,-0.07309396479754869,0.06120738463814389,0.0,1.0,1.0,1.0,0.0,1.0,1.0,1.0,1.0,1.0,0
1.6822126844979963,-0.4700076937040404,0.5715354868251649,1.5904509130425317,0.1487054665213973,1.0,0.0,1.0,1.0,0.0,1.0,1.0,1.0,1.0,1.0,0
0.3989545947860803,0.30164273421599397,0.5264124438001168,-0.32262569647356076,-0.24503590195324304,1.0,0.0,1.0,1.0,0.0,1.0,1.0,1.0,1.0,1.0,0
-1.3509428002756232,-0.1976604838499106,0.05262049203711091,-0.07309396479754869,-0.07003973818673623,1.0,0.0,1.0,1.0,0.0,1.0,1.0,1.0,1.0,1.0,0
-0.06768471056370727,1.527205178559578,0.9776428740505985,-0.4889801842575688,-0.4200320657197499,0.0,1.0,1.0,1.0,0.0,1.0,1.0,1.0,1.0,1.0,1
0.748934073798421,1.6633787834866427,1.135573524638267,1.5072736691505277,0.06120738463814389,1.0,0.0,1.0,1.0,0.0,1.0,1.0,1.0,1.0,1.0,0
-0.6509838422509417,-0.016095677280490765,0.030058970524586823,-0.07309396479754869,0.1487054665213973,0.0,1.0,1.0,1.0,0.0,1.0,1.0,1.0,1.0,1.0,0
0.5156144211235272,1.7768567875925303,0.007497449012062735,1.2577419374745158,0.9799372444123047,1.0,0.0,1.0,1.0,0.0,1.0,1.0,1.0,1.0,1.0,0
-0.7676436685883887,0.27894713339481647,-0.6016636318260876,-0.07309396479754869,-0.15753782006998962,1.0,0.0,1.0,1.0,0.0,1.0,1.0,1.0,1.0,1.0,0
0.28229476844863344,0.7101635489971886,-0.060187115525509524,-0.4889801842575688,1.373678612886945,1.0,0.0,1.0,1.0,0.0,1.0,1.0,1.0,1.0,1.0,0
-0.5343240159134949,0.5285987424277687,-0.4888560242634672,-1.4871071109616172,0.1487054665213973,0.0,1.0,1.0,1.0,0.0,1.0,1.0,1.0,1.0,1.0,0
0.8655939001358679,-0.6742681010946378,0.30079722867487585,-2.1525250620976495,-0.2887849428948697,1.0,0.0,1.0,1.0,0.0,1.0,1.0,1.0,1.0,1.0,0
-1.4676026266130702,-0.7196593027369926,-0.5791021103135635,-0.6553346720415768,-0.15753782006998962,0.0,1.0,1.0,1.0,0.0,1.0,1.0,1.0,1.0,1.0,1
0.5156144211235272,0.006599923540686714,0.7971507019504057,-0.4889801842575688,-0.15753782006998962,1.0,0.0,1.0,1.0,0.0,1.0,1.0,1.0,1.0,1.0,1
0.04897511577373963,2.162682001552547,0.5489739653126408,1.3409191813665198,-0.68252631136951,0.0,1.0,1.0,1.0,0.0,1.0,1.0,1.0,1.0,1.0,1
-0.41766418957604795,-1.9225261462593992,-0.1053101585505577,-1.320752623177609,0.017458343696517182,1.0,0.0,1.0,1.0,0.0,1.0,1.0,1.0,1.0,1.0,0
0.28229476844863344,0.16546912928892907,-0.7821558039262803,0.5923239863384835,-0.6387772704278833,0.0,1.0,1.0,1.0,0.0,1.0,1.0,1.0,1.0,1.0,1
-1.1176231476007294,-0.37922529041933045,1.067888960100695,-0.07309396479754869,-0.46378110666137656,1.0,0.0,1.0,1.0,0.0,1.0,1.0,1.0,1.0,1.0,0
0.28229476844863344,-0.061486878922845725,0.18798962111225542,0.34279225466247143,-0.02629069724510952,1.0,0.0,1.0,1.0,0.0,1.0,1.0,1.0,1.0,1.0,0
1.3322332054856556,3.0705060343996466,2.0154728636267065,-1.5702843548536212,-0.15753782006998962,1.0,0.0,1.0,1.0,0.0,1.0,1.0,1.0,1.0,1.0,0
-0.3010043632386011,-0.7877461052005251,-1.5718090568646232,-0.07309396479754869,0.8049410806457978,1.0,0.0,1.0,1.0,0.0,1.0,1.0,1.0,1.0,1.0,0
-0.7676436685883887,-0.4927032945252179,-0.7821558039262803,1.3409191813665198,-0.20128686101161633,1.0,0.0,1.0,1.0,0.0,1.0,1.0,1.0,1.0,1.0,1
-1.700922279287964,-0.4473120928828629,-0.6467866748511357,-0.904866403717589,-0.15753782006998962,1.0,0.0,1.0,1.0,0.0,1.0,1.0,1.0,1.0,1.0,0
-0.41766418957604795,-1.1281801175181874,0.16542809959973134,-2.4020567937736614,0.2799525893462774,1.0,0.0,1.0,1.0,0.0,1.0,1.0,1.0,1.0,1.0,0
0.5156144211235272,-0.878528508485235,-0.3986099382133708,0.34279225466247143,-1.2512638436106571,0.0,1.0,1.0,1.0,0.0,1.0,1.0,1.0,1.0,1.0,0
0.04897511577373963,2.616594017976097,0.5264124438001168,0.7586784741224916,7.804787631306071,1.0,0.0,1.0,0.0,1.0,1.0,1.0,1.0,1.0,1.0,0
-0.06768471056370727,-0.6288768994522828,-0.17299472308812996,0.010083279094455335,-0.15753782006998962,1.0,0.0,1.0,1.0,0.0,1.0,1.0,1.0,1.0,1.0,0
-0.5343240159134949,-0.2884428871346205,0.30079722867487585,-0.07309396479754869,0.4549487531127842,0.0,1.0,1.0,1.0,0.0,1.0,1.0,1.0,1.0,1.0,0
-0.06768471056370727,-0.1976604838499106,-1.8425473150149123,-0.5721574281495728,-0.20128686101161633,0.0,1.0,1.0,1.0,0.0,1.0,1.0,1.0,1.0,1.0,0
1.2155733791482086,0.3924251375007039,-1.5943705783771474,-0.7385119159335809,0.8486901215874245,0.0,1.0,1.0,1.0,0.0,1.0,1.0,1.0,1.0,1.0,0
0.3989545947860803,-0.4246164920616854,3.0081798101777664,-1.071220891501597,-0.33253398383649646,1.0,0.0,1.0,1.0,0.0,1.0,1.0,1.0,1.0,1.0,1
0.6322742474609742,-0.2884428871346205,1.631926997913797,-0.6553346720415768,-0.15753782006998962,0.0,1.0,1.0,1.0,0.0,1.0,1.0,1.0,1.0,1.0,0
-0.3010043632386011,-0.6969637019158151,-2.6547620894657795,-0.07309396479754869,-0.15753782006998962,0.0,1.0,1.0,1.0,0.0,1.0,1.0,1.0,1.0,1.0,0
0.9822537264733149,1.2321623678842706,-0.6919097178761839,-0.07309396479754869,-1.0325186389025236,1.0,0.0,1.0,1.0,0.0,1.0,1.0,1.0,1.0,1.0,0
0.6322742474609742,0.9371195572089634,1.0002043955631226,-1.320752623177609,-0.15753782006998962,1.0,0.0,1.0,1.0,0.0,1.0,1.0,1.0,1.0,1.0,0
0.8655939001358679,0.914423956387786,0.30079722867487585,-0.07309396479754869,0.5424468349960376,1.0,0.0,1.0,1.0,0.0,1.0,1.0,1.0,1.0,1.0,0
1.5655528581605493,0.8917283555666085,0.8197122234629298,0.34279225466247143,-0.11378877912836292,1.0,0.0,1.0,1.0,0.0,1.0,1.0,1.0,1.0,1.0,1
-0.8843034949258356,-0.37922529041933045,-0.060187115525509524,-0.07309396479754869,-0.15753782006998962,1.0,0.0,1.0,1.0,0.0,1.0,1.0,1.0,1.0,1.0,0
-0.8843034949258356,-1.0147021134123,-0.7370327609012322,-1.320752623177609,-0.2887849428948697,0.0,1.0,1.0,1.0,0.0,1.0,1.0,1.0,1.0,1.0,0
1.3322332054856556,-0.37922529041933045,0.5489739653126408,-1.7366388426376291,0.06120738463814389,1.0,0.0,1.0,1.0,0.0,1.0,1.0,1.0,1.0,1.0,1
0.6322742474609742,1.3002491703478032,-0.5565405888010394,-0.8216891598255849,-0.8137734341943902,1.0,0.0,1.0,1.0,0.0,1.0,1.0,1.0,1.0,1.0,1
0.8655939001358679,-0.5607900969887503,-1.4138784062769547,1.5904509130425317,-0.20128686101161633,1.0,0.0,1.0,1.0,0.0,1.0,1.0,1.0,1.0,1.0,1
-0.6509838422509417,-0.92391971012759,-1.0077710190515212,-0.07309396479754869,0.017458343696517182,1.0,0.0,1.0,1.0,0.0,1.0,1.0,1.0,1.0,1.0,0
1.798872510835443,1.527205178559578,-0.8047173254388044,-1.8198160865296331,0.4111997121711575,0.0,1.0,1.0,1.0,0.0,1.0,1.0,1.0,1.0,1.0,0
-0.06768471056370727,-1.1962669199817197,-0.4888560242634672,-1.320752623177609,-0.68252631136951,1.0,0.0,1.0,1.0,0.0,1.0,1.0,1.0,1.0,1.0,0
-1.3509428002756232,-0.6515725002734603,-1.1205786266141415,-0.988043647609593,-0.8137734341943902,1.0,0.0,1.0,1.0,0.0,1.0,1.0,1.0,1.0,1.0,0
0.6322742474609742,3.842156462319681,0.5038509222875927,-1.071220891501597,-0.20128686101161633,0.0,1.0,1.0,1.0,0.0,1.0,1.0,1.0,1.0,1.0,1
0.16563494211118654,1.9811171949831274,1.3160656967384599,0.5091467424464795,-0.15753782006998962,1.0,0.0,1.0,1.0,0.0,1.0,1.0,1.0,1.0,1.0,0
-0.8843034949258356,-0.92391971012759,-0.15043320157560586,0.34279225466247143,-0.55127918854463,0.0,1.0,1.0,1.0,0.0,1.0,1.0,1.0,1.0,1.0,0
-1.1176231476007294,-0.5607900969887503,-0.3760484167008467,0.17643776687846338,-0.15753782006998962,1.0,0.0,1.0,1.0,0.0,1.0,1.0,1.0,1.0,1.0,0
-0.06768471056370727,0.4832075407854138,0.05262049203711091,-0.07309396479754869,0.2362035484046507,1.0,0.0,1.0,1.0,0.0,1.0,1.0,1.0,1.0,1.0,0
0.3989545947860803,-1.0827889158758324,-0.2632408091382263,-1.8198160865296331,-0.37628302477812314,0.0,1.0,1.0,1.0,0.0,1.0,1.0,1.0,1.0,1.0,0
0.5156144211235272,0.46051193996423634,0.05262049203711091,0.5923239863384835,0.10495642557977058,1.0,0.0,1.0,1.0,0.0,1.0,1.0,1.0,1.0,1.0,0
-0.41766418957604795,-0.92391971012759,0.007497449012062735,-0.07309396479754869,-0.8575224751360169,1.0,0.0,1.0,1.0,0.0,1.0,1.0,1.0,1.0,1.0,0
-1.4676026266130702,-0.5153988953463954,0.030058970524586823,-0.4889801842575688,-0.6387772704278833,0.0,1.0,1.0,1.0,0.0,1.0,1.0,1.0,1.0,1.0,0
-0.41766418957604795,-0.5607900969887503,-1.233386234176762,-0.07309396479754869,0.1487054665213973,0.0,1.0,1.0,1.0,0.0,1.0,1.0,1.0,1.0,1.0,0
-0.5343240159134949,0.914423956387786,-0.4888560242634672,2.006337132502552,-0.2887849428948697,1.0,0.0,1.0,1.0,0.0,1.0,1.0,1.0,1.0,1.0,0
-0.6509838422509417,-0.1976604838499106,-0.5565405888010394,0.34279225466247143,0.2362035484046507,1.0,0.0,1.0,1.0,0.0,1.0,1.0,1.0,1.0,1.0,0
0.9822537264733149,0.30164273421599397,1.8801037345515619,0.34279225466247143,0.017458343696517182,0.0,1.0,1.0,1.0,0.0,1.0,1.0,1.0,1.0,1.0,1
-0.5343240159134949,-1.5140053314782045,-0.7821558039262803,1.5072736691505277,-0.15753782006998962,0.0,1.0,1.0,1.0,0.0,1.0,1.0,1.0,1.0,1.0,0
-0.6509838422509417,0.12007792764657411,-1.3913168847644306,-0.4058029403655648,-0.15753782006998962,1.0,0.0,1.0,1.0,0.0,1.0,1.0,1.0,1.0,1.0,0
1.5655528581605493,1.2321623678842706,0.5264124438001168,-0.6553346720415768,-0.68252631136951,0.0,1.0,1.0,1.0,0.0,1.0,1.0,1.0,1.0,1.0,0
0.748934073798421,-0.17496488302873314,0.075182013549635,0.34279225466247143,-0.15753782006998962,0.0,1.0,1.0,1.0,0.0,1.0,1.0,1.0,1.0,1.0,0
-0.3010043632386011,0.43781633914305884,-0.060187115525509524,-0.07309396479754869,-0.15753782006998962,0.0,1.0,1.0,1.0,0.0,1.0,1.0,1.0,1.0,1.0,1
-0.8843034949258356,0.256251532573639,-0.5791021103135635,-0.5721574281495728,-0.37628302477812314,0.0,1.0,1.0,1.0,0.0,1.0,1.0,1.0,1.0,1.0,0
-1.4676026266130702,-0.5607900969887503,-0.6016636318260876,-0.07309396479754869,0.6736939578209178,0.0,1.0,1.0,1.0,0.0,1.0,1.0,1.0,1.0,1.0,0
1.5655528581605493,0.6193811457124787,0.075182013549635,-0.07309396479754869,1.6799218994783318,0.0,1.0,1.0,0.0,1.0,1.0,1.0,1.0,1.0,1.0,0
-0.41766418957604795,-0.7877461052005251,0.30079722867487585,2.006337132502552,-0.55127918854463,1.0,0.0,1.0,1.0,0.0,1.0,1.0,1.0,1.0,1.0,0
-0.8843034949258356,-0.2884428871346205,0.7520276589253576,0.34279225466247143,-0.20128686101161633,1.0,0.0,1.0,1.0,0.0,1.0,1.0,1.0,1.0,1.0,0
1.4488930318231024,-0.15226928220755565,0.8197122234629298,-1.071220891501597,-0.5075301476030033,0.0,1.0,1.0,1.0,0.0,1.0,1.0,1.0,1.0,1.0,0
-0.18434453690115418,0.256251532573639,-0.7821558039262803,-0.6553346720415768,0.1487054665213973,0.0,1.0,1.0,1.0,0.0,1.0,1.0,1.0,1.0,1.0,0
0.04897511577373963,-0.15226928220755565,0.5489739653126408,0.7586784741224916,0.3674506712295308,1.0,0.0,1.0,1.0,0.0,1.0,1.0,1.0,1.0,1.0,0
1.4488930318231024,0.7101635489971886,-0.7595942824137561,-0.4889801842575688,0.5861958759376643,0.0,1.0,1.0,1.0,0.0,1.0,1.0,1.0,1.0,1.0,1
-1.4676026266130702,-0.3338340887769755,0.14286657808720726,-1.320752623177609,-0.15753782006998962,0.0,1.0,1.0,1.0,0.0,1.0,1.0,1.0,1.0,1.0,0
0.5156144211235272,-1.1281801175181874,-0.714471239388708,-0.07309396479754869,0.2799525893462774,1.0,0.0,1.0,1.0,0.0,1.0,1.0,1.0,1.0,1.0,0
-1.1176231476007294,-0.969310911769945,1.1130120031257429,-0.4889801842575688,0.3237016302879041,0.0,1.0,1.0,1.0,0.0,1.0,1.0,1.0,1.0,1.0,0
0.28229476844863344,0.12007792764657411,0.075182013549635,2.006337132502552,0.2362035484046507,0.0,1.0,1.0,1.0,0.0,1.0,1.0,1.0,1.0,1.0,0
-0.5343240159134949,1.1413799645995608,-0.12787168006308178,-0.07309396479754869,0.4549487531127842,1.0,0.0,1.0,1.0,0.0,1.0,1.0,1.0,1.0,1.0,0
-0.18434453690115418,-0.7423549035581701,-1.3687553632519065,-1.154398135393601,-0.24503590195324304,0.0,1.0,1.0,1.0,0.0,1.0,1.0,1.0,1.0,1.0,0
0.5156144211235272,0.46051193996423634,-0.3760484167008467,-0.32262569647356076,0.10495642557977058,1.0,0.0,1.0,1.0,0.0,1.0,1.0,1.0,1.0,1.0,0
0.28229476844863344,-1.2416581216240747,3.91064067067873,-0.07309396479754869,0.3674506712295308,1.0,0.0,1.0,1.0,0.0,1.0,1.0,1.0,1.0,1.0,0
1.2155733791482086,0.12007792764657411,-0.0827486370380336,-0.07309396479754869,-0.9450205570192703,0.0,1.0,1.0,1.0,0.0,1.0,1.0,1.0,1.0,1.0,1
-1.3509428002756232,-0.3338340887769755,0.4136048362374963,-0.32262569647356076,-0.37628302477812314,1.0,0.0,1.0,1.0,0.0,1.0,1.0,1.0,1.0,1.0,0
0.748934073798421,-0.969310911769945,1.2483811322008875,-0.32262569647356076,-0.33253398383649646,1.0,0.0,1.0,1.0,0.0,1.0,1.0,1.0,1.0,1.0,0
0.28229476844863344,2.162682001552547,-1.707178185939768,2.422223351962572,0.9799372444123047,1.0,0.0,1.0,1.0,0.0,1.0,1.0,1.0,1.0,1.0,0
0.5156144211235272,0.41512073832188134,0.6843430943877853,1.3409191813665198,0.2362035484046507,0.0,1.0,1.0,1.0,0.0,1.0,1.0,1.0,1.0,1.0,1
1.5655528581605493,2.7300720220819845,-0.7595942824137561,0.34279225466247143,0.06120738463814389,0.0,1.0,1.0,1.0,0.0,1.0,1.0,1.0,1.0,1.0,1
0.748934073798421,-0.2657472863134431,0.5264124438001168,-1.4871071109616172,-0.5075301476030033,0.0,1.0,1.0,1.0,0.0,1.0,1.0,1.0,1.0,1.0,1
-1.584262452950517,-0.92391971012759,-0.6016636318260876,-0.4058029403655648,-0.20128686101161633,0.0,1.0,1.0,1.0,0.0,1.0,1.0,1.0,1.0,1.0,0
1.4488930318231024,1.345640371990158,0.48128940077506854,0.010083279094455335,0.2362035484046507,1.0,0.0,1.0,1.0,0.0,1.0,1.0,1.0,1.0,1.0,0
-0.5343240159134949,-0.10687808056520069,0.30079722867487585,1.1745646935825116,0.192454507463024,1.0,0.0,1.0,1.0,0.0,1.0,1.0,1.0,1.0,1.0,0
-0.18434453690115418,-1.0600933150546548,-0.6016636318260876,-0.23944845258155673,-0.11378877912836292,0.0,1.0,1.0,1.0,0.0,1.0,1.0,1.0,1.0,1.0,1
1.5655528581605493,-0.1976604838499106,0.3684817932124481,0.34279225466247143,0.8924391625290512,1.0,0.0,1.0,1.0,0.0,1.0,1.0,1.0,1.0,1.0,0
-1.1176231476007294,0.21086033093128403,-0.17299472308812996,-0.8216891598255849,-1.1637657617274038,0.0,1.0,1.0,1.0,0.0,1.0,1.0,1.0,1.0,1.0,0
0.28229476844863344,1.1413799645995608,0.075182013549635,-0.32262569647356076,-0.07003973818673623,1.0,0.0,1.0,1.0,0.0,1.0,1.0,1.0,1.0,1.0,0
-1.584262452950517,-1.5593965331205595,-1.729739707452292,-0.6553346720415768,-0.37628302477812314,1.0,0.0,1.0,1.0,0.0,1.0,1.0,1.0,1.0,1.0,1
-0.7676436685883887,-0.7650505043793476,-0.7821558039262803,0.010083279094455335,-0.37628302477812314,1.0,0.0,1.0,1.0,0.0,1.0,1.0,1.0,1.0,1.0,0
-0.06768471056370727,0.12007792764657411,1.5416809118637007,-1.154398135393601,1.5486747766534519,1.0,0.0,1.0,1.0,0.0,1.0,1.0,1.0,1.0,1.0,0
-1.2342829739381762,0.21086033093128403,-0.9400864545139489,1.0082102057985036,-0.2887849428948697,1.0,0.0,1.0,1.0,0.0,1.0,1.0,1.0,1.0,1.0,0
1.0989135528107616,2.571202816333742,0.2105511426247795,1.1745646935825116,0.1487054665213973,1.0,0.0,1.0,1.0,0.0,1.0,1.0,1.0,1.0,1.0,1
-0.5343240159134949,0.21086033093128403,-0.6467866748511357,0.7586784741224916,-0.15753782006998962,1.0,0.0,1.0,1.0,0.0,1.0,1.0,1.0,1.0,1.0,0
-0.3010043632386011,-0.1976604838499106,-0.01506407250046135,-1.320752623177609,0.49869779405441095,1.0,0.0,1.0,1.0,0.0,1.0,1.0,1.0,1.0,1.0,0
0.9822537264733149,-1.0147021134123,1.0227659170756467,-0.4889801842575688,-0.15753782006998962,0.0,1.0,1.0,1.0,0.0,1.0,1.0,1.0,1.0,1.0,0
-0.3010043632386011,0.5739899440701237,-0.443732981238419,0.5091467424464795,-0.2887849428948697,0.0,1.0,1.0,1.0,0.0,1.0,1.0,1.0,1.0,1.0,0
-0.18434453690115418,-0.878528508485235,-1.1431401481266656,-0.988043647609593,-0.15753782006998962,1.0,0.0,1.0,1.0,0.0,1.0,1.0,1.0,1.0,1.0,0
1.0989135528107616,-0.83313730684288,1.0227659170756467,-1.4871071109616172,-0.11378877912836292,0.0,1.0,1.0,1.0,0.0,1.0,1.0,1.0,1.0,1.0,1
1.798872510835443,0.6193811457124787,0.030058970524586823,-0.07309396479754869,-0.68252631136951,0.0,1.0,1.0,1.0,0.0,1.0,1.0,1.0,1.0,1.0,0
0.16563494211118654,-0.1976604838499106,1.4288733043010802,-0.904866403717589,0.6736939578209178,1.0,0.0,1.0,1.0,0.0,1.0,1.0,1.0,1.0,1.0,0
-1.584262452950517,-1.0147021134123,-0.4888560242634672,-1.071220891501597,0.10495642557977058,0.0,1.0,1.0,1.0,0.0,1.0,1.0,1.0,1.0,1.0,0
1.2155733791482086,-0.22035608467108808,0.5264124438001168,-0.904866403717589,-0.2887849428948697,0.0,1.0,1.0,1.0,0.0,1.0,1.0,1.0,1.0,1.0,1
-0.6509838422509417,0.8009459522818986,1.158135046150791,1.1745646935825116,0.6736939578209178,1.0,0.0,1.0,1.0,0.0,1.0,1.0,1.0,1.0,1.0,0
1.3322332054856556,-0.4246164920616854,0.6392200513627372,0.42596949855447547,1.4174276538285717,1.0,0.0,1.0,1.0,0.0,1.0,1.0,1.0,1.0,1.0,0
0.28229476844863344,-0.6969637019158151,0.6617815728752613,-0.4889801842575688,0.2799525893462774,0.0,1.0,1.0,1.0,0.0,1.0,1.0,1.0,1.0,1.0,0
-1.1176231476007294,0.3924251375007039,0.2105511426247795,0.7586784741224916,-0.6387772704278833,0.0,1.0,1.0,1.0,0.0,1.0,1.0,1.0,1.0,1.0,0
-1.0009633212632825,-0.8104417060217026,-0.8724018899763767,-0.32262569647356076,-0.2887849428948697,0.0,1.0,1.0,1.0,0.0,1.0,1.0,1.0,1.0,1.0,0
-0.18434453690115418,-0.6515725002734603,-0.6919097178761839,-0.32262569647356076,0.2362035484046507,0.0,1.0,1.0,1.0,0.0,1.0,1.0,1.0,1.0,1.0,0
0.9822537264733149,-0.15226928220755565,-0.3760484167008467,-0.32262569647356076,-0.07003973818673623,0.0,1.0,1.0,1.0,0.0,1.0,1.0,1.0,1.0,1.0,1
0.6322742474609742,-0.016095677280490765,0.30079722867487585,0.17643776687846338,-0.5075301476030033,1.0,0.0,1.0,1.0,0.0,1.0,1.0,1.0,1.0,1.0,0
0.8655939001358679,-0.016095677280490765,0.18798962111225542,0.010083279094455335,5.486088461399855,0.0,1.0,1.0,0.0,1.0,1.0,1.0,1.0,1.0,1.0,0
0.748934073798421,-0.969310911769945,0.48128940077506854,-1.320752623177609,-0.5075301476030033,0.0,1.0,1.0,1.0,0.0,1.0,1.0,1.0,1.0,1.0,0
-1.2342829739381762,0.43781633914305884,0.4136048362374963,2.006337132502552,1.1549334081788114,1.0,0.0,1.0,1.0,0.0,1.0,1.0,1.0,1.0,1.0,0
-0.5343240159134949,-1.2643537224452521,-1.1431401481266656,-1.7366388426376291,-0.15753782006998962,1.0,0.0,1.0,1.0,0.0,1.0,1.0,1.0,1.0,1.0,0
0.748934073798421,-0.9466153109487675,1.3386272182509837,0.34279225466247143,-0.46378110666137656,0.0,1.0,1.0,1.0,0.0,1.0,1.0,1.0,1.0,1.0,1
-0.7676436685883887,1.481813976917223,-0.3760484167008467,-0.07309396479754869,1.4174276538285717,0.0,1.0,1.0,1.0,0.0,1.0,1.0,1.0,1.0,1.0,0
0.9822537264733149,0.4832075407854138,-0.6016636318260876,0.7586784741224916,-0.07003973818673623,1.0,0.0,1.0,1.0,0.0,1.0,1.0,1.0,1.0,1.0,0
-1.4676026266130702,-0.10687808056520069,-0.4211714597258949,0.09326052298645936,0.2799525893462774,0.0,1.0,1.0,1.0,0.0,1.0,1.0,1.0,1.0,1.0,0
-1.0009633212632825,-1.5140053314782045,-1.752301228964816,0.34279225466247143,-0.6387772704278833,1.0,0.0,1.0,1.0,0.0,1.0,1.0,1.0,1.0,1.0,0
0.28229476844863344,-0.15226928220755565,-0.4888560242634672,-0.4889801842575688,0.2362035484046507,0.0,1.0,1.0,1.0,0.0,1.0,1.0,1.0,1.0,1.0,0
0.04897511577373963,-1.0147021134123,0.5489739653126408,-0.07309396479754869,0.1487054665213973,1.0,0.0,1.0,1.0,0.0,1.0,1.0,1.0,1.0,1.0,0
-1.1176231476007294,-0.92391971012759,0.5489739653126408,-0.07309396479754869,-0.9012715160776436,1.0,0.0,1.0,1.0,0.0,1.0,1.0,1.0,1.0,1.0,0
-0.18434453690115418,0.3697295366795264,-0.15043320157560586,-0.8216891598255849,-0.07003973818673623,0.0,1.0,1.0,1.0,0.0,1.0,1.0,1.0,1.0,1.0,1
-1.3509428002756232,-0.6515725002734603,0.30079722867487585,1.5904509130425317,-0.15753782006998962,0.0,1.0,1.0,1.0,0.0,1.0,1.0,1.0,1.0,1.0,0
-0.41766418957604795,2.525811614691387,-1.1882631911517139,1.1745646935825116,-0.15753782006998962,1.0,0.0,1.0,1.0,0.0,1.0,1.0,1.0,1.0,1.0,0
-0.18434453690115418,-0.5153988953463954,-0.9400864545139489,-0.07309396479754869,-0.07003973818673623,1.0,0.0,1.0,1.0,0.0,1.0,1.0,1.0,1.0,1.0,0
0.9822537264733149,0.914423956387786,0.09774353506215908,1.3409191813665198,0.1487054665213973,0.0,1.0,1.0,1.0,0.0,1.0,1.0,1.0,1.0,1.0,0
0.9822537264733149,-0.5834856978099278,-0.4888560242634672,-0.7385119159335809,0.49869779405441095,1.0,0.0,1.0,1.0,0.0,1.0,1.0,1.0,1.0,1.0,1
0.3989545947860803,1.436422775274868,0.14286657808720726,2.006337132502552,-0.5075301476030033,1.0,0.0,1.0,1.0,0.0,1.0,1.0,1.0,1.0,1.0,0
-0.8843034949258356,-1.2416581216240747,0.18798962111225542,-0.904866403717589,-0.55127918854463,0.0,1.0,1.0,1.0,0.0,1.0,1.0,1.0,1.0,1.0,0
2.148851989847784,0.7101635489971886,1.92522677757661,1.5904509130425317,-0.4200320657197499,1.0,0.0,1.0,1.0,0.0,1.0,1.0,1.0,1.0,1.0,0
-0.7676436685883887,-0.016095677280490765,-0.5114175457759913,-0.904866403717589,0.8924391625290512,0.0,1.0,1.0,1.0,0.0,1.0,1.0,1.0,1.0,1.0,1
0.28229476844863344,-0.1976604838499106,0.2556741856498277,-0.6553346720415768,-0.2887849428948697,0.0,1.0,1.0,1.0,0.0,1.0,1.0,1.0,1.0,1.0,0
-0.3010043632386011,3.1612884376843566,-0.4888560242634672,2.006337132502552,-0.20128686101161633,1.0,0.0,1.0,1.0,0.0,1.0,1.0,1.0,1.0,1.0,0
1.4488930318231024,0.256251532573639,0.5489739653126408,-0.904866403717589,-0.20128686101161633,1.0,0.0,1.0,1.0,0.0,1.0,1.0,1.0,1.0,1.0,0
0.04897511577373963,0.6874679481760111,1.135573524638267,-0.988043647609593,-0.4200320657197499,1.0,0.0,1.0,1.0,0.0,1.0,1.0,1.0,1.0,1.0,0
-0.18434453690115418,-1.1054845166970098,-0.714471239388708,-1.071220891501597,-0.5075301476030033,0.0,1.0,1.0,1.0,0.0,1.0,1.0,1.0,1.0,1.0,0
-0.8843034949258356,-0.969310911769945,-0.8498403684638526,-0.7385119159335809,1.1111843672371848,1.0,0.0,1.0,1.0,0.0,1.0,1.0,1.0,1.0,1.0,0
1.4488930318231024,-0.4927032945252179,-0.2858023306507504,-0.07309396479754869,-0.15753782006998962,1.0,0.0,1.0,1.0,0.0,1.0,1.0,1.0,1.0,1.0,0
1.4488930318231024,0.07468672600421916,-1.797424271989864,2.422223351962572,-0.24503590195324304,0.0,1.0,1.0,1.0,0.0,1.0,1.0,1.0,1.0,1.0,1
-0.06768471056370727,-0.10687808056520069,2.4667032938771882,0.5923239863384835,-0.20128686101161633,1.0,0.0,1.0,1.0,0.0,1.0,1.0,1.0,1.0,1.0,0
-0.6509838422509417,-0.83313730684288,0.7069046159003094,-0.07309396479754869,-0.24503590195324304,0.0,1.0,1.0,1.0,0.0,1.0,1.0,1.0,1.0,1.0,0
1.3322332054856556,0.30164273421599397,-0.33092537367579855,1.3409191813665198,-0.4200320657197499,0.0,1.0,1.0,1.0,0.0,1.0,1.0,1.0,1.0,1.0,0
-0.5343240159134949,0.8463371539242535,-1.210824712664238,0.34279225466247143,-0.8137734341943902,1.0,0.0,1.0,1.0,0.0,1.0,1.0,1.0,1.0,1.0,0
-0.18434453690115418,-0.22035608467108808,-1.9553549225775329,-0.07309396479754869,1.3299295719453184,0.0,1.0,1.0,1.0,0.0,1.0,1.0,1.0,1.0,1.0,0
1.2155733791482086,0.21086033093128403,0.075182013549635,0.5091467424464795,0.2799525893462774,0.0,1.0,1.0,1.0,0.0,1.0,1.0,1.0,1.0,1.0,0
-0.5343240159134949,0.006599923540686714,1.0904504816132188,1.839982644718544,-0.20128686101161633,1.0,0.0,1.0,1.0,0.0,1.0,1.0,1.0,1.0,1.0,0
-0.5343240159134949,-0.5153988953463954,0.7745891804378817,-0.6553346720415768,0.017458343696517182,1.0,0.0,1.0,1.0,0.0,1.0,1.0,1.0,1.0,1.0,0
-1.700922279287964,0.8009459522818986,-0.12787168006308178,0.5923239863384835,-0.4200320657197499,1.0,0.0,1.0,1.0,0.0,1.0,1.0,1.0,1.0,1.0,0
1.2155733791482086,-0.83313730684288,0.3910433147249722,1.5072736691505277,0.10495642557977058,1.0,0.0,1.0,1.0,0.0,1.0,1.0,1.0,1.0,1.0,0
0.04897511577373963,1.1186843637783832,0.14286657808720726,-0.4889801842575688,-0.15753782006998962,1.0,0.0,1.0,1.0,0.0,1.0,1.0,1.0,1.0,1.0,1
-1.4676026266130702,-0.8104417060217026,-0.5565405888010394,0.9250329619064996,-0.5950282294862567,0.0,1.0,1.0,1.0,0.0,1.0,1.0,1.0,1.0,1.0,0
-1.2342829739381762,-0.5607900969887503,-1.3010707987143342,1.6736281569345357,-0.15753782006998962,1.0,0.0,1.0,1.0,0.0,1.0,1.0,1.0,1.0,1.0,0
1.0989135528107616,-0.15226928220755565,1.654488519426321,0.34279225466247143,-0.5075301476030033,1.0,0.0,1.0,1.0,0.0,1.0,1.0,1.0,1.0,1.0,0
1.6822126844979963,0.18816473011010657,0.09774353506215908,-0.4889801842575688,-0.20128686101161633,1.0,0.0,1.0,1.0,0.0,1.0,1.0,1.0,1.0,1.0,0
-0.6509838422509417,-0.4700076937040404,-1.1205786266141415,0.7586784741224916,-0.2887849428948697,1.0,0.0,1.0,1.0,0.0,1.0,1.0,1.0,1.0,1.0,0
0.3989545947860803,-0.10687808056520069,0.8873967880005021,-1.4871071109616172,0.017458343696517182,0.0,1.0,1.0,1.0,0.0,1.0,1.0,1.0,1.0,1.0,0
1.5655528581605493,-0.12957368138637818,0.6166585298502131,1.0082102057985036,0.06120738463814389,0.0,1.0,1.0,1.0,0.0,1.0,1.0,1.0,1.0,1.0,0
-1.584262452950517,-0.6288768994522828,0.12030505657468317,0.17643776687846338,0.936188203470678,0.0,1.0,1.0,1.0,0.0,1.0,1.0,1.0,1.0,1.0,1
0.8655939001358679,-0.1976604838499106,-0.8724018899763767,0.7586784741224916,0.7611920397041712,0.0,1.0,1.0,1.0,0.0,1.0,1.0,1.0,1.0,1.0,0
0.5156144211235272,-0.016095677280490765,1.2709426537134116,0.34279225466247143,-0.15753782006998962,1.0,0.0,1.0,1.0,0.0,1.0,1.0,1.0,1.0,1.0,0
-1.0009633212632825,-0.37922529041933045,-0.7595942824137561,0.5923239863384835,-0.07003973818673623,1.0,0.0,1.0,1.0,0.0,1.0,1.0,1.0,1.0,1.0,0
1.5655528581605493,1.436422775274868,1.0453274385881708,0.34279225466247143,0.017458343696517182,1.0,0.0,1.0,1.0,0.0,1.0,1.0,1.0,1.0,1.0,0
-0.18434453690115418,-0.37922529041933045,1.654488519426321,-0.4889801842575688,-0.37628302477812314,1.0,0.0,1.0,1.0,0.0,1.0,1.0,1.0,1.0,1.0,0
1.5655528581605493,1.0732931621360282,1.7672961269889416,-0.988043647609593,-0.33253398383649646,1.0,0.0,1.0,1.0,0.0,1.0,1.0,1.0,1.0,1.0,0
-1.3509428002756232,-0.03879127810166825,-1.8425473150149123,-0.15627120868955272,0.10495642557977058,0.0,1.0,1.0,1.0,0.0,1.0,1.0,1.0,1.0,1.0,0
0.748934073798421,-1.0600933150546548,0.09774353506215908,-1.154398135393601,0.2362035484046507,0.0,1.0,1.0,1.0,0.0,1.0,1.0,1.0,1.0,1.0,1
-0.8843034949258356,-1.4686141298358495,-1.4364399277894788,-0.904866403717589,0.7611920397041712,1.0,0.0,1.0,1.0,0.0,1.0,1.0,1.0,1.0,1.0,0
1.3322332054856556,-0.5607900969887503,-0.3986099382133708,0.010083279094455335,0.4549487531127842,1.0,0.0,1.0,1.0,0.0,1.0,1.0,1.0,1.0,1.0,0
0.5156144211235272,0.23355593175246153,-0.6467866748511357,-0.07309396479754869,-0.8137734341943902,0.0,1.0,1.0,1.0,0.0,1.0,1.0,1.0,1.0,1.0,1
0.5156144211235272,0.6193811457124787,0.075182013549635,0.5091467424464795,-0.5075301476030033,0.0,1.0,1.0,1.0,0.0,1.0,1.0,1.0,1.0,1.0,0
-1.700922279287964,-0.7423549035581701,-0.3986099382133708,-0.07309396479754869,-0.5950282294862567,1.0,0.0,1.0,1.0,0.0,1.0,1.0,1.0,1.0,1.0,0
0.6322742474609742,0.6420767465336562,0.7745891804378817,2.006337132502552,0.3237016302879041,1.0,0.0,1.0,1.0,0.0,1.0,1.0,1.0,1.0,1.0,0
-1.0009633212632825,-0.4700076937040404,-0.6919097178761839,0.7586784741224916,-0.15753782006998962,1.0,0.0,1.0,1.0,0.0,1.0,1.0,1.0,1.0,1.0,0
-1.0009633212632825,-1.3778317265511395,-1.6620551429147197,-0.7385119159335809,0.017458343696517182,0.0,1.0,1.0,1.0,0.0,1.0,1.0,1.0,1.0,1.0,0
1.2155733791482086,1.345640371990158,1.3160656967384599,-0.07309396479754869,-0.46378110666137656,1.0,0.0,1.0,1.0,0.0,1.0,1.0,1.0,1.0,1.0,0
0.04897511577373963,1.1640755654207382,-0.0827486370380336,-0.6553346720415768,0.5424468349960376,0.0,1.0,1.0,1.0,0.0,1.0,1.0,1.0,1.0,1.0,1
-0.41766418957604795,3.1612884376843566,0.9776428740505985,-0.8216891598255849,-0.8137734341943902,1.0,0.0,1.0,1.0,0.0,1.0,1.0,1.0,1.0,1.0,1
0.28229476844863344,-0.10687808056520069,-1.0980171051016174,0.34279225466247143,0.3237016302879041,1.0,0.0,1.0,1.0,0.0,1.0,1.0,1.0,1.0,1.0,0
-0.8843034949258356,-1.0147021134123,-0.5565405888010394,-1.9029933304216373,-0.8137734341943902,1.0,0.0,1.0,1.0,0.0,1.0,1.0,1.0,1.0,1.0,0
-0.5343240159134949,0.5059031416065913,0.9550813525380744,1.1745646935825116,0.2362035484046507,0.0,1.0,1.0,1.0,0.0,1.0,1.0,1.0,1.0,1.0,0
-1.0009633212632825,-0.37922529041933045,-0.8272788469513285,0.34279225466247143,0.192454507463024,1.0,0.0,1.0,1.0,0.0,1.0,1.0,1.0,1.0,1.0,0
1.798872510835443,3.524418050823196,1.3160656967384599,-0.32262569647356076,0.49869779405441095,1.0,0.0,1.0,1.0,0.0,1.0,1.0,1.0,1.0,1.0,1
-0.8843034949258356,-0.22035608467108808,-1.77486275047734,3.6698820103426324,0.4549487531127842,1.0,0.0,1.0,1.0,0.0,1.0,1.0,1.0,1.0,1.0,0
1.3322332054856556,3.524418050823196,0.8197122234629298,1.0082102057985036,0.06120738463814389,1.0,0.0,1.0,1.0,0.0,1.0,1.0,1.0,1.0,1.0,1
0.5156144211235272,0.16546912928892907,0.5715354868251649,-0.07309396479754869,-0.55127918854463,1.0,0.0,1.0,1.0,0.0,1.0,1.0,1.0,1.0,1.0,0
0.04897511577373963,0.006599923540686714,0.5038509222875927,-0.6553346720415768,-0.2887849428948697,0.0,1.0,1.0,1.0,0.0,1.0,1.0,1.0,1.0,1.0,0
-1.584262452950517,-1.3778317265511395,1.4288733043010802,2.006337132502552,0.8049410806457978,0.0,1.0,1.0,1.0,0.0,1.0,1.0,1.0,1.0,1.0,0
-0.3010043632386011,0.256251532573639,1.6093654764012728,-0.4889801842575688,0.3674506712295308,1.0,0.0,1.0,1.0,0.0,1.0,1.0,1.0,1.0,1.0,0
-0.41766418957604795,-0.4700076937040404,0.7520276589253576,0.09326052298645936,0.2799525893462774,1.0,0.0,1.0,1.0,0.0,1.0,1.0,1.0,1.0,1.0,0
0.04897511577373963,0.8917283555666085,-0.21811776611317812,0.17643776687846338,1.4611766947701983,0.0,1.0,1.0,1.0,0.0,1.0,1.0,1.0,1.0,1.0,0
-1.0009633212632825,0.23355593175246153,0.5264124438001168,-0.07309396479754869,-1.1637657617274038,0.0,1.0,1.0,1.0,0.0,1.0,1.0,1.0,1.0,1.0,1
-0.41766418957604795,0.8009459522818986,0.6166585298502131,0.34279225466247143,0.8924391625290512,1.0,0.0,1.0,1.0,0.0,1.0,1.0,1.0,1.0,1.0,0
-0.18434453690115418,0.16546912928892907,1.631926997913797,-0.4889801842575688,-0.2887849428948697,1.0,0.0,1.0,1.0,0.0,1.0,1.0,1.0,1.0,1.0,0
0.9822537264733149,0.5739899440701237,1.135573524638267,1.0082102057985036,5.442339420458229,0.0,1.0,1.0,0.0,1.0,1.0,1.0,1.0,1.0,1.0,1
2.148851989847784,-0.37922529041933045,-0.15043320157560586,-0.4889801842575688,-0.9450205570192703,0.0,1.0,1.0,1.0,0.0,1.0,1.0,1.0,1.0,1.0,0
-0.41766418957604795,-0.6061812986311053,-0.3760484167008467,-0.07309396479754869,0.5861958759376643,0.0,1.0,1.0,1.0,0.0,1.0,1.0,1.0,1.0,1.0,0
0.9822537264733149,2.162682001552547,0.5264124438001168,2.006337132502552,-0.15753782006998962,1.0,0.0,1.0,1.0,0.0,1.0,1.0,1.0,1.0,1.0,1
1.91553233717289,1.527205178559578,1.0904504816132188,1.5904509130425317,2.2049103907778522,1.0,0.0,1.0,1.0,0.0,1.0,1.0,1.0,1.0,1.0,0
1.4488930318231024,0.43781633914305884,0.6166585298502131,1.5904509130425317,0.6736939578209178,1.0,0.0,1.0,1.0,0.0,1.0,1.0,1.0,1.0,1.0,0
0.8655939001358679,0.029295524361864195,-0.962647976026473,-0.32262569647356076,0.4549487531127842,0.0,1.0,1.0,1.0,0.0,1.0,1.0,1.0,1.0,1.0,0
0.16563494211118654,-0.1976604838499106,0.45872787926254444,-0.6553346720415768,0.2799525893462774,1.0,0.0,1.0,1.0,0.0,1.0,1.0,1.0,1.0,1.0,0
1.0989135528107616,1.3683359728113356,0.5264124438001168,-0.07309396479754869,-0.4200320657197499,1.0,0.0,1.0,1.0,0.0,1.0,1.0,1.0,1.0,1.0,0
0.9822537264733149,0.5739899440701237,-0.1053101585505577,-0.8216891598255849,-0.07003973818673623,1.0,0.0,1.0,1.0,0.0,1.0,1.0,1.0,1.0,1.0,0
-1.3509428002756232,0.12007792764657411,1.0227659170756467,-0.07309396479754869,0.3237016302879041,1.0,0.0,1.0,1.0,0.0,1.0,1.0,1.0,1.0,1.0,0
-1.4676026266130702,-1.3778317265511395,0.007497449012062735,-0.7385119159335809,0.06120738463814389,0.0,1.0,1.0,1.0,0.0,1.0,1.0,1.0,1.0,1.0,0
1.6822126844979963,2.8889412278302267,0.3910433147249722,2.006337132502552,-0.11378877912836292,1.0,0.0,1.0,1.0,0.0,1.0,1.0,1.0,1.0,1.0,0
0.9822537264733149,-0.1976604838499106,-0.17299472308812996,-0.6553346720415768,-0.2887849428948697,1.0,0.0,1.0,1.0,0.0,1.0,1.0,1.0,1.0,1.0,0
-0.5343240159134949,0.5285987424277687,0.4361663577500204,-0.07309396479754869,0.06120738463814389,0.0,1.0,1.0,1.0,0.0,1.0,1.0,1.0,1.0,1.0,0
0.9822537264733149,0.3470339358583489,-0.17299472308812996,0.34279225466247143,0.06120738463814389,0.0,1.0,1.0,1.0,0.0,1.0,1.0,1.0,1.0,1.0,0
-1.3509428002756232,-0.37922529041933045,0.9550813525380744,0.010083279094455335,-0.2887849428948697,0.0,1.0,1.0,1.0,0.0,1.0,1.0,1.0,1.0,1.0,0
-0.3010043632386011,-0.4473120928828629,-0.2406792876257022,-0.32262569647356076,-0.5950282294862567,1.0,0.0,1.0,1.0,0.0,1.0,1.0,1.0,1.0,1.0,0
1.91553233717289,0.8463371539242535,-0.03762559401298544,0.17643776687846338,0.2362035484046507,1.0,0.0,1.0,1.0,0.0,1.0,1.0,1.0,1.0,1.0,0
-0.41766418957604795,-0.7650505043793476,-0.4211714597258949,-0.904866403717589,-0.20128686101161633,1.0,0.0,1.0,1.0,0.0,1.0,1.0,1.0,1.0,1.0,0
-0.06768471056370727,0.5285987424277687,1.1130120031257429,-0.904866403717589,-0.6387772704278833,1.0,0.0,1.0,1.0,0.0,1.0,1.0,1.0,1.0,1.0,0
1.2155733791482086,0.5285987424277687,0.8873967880005021,-1.320752623177609,0.2799525893462774,0.0,1.0,1.0,1.0,0.0,1.0,1.0,1.0,1.0,1.0,0
-1.4676026266130702,-0.3338340887769755,-1.3010707987143342,-1.320752623177609,-0.5075301476030033,0.0,1.0,1.0,1.0,0.0,1.0,1.0,1.0,1.0,1.0,1
1.4488930318231024,0.12007792764657411,0.09774353506215908,0.7586784741224916,0.629944916879291,0.0,1.0,1.0,1.0,0.0,1.0,1.0,1.0,1.0,1.0,0
-0.5343240159134949,-0.969310911769945,0.48128940077506854,-0.4889801842575688,-0.7262753523111368,1.0,0.0,1.0,1.0,0.0,1.0,1.0,1.0,1.0,1.0,0
-0.5343240159134949,-1.2416581216240747,0.864835266487978,-0.07309396479754869,0.4549487531127842,0.0,1.0,1.0,1.0,0.0,1.0,1.0,1.0,1.0,1.0,0
-0.18434453690115418,0.3470339358583489,-0.714471239388708,2.006337132502552,0.4549487531127842,1.0,0.0,1.0,1.0,0.0,1.0,1.0,1.0,1.0,1.0,0
-1.700922279287964,-0.4700076937040404,-0.12787168006308178,-0.32262569647356076,0.49869779405441095,0.0,1.0,1.0,1.0,0.0,1.0,1.0,1.0,1.0,1.0,0
0.04897511577373963,0.7555547506395436,-0.9852094975389971,1.0082102057985036,-0.15753782006998962,0.0,1.0,1.0,1.0,0.0,1.0,1.0,1.0,1.0,1.0,0
2.032192163510337,2.389638009764322,-0.7370327609012322,-0.07309396479754869,1.4174276538285717,0.0,1.0,1.0,1.0,0.0,1.0,1.0,1.0,1.0,1.0,1
-0.5343240159134949,-0.3338340887769755,1.2258196106883634,-0.07309396479754869,-0.4200320657197499,1.0,0.0,1.0,1.0,0.0,1.0,1.0,1.0,1.0,1.0,0
-0.06768471056370727,-0.6061812986311053,1.1130120031257429,-1.320752623177609,-0.4200320657197499,1.0,0.0,1.0,1.0,0.0,1.0,1.0,1.0,1.0,1.0,0
0.16563494211118654,-0.9466153109487675,0.2105511426247795,0.17643776687846338,-0.15753782006998962,1.0,0.0,1.0,1.0,0.0,1.0,1.0,1.0,1.0,1.0,0
-0.41766418957604795,-1.1962669199817197,-0.0827486370380336,-0.07309396479754869,11.65470323416922,1.0,0.0,1.0,0.0,1.0,1.0,1.0,1.0,1.0,1.0,0
-1.0009633212632825,0.12007792764657411,-1.0528940620765692,-0.904866403717589,-0.15753782006998962,1.0,0.0,1.0,1.0,0.0,1.0,1.0,1.0,1.0,1.0,0
-1.0009633212632825,-0.311138487955798,-0.2406792876257022,-0.7385119159335809,-0.2887849428948697,1.0,0.0,1.0,1.0,0.0,1.0,1.0,1.0,1.0,1.0,0
1.91553233717289,2.934332429472582,0.8197122234629298,1.5904509130425317,-0.07003973818673623,1.0,0.0,1.0,1.0,0.0,1.0,1.0,1.0,1.0,1.0,0
-0.6509838422509417,-0.4700076937040404,-1.0528940620765692,-0.4889801842575688,2.6861498411357463,0.0,1.0,1.0,0.0,1.0,1.0,1.0,1.0,1.0,1.0,0
-0.41766418957604795,0.12007792764657411,-0.8272788469513285,2.006337132502552,0.6736939578209178,1.0,0.0,1.0,1.0,0.0,1.0,1.0,1.0,1.0,1.0,0
-0.5343240159134949,-1.0600933150546548,0.6617815728752613,-0.07309396479754869,-0.46378110666137656,0.0,1.0,1.0,1.0,0.0,1.0,1.0,1.0,1.0,1.0,0
0.04897511577373963,2.003812795804305,0.075182013549635,-0.4889801842575688,0.06120738463814389,1.0,0.0,1.0,1.0,0.0,1.0,1.0,1.0,1.0,1.0,0
-0.06768471056370727,-0.6515725002734603,-0.33092537367579855,-0.4889801842575688,-0.37628302477812314,1.0,0.0,1.0,1.0,0.0,1.0,1.0,1.0,1.0,1.0,0
-0.7676436685883887,-0.22035608467108808,0.8873967880005021,0.7586784741224916,-0.33253398383649646,1.0,0.0,1.0,1.0,0.0,1.0,1.0,1.0,1.0,1.0,0
-0.18434453690115418,-0.15226928220755565,0.2105511426247795,0.34279225466247143,0.2362035484046507,1.0,0.0,1.0,1.0,0.0,1.0,1.0,1.0,1.0,1.0,0
-0.7676436685883887,-1.0600933150546548,1.2483811322008875,1.1745646935825116,0.49869779405441095,1.0,0.0,1.0,1.0,0.0,1.0,1.0,1.0,1.0,1.0,0
-0.3010043632386011,0.006599923540686714,-0.3760484167008467,-0.904866403717589,-0.2887849428948697,1.0,0.0,1.0,1.0,0.0,1.0,1.0,1.0,1.0,1.0,0
-1.3509428002756232,-1.0147021134123,0.2556741856498277,0.7586784741224916,-1.1637657617274038,0.0,1.0,1.0,1.0,0.0,1.0,1.0,1.0,1.0,1.0,1
-1.2342829739381762,-1.5593965331205595,-0.060187115525509524,-0.4889801842575688,-0.15753782006998962,1.0,0.0,1.0,1.0,0.0,1.0,1.0,1.0,1.0,1.0,0
-1.3509428002756232,-0.15226928220755565,0.6392200513627372,-0.6553346720415768,-0.5950282294862567,0.0,1.0,1.0,1.0,0.0,1.0,1.0,1.0,1.0,1.0,0
0.748934073798421,-1.1054845166970098,-0.9400864545139489,-0.07309396479754869,1.5486747766534519,0.0,1.0,1.0,1.0,0.0,1.0,1.0,1.0,1.0,1.0,0
-0.41766418957604795,0.46051193996423634,0.2105511426247795,1.0082102057985036,0.7611920397041712,1.0,0.0,1.0,1.0,0.0,1.0,1.0,1.0,1.0,1.0,0
-1.8175821056254107,-1.0827889158758324,-1.1657016696391898,-0.07309396479754869,-0.15753782006998962,1.0,0.0,1.0,1.0,0.0,1.0,1.0,1.0,1.0,1.0,0
-1.3509428002756232,0.7555547506395436,0.6617815728752613,-0.5721574281495728,-0.9012715160776436,0.0,1.0,1.0,1.0,0.0,1.0,1.0,1.0,1.0,1.0,0
1.2155733791482086,0.7555547506395436,2.602072422952333,0.34279225466247143,-0.11378877912836292,1.0,0.0,1.0,1.0,0.0,1.0,1.0,1.0,1.0,1.0,0
-0.3010043632386011,-0.2884428871346205,0.5264124438001168,-0.07309396479754869,0.10495642557977058,0.0,1.0,1.0,1.0,0.0,1.0,1.0,1.0,1.0,1.0,0
-0.41766418957604795,1.481813976917223,1.7672961269889416,2.838109571422592,0.4111997121711575,1.0,0.0,1.0,1.0,0.0,1.0,1.0,1.0,1.0,1.0,0
0.748934073798421,-0.9012241093064125,0.2556741856498277,-0.07309396479754869,0.4549487531127842,1.0,0.0,1.0,1.0,0.0,1.0,1.0,1.0,1.0,1.0,0
1.0989135528107616,0.30164273421599397,1.0002043955631226,0.34279225466247143,-0.2887849428948697,1.0,0.0,1.0,1.0,0.0,1.0,1.0,1.0,1.0,1.0,0
0.6322742474609742,1.0279019604936734,0.594097008337689,-0.6553346720415768,-0.9450205570192703,1.0,0.0,1.0,1.0,0.0,1.0,1.0,1.0,1.0,1.0,0
-1.4676026266130702,-0.37922529041933045,0.2105511426247795,-1.320752623177609,0.1487054665213973,0.0,1.0,1.0,1.0,0.0,1.0,1.0,1.0,1.0,1.0,0
0.6322742474609742,0.029295524361864195,0.18798962111225542,-0.23944845258155673,1.4611766947701983,0.0,1.0,1.0,0.0,1.0,1.0,1.0,1.0,1.0,1.0,0
0.748934073798421,-0.5607900969887503,-0.2632408091382263,-1.5702843548536212,-0.15753782006998962,1.0,0.0,1.0,1.0,0.0,1.0,1.0,1.0,1.0,1.0,0
1.4488930318231024,1.0732931621360282,1.6996115624513692,0.09326052298645936,0.017458343696517182,1.0,0.0,1.0,1.0,0.0,1.0,1.0,1.0,1.0,1.0,0
2.032192163510337,-1.0147021134123,-0.8047173254388044,-0.904866403717589,-0.20128686101161633,1.0,0.0,1.0,1.0,0.0,1.0,1.0,1.0,1.0,1.0,0
-1.0009633212632825,-0.6061812986311053,-0.6467866748511357,-0.23944845258155673,-0.15753782006998962,1.0,0.0,1.0,1.0,0.0,1.0,1.0,1.0,1.0,1.0,0
0.28229476844863344,0.3924251375007039,-0.8272788469513285,-0.4889801842575688,0.1487054665213973,0.0,1.0,1.0,1.0,0.0,1.0,1.0,1.0,1.0,1.0,0
-1.4676026266130702,-1.1054845166970098,-1.6169320998896715,-0.07309396479754869,0.06120738463814389,1.0,0.0,1.0,1.0,0.0,1.0,1.0,1.0,1.0,1.0,0
0.8655939001358679,0.7101635489971886,0.9099583095130261,0.8418557180144955,0.3237016302879041,1.0,0.0,1.0,1.0,0.0,1.0,1.0,1.0,1.0,1.0,0
1.5655528581605493,-0.22035608467108808,-0.060187115525509524,-0.23944845258155673,-0.15753782006998962,1.0,0.0,1.0,1.0,0.0,1.0,1.0,1.0,1.0,1.0,0
-0.8843034949258356,-0.3338340887769755,0.2105511426247795,2.006337132502552,0.7174429987625445,1.0,0.0,1.0,1.0,0.0,1.0,1.0,1.0,1.0,1.0,0
-1.8175821056254107,-0.6061812986311053,0.30079722867487585,-1.071220891501597,-0.07003973818673623,0.0,1.0,1.0,1.0,0.0,1.0,1.0,1.0,1.0,1.0,0
0.5156144211235272,-0.7423549035581701,0.5264124438001168,-1.5702843548536212,-0.9012715160776436,0.0,1.0,1.0,1.0,0.0,1.0,1.0,1.0,1.0,1.0,0
0.9822537264733149,-1.0147021134123,-0.6693481963636598,0.17643776687846338,-0.15753782006998962,0.0,1.0,1.0,1.0,0.0,1.0,1.0,1.0,1.0,1.0,0
1.3322332054856556,0.3924251375007039,2.0154728636267065,-1.320752623177609,-0.4200320657197499,1.0,0.0,1.0,1.0,0.0,1.0,1.0,1.0,1.0,1.0,0
0.3989545947860803,-0.10687808056520069,-0.03762559401298544,0.6755012302304875,-0.15753782006998962,0.0,1.0,1.0,1.0,0.0,1.0,1.0,1.0,1.0,1.0,1
-0.8843034949258356,-0.9466153109487675,-0.1053101585505577,1.1745646935825116,-0.07003973818673623,0.0,1.0,1.0,1.0,0.0,1.0,1.0,1.0,1.0,1.0,0
0.28229476844863344,-0.10687808056520069,-0.060187115525509524,0.5091467424464795,-0.4200320657197499,1.0,0.0,1.0,1.0,0.0,1.0,1.0,1.0,1.0,1.0,0
-0.6509838422509417,-0.2657472863134431,-0.6016636318260876,0.8418557180144955,-0.15753782006998962,1.0,0.0,1.0,1.0,0.0,1.0,1.0,1.0,1.0,1.0,0
-0.06768471056370727,0.256251532573639,1.0904504816132188,0.5923239863384835,0.10495642557977058,1.0,0.0,1.0,1.0,0.0,1.0,1.0,1.0,1.0,1.0,0
0.16563494211118654,-1.3551361257299621,0.4136048362374963,-0.904866403717589,-0.46378110666137656,1.0,0.0,1.0,1.0,0.0,1.0,1.0,1.0,1.0,1.0,0
-0.7676436685883887,-0.5153988953463954,-0.4211714597258949,-0.904866403717589,0.936188203470678,0.0,1.0,1.0,1.0,0.0,1.0,1.0,1.0,1.0,1.0,0
-1.700922279287964,-1.1281801175181874,-0.060187115525509524,-0.23944845258155673,-0.15753782006998962,1.0,0.0,1.0,1.0,0.0,1.0,1.0,1.0,1.0,1.0,0
0.6322742474609742,0.5512943432489462,0.864835266487978,-0.32262569647356076,-0.11378877912836292,1.0,0.0,1.0,1.0,0.0,1.0,1.0,1.0,1.0,1.0,1
1.0989135528107616,-0.24305168549226558,0.05262049203711091,1.1745646935825116,-0.15753782006998962,1.0,0.0,1.0,1.0,0.0,1.0,1.0,1.0,1.0,1.0,0
-0.18434453690115418,-0.4700076937040404,-1.5041244923270511,1.1745646935825116,-0.37628302477812314,0.0,1.0,1.0,1.0,0.0,1.0,1.0,1.0,1.0,1.0,1
1.5655528581605493,0.3924251375007039,-0.19555624460065404,0.5091467424464795,-0.02629069724510952,0.0,1.0,1.0,1.0,0.0,1.0,1.0,1.0,1.0,1.0,1
1.2155733791482086,0.27894713339481647,-0.5565405888010394,-0.988043647609593,-0.37628302477812314,0.0,1.0,1.0,1.0,0.0,1.0,1.0,1.0,1.0,1.0,1
-0.5343240159134949,-0.1976604838499106,0.9776428740505985,-1.320752623177609,-0.8575224751360169,0.0,1.0,1.0,1.0,0.0,1.0,1.0,1.0,1.0,1.0,0
0.9822537264733149,2.2080732031949024,0.9550813525380744,-0.8216891598255849,-0.7262753523111368,0.0,1.0,1.0,1.0,0.0,1.0,1.0,1.0,1.0,1.0,0
-0.41766418957604795,-0.03879127810166825,1.5191193903511766,-0.6553346720415768,1.3299295719453184,1.0,0.0,1.0,1.0,0.0,1.0,1.0,1.0,1.0,1.0,0
-0.41766418957604795,-0.7877461052005251,-0.5339790672885153,0.34279225466247143,1.1111843672371848,1.0,0.0,1.0,1.0,0.0,1.0,1.0,1.0,1.0,1.0,0
0.8655939001358679,0.12007792764657411,0.4361663577500204,-1.320752623177609,-0.2887849428948697,0.0,1.0,1.0,1.0,0.0,1.0,1.0,1.0,1.0,1.0,0
-1.2342829739381762,0.006599923540686714,0.4361663577500204,-0.07309396479754869,0.6736939578209178,0.0,1.0,1.0,1.0,0.0,1.0,1.0,1.0,1.0,1.0,0
-1.2342829739381762,-0.2884428871346205,-0.4662945027509431,1.1745646935825116,-0.5075301476030033,1.0,0.0,1.0,1.0,0.0,1.0,1.0,1.0,1.0,1.0,0
1.4488930318231024,1.0732931621360282,-1.0303325405640453,-0.6553346720415768,-0.2887849428948697,0.0,1.0,1.0,1.0,0.0,1.0,1.0,1.0,1.0,1.0,1
1.6822126844979963,2.843550026187872,0.5038509222875927,-0.07309396479754869,-0.8137734341943902,1.0,0.0,1.0,1.0,0.0,1.0,1.0,1.0,1.0,1.0,1
1.91553233717289,0.029295524361864195,-0.4662945027509431,-0.6553346720415768,0.4111997121711575,1.0,0.0,1.0,1.0,0.0,1.0,1.0,1.0,1.0,1.0,0
1.0989135528107616,-1.0147021134123,-0.2632408091382263,-0.8216891598255849,-0.7700243932527635,1.0,0.0,1.0,1.0,0.0,1.0,1.0,1.0,1.0,1.0,0
-0.7676436685883887,-0.061486878922845725,-0.17299472308812996,0.34279225466247143,-0.33253398383649646,0.0,1.0,1.0,1.0,0.0,1.0,1.0,1.0,1.0,1.0,0
0.6322742474609742,-1.1962669199817197,2.0605959066517547,-0.07309396479754869,-0.15753782006998962,1.0,0.0,1.0,1.0,0.0,1.0,1.0,1.0,1.0,1.0,0
1.4488930318231024,-0.4246164920616854,1.1130120031257429,-1.403929867069613,0.192454507463024,1.0,0.0,1.0,1.0,0.0,1.0,1.0,1.0,1.0,1.0,0
1.0989135528107616,0.6193811457124787,0.345920271699924,-0.6553346720415768,-0.07003973818673623,0.0,1.0,1.0,1.0,0.0,1.0,1.0,1.0,1.0,1.0,1
-1.4676026266130702,-0.92391971012759,-1.0077710190515212,0.34279225466247143,-1.0325186389025236,1.0,0.0,1.0,1.0,0.0,1.0,1.0,1.0,1.0,1.0,0
0.6322742474609742,1.822247989234885,0.5264124438001168,-1.4871071109616172,-0.4200320657197499,1.0,0.0,1.0,1.0,0.0,1.0,1.0,1.0,1.0,1.0,1
1.5655528581605493,1.0279019604936734,-0.01506407250046135,0.17643776687846338,-0.11378877912836292,1.0,0.0,1.0,0.0,1.0,1.0,1.0,1.0,1.0,1.0,0
0.9822537264733149,-1.5593965331205595,-1.977916444090057,2.422223351962572,-0.46378110666137656,0.0,1.0,1.0,1.0,0.0,1.0,1.0,1.0,1.0,1.0,1
-0.41766418957604795,-1.491309730657027,-1.6169320998896715,-0.32262569647356076,-0.68252631136951,1.0,0.0,1.0,1.0,0.0,1.0,1.0,1.0,1.0,1.0,0
0.04897511577373963,-0.37922529041933045,-0.3760484167008467,-1.8198160865296331,0.06120738463814389,0.0,1.0,1.0,1.0,0.0,1.0,1.0,1.0,1.0,1.0,0
-0.3010043632386011,1.4137271744536906,-0.6016636318260876,2.422223351962572,4.4361114788008145,0.0,1.0,1.0,0.0,1.0,1.0,1.0,1.0,1.0,1.0,0
1.2155733791482086,-0.4700076937040404,0.5489739653126408,-0.4889801842575688,-0.15753782006998962,0.0,1.0,1.0,1.0,0.0,1.0,1.0,1.0,1.0,1.0,0
1.4488930318231024,1.617987581844288,0.16542809959973134,0.010083279094455335,1.0236862853539315,1.0,0.0,1.0,1.0,0.0,1.0,1.0,1.0,1.0,1.0,1
-1.1176231476007294,-1.4686141298358495,-0.3986099382133708,-0.32262569647356076,-0.9450205570192703,1.0,0.0,1.0,1.0,0.0,1.0,1.0,1.0,1.0,1.0,0
1.2155733791482086,0.12007792764657411,0.6617815728752613,-0.07309396479754869,0.017458343696517182,1.0,0.0,1.0,1.0,0.0,1.0,1.0,1.0,1.0,1.0,0
0.6322742474609742,-0.37922529041933045,1.2258196106883634,-0.07309396479754869,-0.07003973818673623,1.0,0.0,1.0,1.0,0.0,1.0,1.0,1.0,1.0,1.0,0
0.16563494211118654,-1.0147021134123,-0.12787168006308178,-0.07309396479754869,-0.02629069724510952,0.0,1.0,1.0,1.0,0.0,1.0,1.0,1.0,1.0,1.0,0
-0.6509838422509417,-0.22035608467108808,0.075182013549635,-1.320752623177609,-0.15753782006998962,1.0,0.0,1.0,1.0,0.0,1.0,1.0,1.0,1.0,1.0,0
1.6822126844979963,0.3470339358583489,1.2709426537134116,0.5923239863384835,-0.24503590195324304,1.0,0.0,1.0,1.0,0.0,1.0,1.0,1.0,1.0,1.0,0
0.748934073798421,1.95842159416195,-0.2406792876257022,-1.320752623177609,-0.5075301476030033,0.0,1.0,1.0,1.0,0.0,1.0,1.0,1.0,1.0,1.0,0
1.0989135528107616,-0.9012241093064125,0.030058970524586823,-1.4871071109616172,-0.6387772704278833,0.0,1.0,1.0,1.0,0.0,1.0,1.0,1.0,1.0,1.0,1
-1.584262452950517,-1.3324405249087847,-0.8272788469513285,-0.7385119159335809,-0.4200320657197499,0.0,1.0,1.0,1.0,0.0,1.0,1.0,1.0,1.0,1.0,0
0.8655939001358679,-1.3778317265511395,0.12030505657468317,-0.4889801842575688,0.017458343696517182,0.0,1.0,1.0,1.0,0.0,1.0,1.0,1.0,1.0,1.0,0
1.5655528581605493,-1.8090481421535116,1.7898576485014657,-1.154398135393601,-0.24503590195324304,1.0,0.0,1.0,1.0,0.0,1.0,1.0,1.0,1.0,1.0,1
1.0989135528107616,3.2974620426114214,-0.4662945027509431,-0.8216891598255849,0.10495642557977058,1.0,0.0,1.0,1.0,0.0,1.0,1.0,1.0,1.0,1.0,0
-1.2342829739381762,-1.0600933150546548,-1.233386234176762,-0.32262569647356076,-0.68252631136951,1.0,0.0,1.0,1.0,0.0,1.0,1.0,1.0,1.0,1.0,0
1.3322332054856556,0.6874679481760111,-0.060187115525509524,0.5923239863384835,-0.15753782006998962,1.0,0.0,1.0,1.0,0.0,1.0,1.0,1.0,1.0,1.0,0
-0.6509838422509417,0.43781633914305884,0.2105511426247795,0.010083279094455335,-0.7262753523111368,0.0,1.0,1.0,1.0,0.0,1.0,1.0,1.0,1.0,1.0,1
0.748934073798421,-0.4246164920616854,1.158135046150791,-0.32262569647356076,0.629944916879291,1.0,0.0,1.0,1.0,0.0,1.0,1.0,1.0,1.0,1.0,0
1.3322332054856556,-0.016095677280490765,-1.5041244923270511,-1.9029933304216373,0.017458343696517182,0.0,1.0,1.0,1.0,0.0,1.0,1.0,1.0,1.0,1.0,0
-0.7676436685883887,-0.061486878922845725,-1.2785092772018103,-0.904866403717589,0.1487054665213973,0.0,1.0,1.0,1.0,0.0,1.0,1.0,1.0,1.0,1.0,1
-1.2342829739381762,0.12007792764657411,-0.6467866748511357,-0.4889801842575688,-0.15753782006998962,0.0,1.0,1.0,1.0,0.0,1.0,1.0,1.0,1.0,1.0,0
-1.584262452950517,-0.2884428871346205,-0.5339790672885153,1.5904509130425317,-0.11378877912836292,1.0,0.0,1.0,1.0,0.0,1.0,1.0,1.0,1.0,1.0,0
-1.4676026266130702,-0.969310911769945,-0.17299472308812996,0.34279225466247143,-0.5075301476030033,1.0,0.0,1.0,1.0,0.0,1.0,1.0,1.0,1.0,1.0,0
-1.1176231476007294,-0.6515725002734603,-0.2406792876257022,0.9250329619064996,-0.11378877912836292,1.0,0.0,1.0,1.0,0.0,1.0,1.0,1.0,1.0,1.0,0
-0.3010043632386011,-0.6061812986311053,1.0002043955631226,0.34279225466247143,-0.7262753523111368,0.0,1.0,1.0,1.0,0.0,1.0,1.0,1.0,1.0,1.0,0
1.3322332054856556,-0.878528508485235,-0.9400864545139489,0.34279225466247143,0.629944916879291,0.0,1.0,1.0,1.0,0.0,1.0,1.0,1.0,1.0,1.0,0
1.4488930318231024,0.3470339358583489,-0.17299472308812996,0.34279225466247143,1.2861805310036916,1.0,0.0,1.0,1.0,0.0,1.0,1.0,1.0,1.0,1.0,0
0.5156144211235272,0.256251532573639,-0.8949634114889007,-0.32262569647356076,-0.37628302477812314,1.0,0.0,1.0,1.0,0.0,1.0,1.0,1.0,1.0,1.0,0
-1.0009633212632825,1.527205178559578,0.075182013549635,1.1745646935825116,-1.0762676798441504,0.0,1.0,1.0,1.0,0.0,1.0,1.0,1.0,1.0,1.0,0
-0.41766418957604795,-0.7650505043793476,-1.4138784062769547,-0.23944845258155673,-0.07003973818673623,1.0,0.0,1.0,1.0,0.0,1.0,1.0,1.0,1.0,1.0,0
-1.3509428002756232,-0.4246164920616854,0.4361663577500204,-1.154398135393601,0.017458343696517182,0.0,1.0,1.0,1.0,0.0,1.0,1.0,1.0,1.0,1.0,0
-1.0009633212632825,-0.37922529041933045,-0.6919097178761839,0.34279225466247143,-0.5075301476030033,0.0,1.0,1.0,1.0,0.0,1.0,1.0,1.0,1.0,1.0,0
-1.2342829739381762,-0.9012241093064125,0.3910433147249722,-0.32262569647356076,-0.15753782006998962,1.0,0.0,1.0,1.0,0.0,1.0,1.0,1.0,1.0,1.0,0
-1.4676026266130702,-0.4246164920616854,0.5489739653126408,1.1745646935825116,0.1487054665213973,1.0,0.0,1.0,1.0,0.0,1.0,1.0,1.0,1.0,1.0,0
-1.1176231476007294,-0.15226928220755565,-0.12787168006308178,1.0913874496905076,0.7611920397041712,1.0,0.0,1.0,1.0,0.0,1.0,1.0,1.0,1.0,1.0,0
0.28229476844863344,-0.016095677280490765,0.48128940077506854,1.1745646935825116,8.154779958839084,0.0,1.0,1.0,0.0,1.0,1.0,1.0,1.0,1.0,1.0,1
1.0989135528107616,-0.7423549035581701,0.3910433147249722,-0.07309396479754869,0.7174429987625445,1.0,0.0,1.0,1.0,0.0,1.0,1.0,1.0,1.0,1.0,1
0.04897511577373963,0.05199112518304168,-0.2632408091382263,0.2596150107704674,1.067435326295558,0.0,1.0,1.0,1.0,0.0,1.0,1.0,1.0,1.0,1.0,1
0.5156144211235272,-0.1976604838499106,1.4288733043010802,-0.6553346720415768,-0.15753782006998962,0.0,1.0,1.0,1.0,0.0,1.0,1.0,1.0,1.0,1.0,0
1.0989135528107616,0.07468672600421916,-0.6016636318260876,-1.4871071109616172,-0.20128686101161633,0.0,1.0,1.0,1.0,0.0,1.0,1.0,1.0,1.0,1.0,1
-1.2342829739381762,-0.92391971012759,-0.4888560242634672,-1.403929867069613,-0.15753782006998962,0.0,1.0,1.0,1.0,0.0,1.0,1.0,1.0,1.0,1.0,0
-0.41766418957604795,-0.4246164920616854,-0.3760484167008467,1.5072736691505277,-0.11378877912836292,1.0,0.0,1.0,1.0,0.0,1.0,1.0,1.0,1.0,1.0,1
0.9822537264733149,1.5952919810231103,-0.060187115525509524,-0.4058029403655648,-0.68252631136951,0.0,1.0,1.0,1.0,0.0,1.0,1.0,1.0,1.0,1.0,0
-1.0009633212632825,-0.4700076937040404,0.007497449012062735,-0.07309396479754869,-0.33253398383649646,1.0,0.0,1.0,1.0,0.0,1.0,1.0,1.0,1.0,1.0,0
0.3989545947860803,-0.2884428871346205,0.030058970524586823,-1.154398135393601,-0.37628302477812314,0.0,1.0,1.0,1.0,0.0,1.0,1.0,1.0,1.0,1.0,0
-0.6509838422509417,-0.061486878922845725,0.6843430943877853,-0.4889801842575688,-0.11378877912836292,0.0,1.0,1.0,1.0,0.0,1.0,1.0,1.0,1.0,1.0,0
0.8655939001358679,0.6193811457124787,0.48128940077506854,-1.071220891501597,0.2362035484046507,0.0,1.0,1.0,1.0,0.0,1.0,1.0,1.0,1.0,1.0,0
2.2655118161852306,1.436422775274868,-0.4888560242634672,2.006337132502552,-0.15753782006998962,1.0,0.0,1.0,1.0,0.0,1.0,1.0,1.0,1.0,1.0,0
-1.1176231476007294,-0.37922529041933045,-0.8949634114889007,1.1745646935825116,-0.55127918854463,1.0,0.0,1.0,1.0,0.0,1.0,1.0,1.0,1.0,1.0,0
-0.6509838422509417,0.256251532573639,-0.6016636318260876,-0.4889801842575688,0.4549487531127842,1.0,0.0,1.0,1.0,0.0,1.0,1.0,1.0,1.0,1.0,0
0.28229476844863344,-0.5607900969887503,0.075182013549635,0.34279225466247143,-0.8575224751360169,0.0,1.0,1.0,1.0,0.0,1.0,1.0,1.0,1.0,1.0,0
-0.8843034949258356,0.12007792764657411,0.8422737449754539,-0.4889801842575688,-0.15753782006998962,1.0,0.0,1.0,1.0,0.0,1.0,1.0,1.0,1.0,1.0,0
0.8655939001358679,-0.5607900969887503,-0.6016636318260876,0.09326052298645936,-0.46378110666137656,0.0,1.0,1.0,1.0,0.0,1.0,1.0,1.0,1.0,1.0,0
1.6822126844979963,0.5739899440701237,-0.17299472308812996,-0.4889801842575688,-0.33253398383649646,1.0,0.0,1.0,1.0,0.0,1.0,1.0,1.0,1.0,1.0,1
1.3322332054856556,1.481813976917223,0.4361663577500204,-0.07309396479754869,0.6736939578209178,0.0,1.0,1.0,1.0,0.0,1.0,1.0,1.0,1.0,1.0,0
-0.3010043632386011,0.21086033093128403,1.067888960100695,-0.23944845258155673,-0.9012715160776436,0.0,1.0,1.0,1.0,0.0,1.0,1.0,1.0,1.0,1.0,0
-0.06768471056370727,-0.9012241093064125,1.5868039548887487,-1.320752623177609,-0.4200320657197499,1.0,0.0,1.0,1.0,0.0,1.0,1.0,1.0,1.0,1.0,0
-1.3509428002756232,-0.4246164920616854,-0.8272788469513285,1.1745646935825116,0.10495642557977058,0.0,1.0,1.0,1.0,0.0,1.0,1.0,1.0,1.0,1.0,0
-1.4676026266130702,-0.5607900969887503,-0.5565405888010394,-0.07309396479754869,-0.07003973818673623,0.0,1.0,1.0,1.0,0.0,1.0,1.0,1.0,1.0,1.0,0
-1.0009633212632825,-0.6061812986311053,-1.526686013839575,-1.320752623177609,-0.33253398383649646,1.0,0.0,1.0,1.0,0.0,1.0,1.0,1.0,1.0,1.0,0
0.16563494211118654,-1.1054845166970098,0.8422737449754539,-0.4889801842575688,-0.5950282294862567,0.0,1.0,1.0,1.0,0.0,1.0,1.0,1.0,1.0,1.0,0
0.28229476844863344,-1.0147021134123,-0.33092537367579855,-0.8216891598255849,0.9799372444123047,0.0,1.0,1.0,1.0,0.0,1.0,1.0,1.0,1.0,1.0,0
-0.7676436685883887,-1.1281801175181874,-0.6919097178761839,-1.320752623177609,-0.46378110666137656,0.0,1.0,1.0,1.0,0.0,1.0,1.0,1.0,1.0,1.0,1
1.0989135528107616,0.959815158030141,-0.060187115525509524,-0.4058029403655648,1.373678612886945,1.0,0.0,1.0,1.0,0.0,1.0,1.0,1.0,1.0,1.0,0
-0.8843034949258356,-1.3778317265511395,0.345920271699924,-1.320752623177609,-0.15753782006998962,1.0,0.0,1.0,1.0,0.0,1.0,1.0,1.0,1.0,1.0,0
-1.700922279287964,-1.445918529014672,-0.962647976026473,-0.07309396479754869,-0.37628302477812314,1.0,0.0,1.0,1.0,0.0,1.0,1.0,1.0,1.0,1.0,0
-1.584262452950517,-0.4700076937040404,0.18798962111225542,0.2596150107704674,0.1487054665213973,0.0,1.0,1.0,1.0,0.0,1.0,1.0,1.0,1.0,1.0,0
0.04897511577373963,-0.5153988953463954,0.030058970524586823,1.0082102057985036,-0.15753782006998962,0.0,1.0,1.0,1.0,0.0,1.0,1.0,1.0,1.0,1.0,0
0.8655939001358679,0.07468672600421916,0.18798962111225542,2.006337132502552,-0.15753782006998962,1.0,0.0,1.0,1.0,0.0,1.0,1.0,1.0,1.0,1.0,0
0.9822537264733149,1.1640755654207382,-0.8272788469513285,0.7586784741224916,-0.20128686101161633,1.0,0.0,1.0,1.0,0.0,1.0,1.0,1.0,1.0,1.0,1
-1.1176231476007294,0.6193811457124787,1.0453274385881708,0.34279225466247143,-0.7700243932527635,0.0,1.0,1.0,1.0,0.0,1.0,1.0,1.0,1.0,1.0,1
1.4488930318231024,1.572596380201933,0.8422737449754539,2.006337132502552,-0.07003973818673623,1.0,0.0,1.0,1.0,0.0,1.0,1.0,1.0,1.0,1.0,1
-0.8843034949258356,0.46051193996423634,0.2782357071623518,-1.403929867069613,0.017458343696517182,0.0,1.0,1.0,1.0,0.0,1.0,1.0,1.0,1.0,1.0,0
1.6822126844979963,1.1640755654207382,1.0227659170756467,-0.07309396479754869,-0.46378110666137656,1.0,0.0,1.0,1.0,0.0,1.0,1.0,1.0,1.0,1.0,0
-1.0009633212632825,-0.9466153109487675,0.2105511426247795,-0.904866403717589,-0.9450205570192703,0.0,1.0,1.0,1.0,0.0,1.0,1.0,1.0,1.0,1.0,0
0.16563494211118654,0.5739899440701237,1.8801037345515619,-0.07309396479754869,0.7174429987625445,1.0,0.0,1.0,1.0,0.0,1.0,1.0,1.0,1.0,1.0,0
1.798872510835443,-0.6061812986311053,-1.3461938417393824,-1.320752623177609,0.2799525893462774,0.0,1.0,1.0,1.0,0.0,1.0,1.0,1.0,1.0,1.0,0
0.28229476844863344,-0.016095677280490765,-0.2632408091382263,-0.32262569647356076,-0.55127918854463,0.0,1.0,1.0,1.0,0.0,1.0,1.0,1.0,1.0,1.0,0
0.8655939001358679,1.9357259933407724,-0.6693481963636598,0.5923239863384835,-0.2887849428948697,1.0,0.0,1.0,1.0,0.0,1.0,1.0,1.0,1.0,1.0,1
0.748934073798421,1.2548579687054482,1.9929113421141824,0.7586784741224916,0.192454507463024,1.0,0.0,1.0,1.0,0.0,1.0,1.0,1.0,1.0,1.0,1
-0.41766418957604795,0.5285987424277687,-0.5114175457759913,1.6736281569345357,-0.07003973818673623,1.0,0.0,1.0,1.0,0.0,1.0,1.0,1.0,1.0,1.0,0
0.5156144211235272,-0.7423549035581701,0.5264124438001168,0.7586784741224916,0.1487054665213973,0.0,1.0,1.0,1.0,0.0,1.0,1.0,1.0,1.0,1.0,0
-1.4676026266130702,-0.6061812986311053,0.3910433147249722,-0.4889801842575688,-0.55127918854463,1.0,0.0,1.0,1.0,0.0,1.0,1.0,1.0,1.0,1.0,0
-0.3010043632386011,0.8009459522818986,-1.3461938417393824,-0.07309396479754869,-0.9450205570192703,0.0,1.0,1.0,1.0,0.0,1.0,1.0,1.0,1.0,1.0,0
-0.3010043632386011,0.30164273421599397,-1.1431401481266656,0.34279225466247143,1.8986671041864653,1.0,0.0,1.0,0.0,1.0,1.0,1.0,1.0,1.0,1.0,0
-0.8843034949258356,-0.1976604838499106,0.7971507019504057,0.34279225466247143,-0.8137734341943902,0.0,1.0,1.0,1.0,0.0,1.0,1.0,1.0,1.0,1.0,1
1.0989135528107616,0.7555547506395436,0.075182013549635,0.34279225466247143,0.017458343696517182,1.0,0.0,1.0,1.0,0.0,1.0,1.0,1.0,1.0,1.0,0
-1.2342829739381762,-0.4246164920616854,1.8801037345515619,0.7586784741224916,-0.55127918854463,0.0,1.0,1.0,1.0,0.0,1.0,1.0,1.0,1.0,1.0,0
-0.7676436685883887,-1.445918529014672,1.0904504816132188,-0.904866403717589,-0.2887849428948697,0.0,1.0,1.0,1.0,0.0,1.0,1.0,1.0,1.0,1.0,0
0.28229476844863344,1.1413799645995608,0.7294661374128335,-0.4889801842575688,-0.07003973818673623,0.0,1.0,1.0,0.0,1.0,1.0,1.0,1.0,1.0,1.0,0
-1.1176231476007294,-0.061486878922845725,-0.19555624460065404,-0.988043647609593,-0.33253398383649646,0.0,1.0,1.0,1.0,0.0,1.0,1.0,1.0,1.0,1.0,0
0.28229476844863344,1.7541611867713527,0.5264124438001168,-0.5721574281495728,-0.07003973818673623,1.0,0.0,1.0,1.0,0.0,1.0,1.0,1.0,1.0,1.0,1
-0.18434453690115418,1.8903347916984177,0.2782357071623518,-0.15627120868955272,-0.24503590195324304,1.0,0.0,1.0,1.0,0.0,1.0,1.0,1.0,1.0,1.0,0
-0.7676436685883887,-1.3324405249087847,-1.0528940620765692,1.0913874496905076,-0.55127918854463,1.0,0.0,1.0,1.0,0.0,1.0,1.0,1.0,1.0,1.0,0
-1.1176231476007294,-0.6969637019158151,-1.6169320998896715,-2.1525250620976495,-0.68252631136951,0.0,1.0,1.0,1.0,0.0,1.0,1.0,1.0,1.0,1.0,0
0.5156144211235272,0.6193811457124787,0.345920271699924,1.1745646935825116,0.8049410806457978,1.0,0.0,1.0,1.0,0.0,1.0,1.0,1.0,1.0,1.0,0
0.16563494211118654,0.869032754745431,1.0904504816132188,0.6755012302304875,-0.24503590195324304,1.0,0.0,1.0,1.0,0.0,1.0,1.0,1.0,1.0,1.0,0
0.5156144211235272,0.6193811457124787,0.7971507019504057,-0.32262569647356076,-0.07003973818673623,1.0,0.0,1.0,1.0,0.0,1.0,1.0,1.0,1.0,1.0,0
-1.2342829739381762,-0.5153988953463954,-0.8047173254388044,-0.7385119159335809,0.3674506712295308,1.0,0.0,1.0,1.0,0.0,1.0,1.0,1.0,1.0,1.0,0
0.748934073798421,-0.9012241093064125,0.075182013549635,-0.32262569647356076,-0.15753782006998962,1.0,0.0,1.0,1.0,0.0,1.0,1.0,1.0,1.0,1.0,0
-1.4676026266130702,-0.6515725002734603,-1.5718090568646232,-0.904866403717589,-0.6387772704278833,1.0,0.0,1.0,1.0,0.0,1.0,1.0,1.0,1.0,1.0,0
-0.8843034949258356,-1.0600933150546548,0.3684817932124481,1.0082102057985036,-0.9450205570192703,1.0,0.0,1.0,1.0,0.0,1.0,1.0,1.0,1.0,1.0,0
-1.3509428002756232,-0.7877461052005251,-0.3986099382133708,-0.904866403717589,0.49869779405441095,0.0,1.0,1.0,1.0,0.0,1.0,1.0,1.0,1.0,1.0,0
-1.0009633212632825,-0.1976604838499106,0.030058970524586823,0.34279225466247143,-0.4200320657197499,0.0,1.0,1.0,1.0,0.0,1.0,1.0,1.0,1.0,1.0,0
1.5655528581605493,1.822247989234885,-0.2406792876257022,0.9250329619064996,-0.02629069724510952,1.0,0.0,1.0,1.0,0.0,1.0,1.0,1.0,1.0,1.0,0
-1.0009633212632825,-0.5607900969887503,-0.7595942824137561,0.34279225466247143,-0.8137734341943902,1.0,0.0,1.0,1.0,0.0,1.0,1.0,1.0,1.0,1.0,0
0.6322742474609742,-0.7877461052005251,-0.3986099382133708,1.0082102057985036,0.49869779405441095,0.0,1.0,1.0,1.0,0.0,1.0,1.0,1.0,1.0,1.0,0
-1.8175821056254107,-1.445918529014672,-1.1657016696391898,-0.4889801842575688,1.4611766947701983,0.0,1.0,1.0,1.0,0.0,1.0,1.0,1.0,1.0,1.0,0
-0.6509838422509417,-0.5607900969887503,-0.714471239388708,-0.7385119159335809,-0.20128686101161633,1.0,0.0,1.0,1.0,0.0,1.0,1.0,1.0,1.0,1.0,0
1.6822126844979963,-0.016095677280490765,0.05262049203711091,0.8418557180144955,-0.07003973818673623,1.0,0.0,1.0,1.0,0.0,1.0,1.0,1.0,1.0,1.0,0
-1.0009633212632825,-0.969310911769945,-1.3010707987143342,0.7586784741224916,0.017458343696517182,1.0,0.0,1.0,1.0,0.0,1.0,1.0,1.0,1.0,1.0,0
0.6322742474609742,0.43781633914305884,0.14286657808720726,-0.4889801842575688,0.1487054665213973,1.0,0.0,1.0,1.0,0.0,1.0,1.0,1.0,1.0,1.0,0
0.5156144211235272,1.7087699851289977,1.9929113421141824,1.1745646935825116,-0.7700243932527635,1.0,0.0,1.0,1.0,0.0,1.0,1.0,1.0,1.0,1.0,0
-0.06768471056370727,-0.9012241093064125,-0.0827486370380336,1.6736281569345357,-0.07003973818673623,1.0,0.0,1.0,1.0,0.0,1.0,1.0,1.0,1.0,1.0,0
-1.700922279287964,-0.3338340887769755,-1.8651088365274364,2.838109571422592,-0.2887849428948697,1.0,0.0,1.0,1.0,0.0,1.0,1.0,1.0,1.0,1.0,0
1.91553233717289,2.752767622903162,0.594097008337689,3.253995790882612,0.5424468349960376,1.0,0.0,1.0,1.0,0.0,1.0,1.0,1.0,1.0,1.0,1
-1.0009633212632825,0.7101635489971886,-0.9400864545139489,0.010083279094455335,-0.55127918854463,1.0,0.0,1.0,1.0,0.0,1.0,1.0,1.0,1.0,1.0,0
-0.06768471056370727,0.5739899440701237,0.5715354868251649,-0.07309396479754869,0.06120738463814389,1.0,0.0,1.0,1.0,0.0,1.0,1.0,1.0,1.0,1.0,0
1.3322332054856556,-0.10687808056520069,0.48128940077506854,-0.7385119159335809,-0.15753782006998962,0.0,1.0,1.0,1.0,0.0,1.0,1.0,1.0,1.0,1.0,0
0.16563494211118654,1.3002491703478032,3.6399024125284405,0.09326052298645936,0.06120738463814389,1.0,0.0,1.0,1.0,0.0,1.0,1.0,1.0,1.0,1.0,0
-1.584262452950517,-0.7877461052005251,-0.8949634114889007,-0.6553346720415768,-0.20128686101161633,0.0,1.0,1.0,1.0,0.0,1.0,1.0,1.0,1.0,1.0,0
0.5156144211235272,-0.4473120928828629,-0.2406792876257022,1.3409191813665198,-0.46378110666137656,0.0,1.0,1.0,1.0,0.0,1.0,1.0,1.0,1.0,1.0,0
0.748934073798421,-0.878528508485235,0.3910433147249722,0.2596150107704674,0.2362035484046507,1.0,0.0,1.0,1.0,0.0,1.0,1.0,1.0,1.0,1.0,0
-1.3509428002756232,0.12007792764657411,-0.8498403684638526,-0.7385119159335809,0.1487054665213973,0.0,1.0,1.0,1.0,0.0,1.0,1.0,1.0,1.0,1.0,0
-1.3509428002756232,-1.2416581216240747,-1.1431401481266656,0.7586784741224916,-0.5950282294862567,1.0,0.0,1.0,1.0,0.0,1.0,1.0,1.0,1.0,1.0,0
-0.3010043632386011,-1.5593965331205595,0.30079722867487585,-1.320752623177609,0.2799525893462774,1.0,0.0,1.0,1.0,0.0,1.0,1.0,1.0,1.0,1.0,0
0.748934073798421,-0.37922529041933045,1.0904504816132188,-1.9861705743136413,1.067435326295558,1.0,0.0,1.0,1.0,0.0,1.0,1.0,1.0,1.0,1.0,0
-1.584262452950517,-0.4700076937040404,-0.15043320157560586,-2.5684112815576694,-0.15753782006998962,0.0,1.0,1.0,1.0,0.0,1.0,1.0,1.0,1.0,1.0,0
1.2155733791482086,0.256251532573639,0.864835266487978,0.7586784741224916,0.192454507463024,1.0,0.0,1.0,1.0,0.0,1.0,1.0,1.0,1.0,1.0,0
-0.3010043632386011,1.2548579687054482,1.9929113421141824,1.5904509130425317,0.2362035484046507,1.0,0.0,1.0,1.0,0.0,1.0,1.0,1.0,1.0,1.0,0
-0.06768471056370727,-1.6047877347629145,0.030058970524586823,-0.07309396479754869,-0.20128686101161633,1.0,0.0,1.0,1.0,0.0,1.0,1.0,1.0,1.0,1.0,0
0.3989545947860803,0.8917283555666085,-0.7370327609012322,0.17643776687846338,0.3237016302879041,0.0,1.0,1.0,1.0,0.0,1.0,1.0,1.0,1.0,1.0,0
-0.7676436685883887,0.3924251375007039,-0.8272788469513285,0.34279225466247143,1.0236862853539315,0.0,1.0,1.0,1.0,0.0,1.0,1.0,1.0,1.0,1.0,0
0.04897511577373963,-0.24305168549226558,0.45872787926254444,-0.07309396479754869,1.5486747766534519,0.0,1.0,1.0,1.0,0.0,1.0,1.0,1.0,1.0,1.0,1
0.8655939001358679,2.934332429472582,1.0904504816132188,-0.6553346720415768,-0.15753782006998962,1.0,0.0,1.0,1.0,0.0,1.0,1.0,1.0,1.0,1.0,1
0.9822537264733149,-0.4246164920616854,0.12030505657468317,-0.15627120868955272,-0.4200320657197499,1.0,0.0,1.0,1.0,0.0,1.0,1.0,1.0,1.0,1.0,0
-1.2342829739381762,-0.5153988953463954,-0.9175249330014248,1.1745646935825116,-0.5950282294862567,0.0,1.0,1.0,1.0,0.0,1.0,1.0,1.0,1.0,1.0,0
-0.7676436685883887,0.41512073832188134,0.075182013549635,-0.32262569647356076,-0.20128686101161633,1.0,0.0,1.0,1.0,0.0,1.0,1.0,1.0,1.0,1.0,0
-0.3010043632386011,0.05199112518304168,-0.12787168006308178,-0.07309396479754869,-0.37628302477812314,1.0,0.0,1.0,1.0,0.0,1.0,1.0,1.0,1.0,1.0,0
-0.6509838422509417,-1.1054845166970098,-1.797424271989864,-1.320752623177609,0.017458343696517182,0.0,1.0,1.0,1.0,0.0,1.0,1.0,1.0,1.0,1.0,0
-0.41766418957604795,-0.9012241093064125,-0.8272788469513285,0.34279225466247143,-0.20128686101161633,1.0,0.0,1.0,1.0,0.0,1.0,1.0,1.0,1.0,1.0,0
-1.584262452950517,-0.6969637019158151,-0.6016636318260876,-0.07309396479754869,0.629944916879291,0.0,1.0,1.0,1.0,0.0,1.0,1.0,1.0,1.0,1.0,0
-0.7676436685883887,-0.15226928220755565,0.4361663577500204,1.6736281569345357,-0.4200320657197499,1.0,0.0,1.0,1.0,0.0,1.0,1.0,1.0,1.0,1.0,0
1.6822126844979963,0.7782503514607211,-0.1053101585505577,-0.6553346720415768,0.629944916879291,1.0,0.0,1.0,1.0,0.0,1.0,1.0,1.0,1.0,1.0,0
1.2155733791482086,1.9811171949831274,0.8197122234629298,-0.8216891598255849,-0.11378877912836292,1.0,0.0,1.0,1.0,0.0,1.0,1.0,1.0,1.0,1.0,0
0.5156144211235272,-0.016095677280490765,-0.03762559401298544,-0.904866403717589,-0.2887849428948697,0.0,1.0,1.0,1.0,0.0,1.0,1.0,1.0,1.0,1.0,0
-1.1176231476007294,0.7555547506395436,-0.5339790672885153,-0.5721574281495728,0.5424468349960376,0.0,1.0,1.0,1.0,0.0,1.0,1.0,1.0,1.0,1.0,0
-0.06768471056370727,0.5059031416065913,0.4136048362374963,-0.07309396479754869,-0.07003973818673623,0.0,1.0,1.0,1.0,0.0,1.0,1.0,1.0,1.0,1.0,0
1.2155733791482086,0.5739899440701237,0.7520276589253576,-0.07309396479754869,-0.37628302477812314,0.0,1.0,1.0,1.0,0.0,1.0,1.0,1.0,1.0,1.0,0
-1.0009633212632825,-0.7877461052005251,-0.0827486370380336,-0.6553346720415768,0.6736939578209178,1.0,0.0,1.0,1.0,0.0,1.0,1.0,1.0,1.0,1.0,0
-0.5343240159134949,0.05199112518304168,-0.3760484167008467,-0.904866403717589,-0.37628302477812314,1.0,0.0,1.0,1.0,0.0,1.0,1.0,1.0,1.0,1.0,0
0.04897511577373963,-0.2657472863134431,1.0227659170756467,0.7586784741224916,0.2362035484046507,0.0,1.0,1.0,1.0,0.0,1.0,1.0,1.0,1.0,1.0,0
0.5156144211235272,-0.6969637019158151,0.5489739653126408,0.34279225466247143,-0.20128686101161633,0.0,1.0,1.0,1.0,0.0,1.0,1.0,1.0,1.0,1.0,1
0.5156144211235272,0.7101635489971886,-0.2406792876257022,-0.6553346720415768,0.4549487531127842,1.0,0.0,1.0,1.0,0.0,1.0,1.0,1.0,1.0,1.0,0
0.04897511577373963,-0.2884428871346205,-0.8272788469513285,0.34279225466247143,-0.24503590195324304,0.0,1.0,1.0,1.0,0.0,1.0,1.0,1.0,1.0,1.0,1
0.748934073798421,0.16546912928892907,0.2105511426247795,0.34279225466247143,-0.4200320657197499,1.0,0.0,1.0,1.0,0.0,1.0,1.0,1.0,1.0,1.0,1
-0.5343240159134949,1.9357259933407724,0.030058970524586823,0.17643776687846338,-0.5075301476030033,0.0,1.0,1.0,1.0,0.0,1.0,1.0,1.0,1.0,1.0,0
0.9822537264733149,0.30164273421599397,2.173403514214375,-0.07309396479754869,-0.15753782006998962,0.0,1.0,1.0,1.0,0.0,1.0,1.0,1.0,1.0,1.0,0
-0.3010043632386011,-0.5607900969887503,0.5489739653126408,0.7586784741224916,-0.15753782006998962,1.0,0.0,1.0,1.0,0.0,1.0,1.0,1.0,1.0,1.0,0
0.04897511577373963,1.481813976917223,-0.060187115525509524,-0.07309396479754869,-0.15753782006998962,1.0,0.0,1.0,1.0,0.0,1.0,1.0,1.0,1.0,1.0,1
-0.5343240159134949,-0.969310911769945,0.4136048362374963,1.0082102057985036,-0.7262753523111368,1.0,0.0,1.0,1.0,0.0,1.0,1.0,1.0,1.0,1.0,0
-0.6509838422509417,0.07468672600421916,-0.9852094975389971,-0.07309396479754869,-0.20128686101161633,0.0,1.0,1.0,1.0,0.0,1.0,1.0,1.0,1.0,1.0,0
0.04897511577373963,-0.37922529041933045,0.48128940077506854,-0.32262569647356076,0.06120738463814389,0.0,1.0,1.0,1.0,0.0,1.0,1.0,1.0,1.0,1.0,0
1.3322332054856556,1.913030392519595,0.7520276589253576,0.34279225466247143,-0.24503590195324304,1.0,0.0,1.0,1.0,0.0,1.0,1.0,1.0,1.0,1.0,0
-0.8843034949258356,-0.4473120928828629,-1.0980171051016174,1.0913874496905076,-0.5950282294862567,1.0,0.0,1.0,1.0,0.0,1.0,1.0,1.0,1.0,1.0,0
-1.1176231476007294,-0.5607900969887503,-1.8425473150149123,-0.904866403717589,-0.15753782006998962,1.0,0.0,1.0,1.0,0.0,1.0,1.0,1.0,1.0,1.0,0
-0.3010043632386011,-0.83313730684288,-2.1132855731652014,-0.5721574281495728,-0.4200320657197499,0.0,1.0,1.0,1.0,0.0,1.0,1.0,1.0,1.0,1.0,1
-0.3010043632386011,-1.1962669199817197,-0.714471239388708,-0.07309396479754869,0.6736939578209178,1.0,0.0,1.0,1.0,0.0,1.0,1.0,1.0,1.0,1.0,0
-1.3509428002756232,-1.0147021134123,-1.3687553632519065,2.006337132502552,1.373678612886945,1.0,0.0,1.0,1.0,0.0,1.0,1.0,1.0,1.0,1.0,0
-0.7676436685883887,-0.83313730684288,0.594097008337689,-0.4889801842575688,-0.33253398383649646,0.0,1.0,1.0,1.0,0.0,1.0,1.0,1.0,1.0,1.0,1
0.9822537264733149,-0.7196593027369926,1.2032580891758393,-0.07309396479754869,0.1487054665213973,0.0,1.0,1.0,1.0,0.0,1.0,1.0,1.0,1.0,1.0,0
-0.7676436685883887,0.256251532573639,-0.1053101585505577,-0.4889801842575688,0.629944916879291,1.0,0.0,1.0,1.0,0.0,1.0,1.0,1.0,1.0,1.0,0
-1.4676026266130702,-0.17496488302873314,-1.5943705783771474,-1.4871071109616172,1.1549334081788114,0.0,1.0,1.0,1.0,0.0,1.0,1.0,1.0,1.0,1.0,0
-1.4676026266130702,-0.6061812986311053,-0.8272788469513285,-0.7385119159335809,0.2362035484046507,1.0,0.0,1.0,1.0,0.0,1.0,1.0,1.0,1.0,1.0,0
1.91553233717289,0.4832075407854138,1.2483811322008875,1.1745646935825116,-0.20128686101161633,1.0,0.0,1.0,1.0,0.0,1.0,1.0,1.0,1.0,1.0,1
1.3322332054856556,-0.2884428871346205,-0.0827486370380336,-0.15627120868955272,-0.8575224751360169,1.0,0.0,1.0,1.0,0.0,1.0,1.0,1.0,1.0,1.0,0
-0.18434453690115418,0.7101635489971886,0.32335875018739996,-0.07309396479754869,0.06120738463814389,0.0,1.0,1.0,1.0,0.0,1.0,1.0,1.0,1.0,1.0,0
1.2155733791482086,0.9825107588513183,0.7520276589253576,1.4240964252585238,0.3674506712295308,1.0,0.0,1.0,1.0,0.0,1.0,1.0,1.0,1.0,1.0,0
-0.18434453690115418,-0.016095677280490765,0.2782357071623518,-0.4889801842575688,2.423655595485986,1.0,0.0,1.0,1.0,0.0,1.0,1.0,1.0,1.0,1.0,0
0.6322742474609742,0.3924251375007039,-0.2406792876257022,-0.5721574281495728,-0.37628302477812314,1.0,0.0,1.0,1.0,0.0,1.0,1.0,1.0,1.0,1.0,0
0.04897511577373963,0.5739899440701237,0.075182013549635,-1.320752623177609,-0.5950282294862567,0.0,1.0,1.0,1.0,0.0,1.0,1.0,1.0,1.0,1.0,0
2.032192163510337,-0.22035608467108808,-0.5114175457759913,-0.5721574281495728,0.10495642557977058,0.0,1.0,1.0,1.0,0.0,1.0,1.0,1.0,1.0,1.0,1
0.5156144211235272,1.617987581844288,-0.21811776611317812,-0.07309396479754869,-0.5075301476030033,1.0,0.0,1.0,1.0,0.0,1.0,1.0,1.0,1.0,1.0,0
-1.2342829739381762,-1.2416581216240747,0.48128940077506854,-1.9861705743136413,-0.11378877912836292,0.0,1.0,1.0,1.0,0.0,1.0,1.0,1.0,1.0,1.0,0
0.3989545947860803,1.913030392519595,0.075182013549635,0.42596949855447547,-0.33253398383649646,0.0,1.0,1.0,1.0,0.0,1.0,1.0,1.0,1.0,1.0,1
-0.41766418957604795,1.8449435900560627,0.5038509222875927,0.7586784741224916,-0.2887849428948697,1.0,0.0,1.0,1.0,0.0,1.0,1.0,1.0,1.0,1.0,0
0.16563494211118654,-0.1976604838499106,0.2105511426247795,0.34279225466247143,-0.4200320657197499,0.0,1.0,1.0,1.0,0.0,1.0,1.0,1.0,1.0,1.0,1
-0.6509838422509417,-1.2416581216240747,-1.6620551429147197,-0.7385119159335809,-0.8575224751360169,0.0,1.0,1.0,1.0,0.0,1.0,1.0,1.0,1.0,1.0,0
0.3989545947860803,1.436422775274868,1.3611887397635078,-0.07309396479754869,0.5861958759376643,1.0,0.0,1.0,1.0,0.0,1.0,1.0,1.0,1.0,1.0,0
0.3989545947860803,-1.0600933150546548,0.864835266487978,-0.7385119159335809,0.9799372444123047,0.0,1.0,1.0,1.0,0.0,1.0,1.0,1.0,1.0,1.0,0
2.032192163510337,1.527205178559578,3.0307413316902903,2.006337132502552,0.192454507463024,1.0,0.0,1.0,1.0,0.0,1.0,1.0,1.0,1.0,1.0,0
1.0989135528107616,0.12007792764657411,1.7447346054764175,-0.07309396479754869,3.8673739465596673,0.0,1.0,1.0,0.0,1.0,1.0,1.0,1.0,1.0,1.0,0
0.8655939001358679,-0.4700076937040404,3.0533028532028146,-0.904866403717589,-0.02629069724510952,1.0,0.0,1.0,1.0,0.0,1.0,1.0,1.0,1.0,1.0,0
1.3322332054856556,-1.0147021134123,1.6996115624513692,-0.6553346720415768,0.629944916879291,0.0,1.0,1.0,1.0,0.0,1.0,1.0,1.0,1.0,1.0,0
0.5156144211235272,-0.061486878922845725,0.2556741856498277,0.34279225466247143,-0.37628302477812314,1.0,0.0,1.0,1.0,0.0,1.0,1.0,1.0,1.0,1.0,0
0.8655939001358679,0.43781633914305884,1.1806965676633152,-0.6553346720415768,-0.4200320657197499,1.0,0.0,1.0,1.0,0.0,1.0,1.0,1.0,1.0,1.0,1
0.9822537264733149,-0.6969637019158151,-0.33092537367579855,1.3409191813665198,-0.15753782006998962,1.0,0.0,1.0,1.0,0.0,1.0,1.0,1.0,1.0,1.0,1
-0.8843034949258356,-0.37922529041933045,-0.4662945027509431,-0.4889801842575688,-0.6387772704278833,1.0,0.0,1.0,1.0,0.0,1.0,1.0,1.0,1.0,1.0,0
-0.18434453690115418,0.7555547506395436,-0.5791021103135635,0.17643776687846338,-0.8575224751360169,1.0,0.0,1.0,1.0,0.0,1.0,1.0,1.0,1.0,1.0,0
0.16563494211118654,-0.10687808056520069,-0.2406792876257022,-1.320752623177609,-0.8137734341943902,1.0,0.0,1.0,1.0,0.0,1.0,1.0,1.0,1.0,1.0,0
-0.06768471056370727,-0.5153988953463954,-1.1882631911517139,-1.320752623177609,-0.15753782006998962,1.0,0.0,1.0,1.0,0.0,1.0,1.0,1.0,1.0,1.0,1
-0.8843034949258356,-0.37922529041933045,-0.15043320157560586,1.1745646935825116,-0.20128686101161633,1.0,0.0,1.0,1.0,0.0,1.0,1.0,1.0,1.0,1.0,0
0.748934073798421,2.616594017976097,2.2862111217769954,-0.07309396479754869,0.06120738463814389,1.0,0.0,1.0,1.0,0.0,1.0,1.0,1.0,1.0,1.0,0
0.6322742474609742,-0.10687808056520069,0.12030505657468317,0.34279225466247143,0.49869779405441095,0.0,1.0,1.0,1.0,0.0,1.0,1.0,1.0,1.0,1.0,0
-1.3509428002756232,-1.3551361257299621,-1.5718090568646232,-1.320752623177609,-1.0762676798441504,1.0,0.0,1.0,1.0,0.0,1.0,1.0,1.0,1.0,1.0,0
-1.3509428002756232,1.527205178559578,-1.1431401481266656,-0.07309396479754869,-0.2887849428948697,1.0,0.0,1.0,1.0,0.0,1.0,1.0,1.0,1.0,1.0,0
0.748934073798421,1.7087699851289977,0.7069046159003094,-1.5702843548536212,-0.15753782006998962,1.0,0.0,1.0,1.0,0.0,1.0,1.0,1.0,1.0,1.0,0
-0.18434453690115418,-1.0147021134123,-0.19555624460065404,-0.4889801842575688,-0.24503590195324304,0.0,1.0,1.0,1.0,0.0,1.0,1.0,1.0,1.0,1.0,0
-0.18434453690115418,-0.7877461052005251,-1.6169320998896715,-0.07309396479754869,-0.15753782006998962,0.0,1.0,1.0,1.0,0.0,1.0,1.0,1.0,1.0,1.0,0
-1.9342419319628577,-0.7423549035581701,-0.8498403684638526,-0.07309396479754869,0.49869779405441095,1.0,0.0,1.0,1.0,0.0,1.0,1.0,1.0,1.0,1.0,0
0.04897511577373963,0.09738232682539663,1.3386272182509837,-1.071220891501597,-0.24503590195324304,1.0,0.0,1.0,1.0,0.0,1.0,1.0,1.0,1.0,1.0,0
0.04897511577373963,-0.3338340887769755,0.8422737449754539,-0.07309396479754869,-0.37628302477812314,1.0,0.0,1.0,1.0,0.0,1.0,1.0,1.0,1.0,1.0,0
-0.5343240159134949,-0.2884428871346205,-0.3760484167008467,0.2596150107704674,0.3674506712295308,1.0,0.0,1.0,1.0,0.0,1.0,1.0,1.0,1.0,1.0,0
-1.4676026266130702,-0.7877461052005251,-0.6242251533386117,-0.32262569647356076,-0.20128686101161633,1.0,0.0,1.0,1.0,0.0,1.0,1.0,1.0,1.0,1.0,0
1.2155733791482086,0.07468672600421916,0.030058970524586823,0.34279225466247143,-0.68252631136951,1.0,0.0,1.0,1.0,0.0,1.0,1.0,1.0,1.0,1.0,0
-0.18434453690115418,-0.5607900969887503,-0.5565405888010394,-0.32262569647356076,-0.20128686101161633,0.0,1.0,1.0,1.0,0.0,1.0,1.0,1.0,1.0,1.0,0
-0.6509838422509417,-0.4246164920616854,0.3910433147249722,0.9250329619064996,-0.5950282294862567,0.0,1.0,1.0,1.0,0.0,1.0,1.0,1.0,1.0,1.0,0
-0.41766418957604795,-0.7423549035581701,-0.33092537367579855,-0.07309396479754869,0.2362035484046507,1.0,0.0,1.0,1.0,0.0,1.0,1.0,1.0,1.0,1.0,0
-0.5343240159134949,0.12007792764657411,0.3684817932124481,0.17643776687846338,0.10495642557977058,1.0,0.0,1.0,1.0,0.0,1.0,1.0,1.0,1.0,1.0,0
-1.4676026266130702,-0.1976604838499106,0.14286657808720726,0.34279225466247143,-0.15753782006998962,0.0,1.0,1.0,1.0,0.0,1.0,1.0,1.0,1.0,1.0,0
2.032192163510337,0.5285987424277687,-0.35348689518832266,-0.32262569647356076,-0.37628302477812314,0.0,1.0,1.0,1.0,0.0,1.0,1.0,1.0,1.0,1.0,0
0.04897511577373963,-0.1976604838499106,0.14286657808720726,-0.5721574281495728,-0.07003973818673623,1.0,0.0,1.0,1.0,0.0,1.0,1.0,1.0,1.0,1.0,0
-0.41766418957604795,-1.0600933150546548,-0.8724018899763767,-1.154398135393601,0.1487054665213973,0.0,1.0,1.0,1.0,0.0,1.0,1.0,1.0,1.0,1.0,1
0.16563494211118654,-0.24305168549226558,0.5489739653126408,-0.07309396479754869,0.629944916879291,1.0,0.0,1.0,1.0,0.0,1.0,1.0,1.0,1.0,1.0,0
-0.06768471056370727,-0.2884428871346205,-0.2858023306507504,2.006337132502552,-0.6387772704278833,1.0,0.0,1.0,1.0,0.0,1.0,1.0,1.0,1.0,1.0,0
0.04897511577373963,-0.2657472863134431,0.4136048362374963,1.1745646935825116,-0.33253398383649646,0.0,1.0,1.0,1.0,0.0,1.0,1.0,1.0,1.0,1.0,0
1.2155733791482086,1.6406831826654653,0.6843430943877853,2.671755083638584,0.06120738463814389,0.0,1.0,1.0,1.0,0.0,1.0,1.0,1.0,1.0,1.0,0
-0.5343240159134949,-1.0147021134123,1.5868039548887487,-0.6553346720415768,-0.55127918854463,0.0,1.0,1.0,1.0,0.0,1.0,1.0,1.0,1.0,1.0,0
-0.3010043632386011,-0.24305168549226558,-0.3760484167008467,0.5091467424464795,-1.0762676798441504,0.0,1.0,1.0,1.0,0.0,1.0,1.0,1.0,1.0,1.0,0
-0.8843034949258356,-0.969310911769945,-1.481562970814527,-0.07309396479754869,-0.20128686101161633,1.0,0.0,1.0,1.0,0.0,1.0,1.0,1.0,1.0,1.0,0
-0.6509838422509417,1.1640755654207382,1.8575422130390378,1.0913874496905076,0.8049410806457978,0.0,1.0,1.0,1.0,0.0,1.0,1.0,1.0,1.0,1.0,1
-1.1176231476007294,-0.9012241093064125,-0.7595942824137561,-0.07309396479754869,-0.4200320657197499,0.0,1.0,1.0,1.0,0.0,1.0,1.0,1.0,1.0,1.0,0
1.6822126844979963,0.8463371539242535,-0.8272788469513285,-0.4889801842575688,0.2362035484046507,1.0,0.0,1.0,1.0,0.0,1.0,1.0,1.0,1.0,1.0,0
0.3989545947860803,-0.10687808056520069,-0.12787168006308178,-0.07309396479754869,-0.2887849428948697,0.0,1.0,1.0,1.0,0.0,1.0,1.0,1.0,1.0,1.0,0
1.2155733791482086,-0.016095677280490765,1.8349806915265137,2.422223351962572,0.017458343696517182,1.0,0.0,1.0,1.0,0.0,1.0,1.0,1.0,1.0,1.0,0
-0.7676436685883887,-0.3338340887769755,-1.1657016696391898,-0.07309396479754869,-1.1637657617274038,1.0,0.0,1.0,1.0,0.0,1.0,1.0,1.0,1.0,1.0,0
1.6822126844979963,2.661985219618452,-1.0980171051016174,0.5091467424464795,0.10495642557977058,0.0,1.0,1.0,1.0,0.0,1.0,1.0,1.0,1.0,1.0,0
-1.584262452950517,0.30164273421599397,-0.962647976026473,0.34279225466247143,-0.8575224751360169,0.0,1.0,1.0,1.0,0.0,1.0,1.0,1.0,1.0,1.0,0
-0.3010043632386011,0.5285987424277687,-0.5114175457759913,-0.32262569647356076,-1.0762676798441504,1.0,0.0,1.0,0.0,1.0,1.0,1.0,1.0,1.0,1.0,0
-1.0009633212632825,-0.92391971012759,-1.2559477556892862,-0.32262569647356076,0.5861958759376643,1.0,0.0,1.0,1.0,0.0,1.0,1.0,1.0,1.0,1.0,0
0.28229476844863344,0.6193811457124787,0.2331126641373036,-0.5721574281495728,-0.8137734341943902,1.0,0.0,1.0,1.0,0.0,1.0,1.0,1.0,1.0,1.0,0
-0.8843034949258356,0.30164273421599397,-1.6169320998896715,0.5923239863384835,0.06120738463814389,1.0,0.0,1.0,1.0,0.0,1.0,1.0,1.0,1.0,1.0,0
-1.3509428002756232,-0.5153988953463954,-1.0528940620765692,1.1745646935825116,0.10495642557977058,1.0,0.0,1.0,1.0,0.0,1.0,1.0,1.0,1.0,1.0,0
0.748934073798421,1.2094667670630932,-0.33092537367579855,-0.4889801842575688,-0.07003973818673623,0.0,1.0,1.0,1.0,0.0,1.0,1.0,1.0,1.0,1.0,1
-1.1176231476007294,-0.10687808056520069,-1.4138784062769547,0.34279225466247143,0.06120738463814389,1.0,0.0,1.0,1.0,0.0,1.0,1.0,1.0,1.0,1.0,0
0.3989545947860803,-0.2884428871346205,0.007497449012062735,-0.8216891598255849,0.2799525893462774,1.0,0.0,1.0,1.0,0.0,1.0,1.0,1.0,1.0,1.0,1
-1.1176231476007294,-0.37922529041933045,0.4361663577500204,0.34279225466247143,-0.02629069724510952,1.0,0.0,1.0,1.0,0.0,1.0,1.0,1.0,1.0,1.0,0
1.5655528581605493,1.572596380201933,0.6617815728752613,1.5904509130425317,0.5424468349960376,1.0,0.0,1.0,1.0,0.0,1.0,1.0,1.0,1.0,1.0,0
0.16563494211118654,0.3470339358583489,0.32335875018739996,-0.07309396479754869,-0.15753782006998962,1.0,0.0,1.0,1.0,0.0,1.0,1.0,1.0,1.0,1.0,0
-0.7676436685883887,-0.3338340887769755,-1.3913168847644306,0.34279225466247143,0.5861958759376643,0.0,1.0,1.0,1.0,0.0,1.0,1.0,1.0,1.0,1.0,0
-0.8843034949258356,-0.12957368138637818,0.7520276589253576,0.5091467424464795,0.2799525893462774,0.0,1.0,1.0,1.0,0.0,1.0,1.0,1.0,1.0,1.0,1
-0.7676436685883887,-0.5153988953463954,0.5715354868251649,0.7586784741224916,0.2362035484046507,0.0,1.0,1.0,1.0,0.0,1.0,1.0,1.0,1.0,1.0,0
1.4488930318231024,0.12007792764657411,0.6392200513627372,-2.1525250620976495,-0.07003973818673623,0.0,1.0,1.0,1.0,0.0,1.0,1.0,1.0,1.0,1.0,0
1.5655528581605493,0.7555547506395436,0.345920271699924,0.5091467424464795,0.06120738463814389,0.0,1.0,1.0,1.0,0.0,1.0,1.0,1.0,1.0,1.0,0
1.4488930318231024,0.5966855448913012,0.7520276589253576,0.42596949855447547,-0.6387772704278833,0.0,1.0,1.0,1.0,0.0,1.0,1.0,1.0,1.0,1.0,1
-0.7676436685883887,-0.10687808056520069,-1.8876703580399605,-1.071220891501597,-0.15753782006998962,0.0,1.0,1.0,1.0,0.0,1.0,1.0,1.0,1.0,1.0,0
1.5655528581605493,-0.3338340887769755,1.0002043955631226,-0.07309396479754869,0.7611920397041712,1.0,0.0,1.0,1.0,0.0,1.0,1.0,1.0,1.0,1.0,0
1.2155733791482086,-0.016095677280490765,0.864835266487978,-0.07309396479754869,-0.8575224751360169,0.0,1.0,1.0,1.0,0.0,1.0,1.0,1.0,1.0,1.0,0
-0.41766418957604795,-0.1976604838499106,-0.5114175457759913,-1.071220891501597,-0.68252631136951,1.0,0.0,1.0,1.0,0.0,1.0,1.0,1.0,1.0,1.0,0
1.2155733791482086,-1.1281801175181874,-0.9400864545139489,-0.4889801842575688,-0.07003973818673623,0.0,1.0,1.0,1.0,0.0,1.0,1.0,1.0,1.0,1.0,0
0.9822537264733149,-0.37922529041933045,1.2032580891758393,-1.071220891501597,-0.02629069724510952,0.0,1.0,1.0,1.0,0.0,1.0,1.0,1.0,1.0,1.0,0
-1.1176231476007294,0.46051193996423634,-1.5041244923270511,2.006337132502552,-0.8575224751360169,1.0,0.0,1.0,1.0,0.0,1.0,1.0,1.0,1.0,1.0,0
0.5156144211235272,0.9371195572089634,-0.5565405888010394,-1.9861705743136413,0.017458343696517182,0.0,1.0,1.0,1.0,0.0,1.0,1.0,1.0,1.0,1.0,0
-1.0009633212632825,-1.4232229281934945,0.5264124438001168,0.34279225466247143,-0.20128686101161633,1.0,0.0,1.0,1.0,0.0,1.0,1.0,1.0,1.0,1.0,0
1.798872510835443,2.4123336105854998,-0.3760484167008467,-0.32262569647356076,0.5861958759376643,1.0,0.0,1.0,1.0,0.0,1.0,1.0,1.0,1.0,1.0,1
1.0989135528107616,-1.0147021134123,2.3087726432895197,-0.07309396479754869,-0.37628302477812314,1.0,0.0,1.0,1.0,0.0,1.0,1.0,1.0,1.0,1.0,0
-1.3509428002756232,-0.83313730684288,-0.3760484167008467,-0.6553346720415768,-0.6387772704278833,1.0,0.0,1.0,1.0,0.0,1.0,1.0,1.0,1.0,1.0,0
0.6322742474609742,-0.4246164920616854,0.6392200513627372,-1.7366388426376291,-0.15753782006998962,1.0,0.0,1.0,1.0,0.0,1.0,1.0,1.0,1.0,1.0,0
-1.0009633212632825,-0.3338340887769755,0.2782357071623518,-0.07309396479754869,-0.02629069724510952,0.0,1.0,1.0,1.0,0.0,1.0,1.0,1.0,1.0,1.0,1
-1.0009633212632825,-1.3778317265511395,-0.4211714597258949,0.17643776687846338,-0.15753782006998962,1.0,0.0,1.0,1.0,0.0,1.0,1.0,1.0,1.0,1.0,0
0.16563494211118654,1.3002491703478032,0.5489739653126408,-0.4889801842575688,-0.15753782006998962,0.0,1.0,1.0,1.0,0.0,1.0,1.0,1.0,1.0,1.0,0
-0.6509838422509417,-1.1508757183393648,-0.9175249330014248,-1.320752623177609,-0.46378110666137656,0.0,1.0,1.0,1.0,0.0,1.0,1.0,1.0,1.0,1.0,0
-1.0009633212632825,-0.3338340887769755,-0.1053101585505577,-0.32262569647356076,-0.11378877912836292,1.0,0.0,1.0,1.0,0.0,1.0,1.0,1.0,1.0,1.0,0
0.5156144211235272,0.12007792764657411,-0.15043320157560586,0.8418557180144955,0.3237016302879041,1.0,0.0,1.0,1.0,0.0,1.0,1.0,1.0,1.0,1.0,0
0.3989545947860803,1.481813976917223,0.7971507019504057,2.006337132502552,0.8049410806457978,1.0,0.0,1.0,1.0,0.0,1.0,1.0,1.0,1.0,1.0,0
-1.4676026266130702,-0.9466153109487675,0.5489739653126408,-0.23944845258155673,-0.33253398383649646,0.0,1.0,1.0,1.0,0.0,1.0,1.0,1.0,1.0,1.0,0
1.91553233717289,1.391031573632513,0.3684817932124481,-0.4889801842575688,0.4111997121711575,0.0,1.0,1.0,1.0,0.0,1.0,1.0,1.0,1.0,1.0,0
0.6322742474609742,0.3924251375007039,-0.8272788469513285,-0.904866403717589,0.10495642557977058,1.0,0.0,1.0,1.0,0.0,1.0,1.0,1.0,1.0,1.0,0
-0.5343240159134949,-0.2884428871346205,0.48128940077506854,-0.32262569647356076,-0.5075301476030033,0.0,1.0,1.0,1.0,0.0,1.0,1.0,1.0,1.0,1.0,0
-0.6509838422509417,1.8903347916984177,-1.4138784062769547,0.34279225466247143,-0.8137734341943902,1.0,0.0,1.0,1.0,0.0,1.0,1.0,1.0,1.0,1.0,0
0.6322742474609742,0.256251532573639,1.1130120031257429,0.34279225466247143,0.3674506712295308,1.0,0.0,1.0,1.0,0.0,1.0,1.0,1.0,1.0,1.0,1
0.748934073798421,0.029295524361864195,-0.6693481963636598,-1.154398135393601,0.1487054665213973,1.0,0.0,1.0,1.0,0.0,1.0,1.0,1.0,1.0,1.0,0
0.16563494211118654,-0.92391971012759,-0.3760484167008467,1.0082102057985036,-0.68252631136951,1.0,0.0,1.0,1.0,0.0,1.0,1.0,1.0,1.0,1.0,0
2.148851989847784,0.5739899440701237,-0.9852094975389971,-0.07309396479754869,-0.4200320657197499,0.0,1.0,1.0,1.0,0.0,1.0,1.0,1.0,1.0,1.0,1
-0.3010043632386011,-0.6061812986311053,-0.15043320157560586,-0.07309396479754869,-0.15753782006998962,1.0,0.0,1.0,1.0,0.0,1.0,1.0,1.0,1.0,1.0,0
-1.3509428002756232,-0.7877461052005251,-0.5114175457759913,0.34279225466247143,-0.7262753523111368,1.0,0.0,1.0,1.0,0.0,1.0,1.0,1.0,1.0,1.0,0
-0.6509838422509417,-0.6288768994522828,-1.729739707452292,-1.8198160865296331,-0.15753782006998962,0.0,1.0,1.0,1.0,0.0,1.0,1.0,1.0,1.0,1.0,0
0.16563494211118654,-0.7877461052005251,0.4136048362374963,0.5923239863384835,-1.0325186389025236,0.0,1.0,1.0,1.0,0.0,1.0,1.0,1.0,1.0,1.0,0
1.3322332054856556,-0.24305168549226558,1.4288733043010802,-2.3188795498816575,-0.15753782006998962,0.0,1.0,1.0,1.0,0.0,1.0,1.0,1.0,1.0,1.0,0
1.4488930318231024,-0.6515725002734603,-0.714471239388708,0.5091467424464795,-0.2887849428948697,1.0,0.0,1.0,1.0,0.0,1.0,1.0,1.0,1.0,1.0,0
-0.7676436685883887,0.3924251375007039,0.075182013549635,0.17643776687846338,-0.7262753523111368,1.0,0.0,1.0,1.0,0.0,1.0,1.0,1.0,1.0,1.0,0
-0.06768471056370727,-0.7877461052005251,-0.9852094975389971,-2.3188795498816575,0.2799525893462774,0.0,1.0,1.0,1.0,0.0,1.0,1.0,1.0,1.0,1.0,0
-0.7676436685883887,-0.6969637019158151,-1.3913168847644306,-1.4871071109616172,-0.5075301476030033,1.0,0.0,1.0,1.0,0.0,1.0,1.0,1.0,1.0,1.0,0
1.91553233717289,0.914423956387786,1.2032580891758393,0.34279225466247143,-0.24503590195324304,1.0,0.0,1.0,1.0,0.0,1.0,1.0,1.0,1.0,1.0,0
0.04897511577373963,-0.4700076937040404,-0.3760484167008467,-0.07309396479754869,-0.4200320657197499,1.0,0.0,1.0,1.0,0.0,1.0,1.0,1.0,1.0,1.0,0
0.28229476844863344,1.391031573632513,-0.3760484167008467,2.006337132502552,0.5424468349960376,1.0,0.0,1.0,1.0,0.0,1.0,1.0,1.0,1.0,1.0,0
-1.0009633212632825,-1.0147021134123,-0.2632408091382263,-0.07309396479754869,-1.0325186389025236,1.0,0.0,1.0,1.0,0.0,1.0,1.0,1.0,1.0,1.0,0
1.6822126844979963,-1.3778317265511395,-0.21811776611317812,-0.4889801842575688,-0.02629069724510952,0.0,1.0,1.0,1.0,0.0,1.0,1.0,1.0,1.0,1.0,0
0.6322742474609742,1.1867711662419156,1.0227659170756467,-1.8198160865296331,-0.5075301476030033,1.0,0.0,1.0,1.0,0.0,1.0,1.0,1.0,1.0,1.0,0
1.5655528581605493,1.481813976917223,-0.6693481963636598,-0.32262569647356076,-0.20128686101161633,0.0,1.0,1.0,1.0,0.0,1.0,1.0,1.0,1.0,1.0,0
-1.3509428002756232,-1.1735713191605424,-0.4888560242634672,-1.320752623177609,-0.6387772704278833,1.0,0.0,1.0,1.0,0.0,1.0,1.0,1.0,1.0,1.0,0
1.4488930318231024,3.320157643432599,1.4288733043010802,1.5072736691505277,1.5486747766534519,1.0,0.0,1.0,1.0,0.0,1.0,1.0,1.0,1.0,1.0,0
0.6322742474609742,1.0279019604936734,1.9929113421141824,-0.6553346720415768,-0.4200320657197499,1.0,0.0,1.0,1.0,0.0,1.0,1.0,1.0,1.0,1.0,1
1.5655528581605493,2.253464404837257,-0.5339790672885153,-1.9861705743136413,-0.8137734341943902,1.0,0.0,1.0,1.0,0.0,1.0,1.0,1.0,1.0,1.0,0
-0.18434453690115418,0.029295524361864195,0.2331126641373036,0.42596949855447547,0.5861958759376643,0.0,1.0,1.0,1.0,0.0,1.0,1.0,1.0,1.0,1.0,1
0.6322742474609742,-0.016095677280490765,1.2032580891758393,0.7586784741224916,0.4549487531127842,1.0,0.0,1.0,1.0,0.0,1.0,1.0,1.0,1.0,1.0,0
-0.3010043632386011,0.3470339358583489,-0.7821558039262803,-0.07309396479754869,0.5861958759376643,1.0,0.0,1.0,1.0,0.0,1.0,1.0,1.0,1.0,1.0,0
-0.3010043632386011,0.029295524361864195,0.5489739653126408,0.9250329619064996,1.0236862853539315,1.0,0.0,1.0,1.0,0.0,1.0,1.0,1.0,1.0,1.0,0
-1.0009633212632825,-0.3338340887769755,-1.2559477556892862,-1.320752623177609,-0.5075301476030033,0.0,1.0,1.0,1.0,0.0,1.0,1.0,1.0,1.0,1.0,0
-0.18434453690115418,0.8009459522818986,0.48128940077506854,0.5923239863384835,-0.9450205570192703,0.0,1.0,1.0,1.0,0.0,1.0,1.0,1.0,1.0,1.0,0
-0.41766418957604795,-1.6047877347629145,-1.0980171051016174,-0.6553346720415768,-0.9450205570192703,1.0,0.0,1.0,1.0,0.0,1.0,1.0,1.0,1.0,1.0,0
-1.0009633212632825,-1.0600933150546548,1.1806965676633152,-0.4889801842575688,0.192454507463024,0.0,1.0,1.0,1.0,0.0,1.0,1.0,1.0,1.0,1.0,0
-1.700922279287964,-1.4686141298358495,-1.1657016696391898,-1.7366388426376291,-0.2887849428948697,1.0,0.0,1.0,1.0,0.0,1.0,1.0,1.0,1.0,1.0,0
-0.3010043632386011,0.9825107588513183,-0.01506407250046135,1.5072736691505277,-0.24503590195324304,0.0,1.0,1.0,1.0,0.0,1.0,1.0,1.0,1.0,1.0,1
-1.1176231476007294,0.43781633914305884,-1.752301228964816,2.006337132502552,-0.15753782006998962,1.0,0.0,1.0,1.0,0.0,1.0,1.0,1.0,1.0,1.0,0
2.3821716425226778,0.4832075407854138,-2.9255003476160684,-0.6553346720415768,-0.8575224751360169,1.0,0.0,1.0,1.0,0.0,1.0,1.0,1.0,1.0,1.0,1
1.798872510835443,-0.969310911769945,0.3684817932124481,-1.320752623177609,-0.55127918854463,0.0,1.0,1.0,1.0,0.0,1.0,1.0,1.0,1.0,1.0,0
0.6322742474609742,1.617987581844288,1.5416809118637007,-0.32262569647356076,-0.15753782006998962,1.0,0.0,1.0,1.0,0.0,1.0,1.0,1.0,1.0,1.0,0
-1.2342829739381762,1.345640371990158,-1.1431401481266656,1.1745646935825116,2.073663267952972,0.0,1.0,1.0,1.0,0.0,1.0,1.0,1.0,1.0,1.0,0
0.5156144211235272,-0.969310911769945,-0.060187115525509524,-0.4889801842575688,-0.15753782006998962,1.0,0.0,1.0,1.0,0.0,1.0,1.0,1.0,1.0,1.0,0
-0.3010043632386011,-1.1508757183393648,-1.3913168847644306,1.3409191813665198,-0.5075301476030033,1.0,0.0,1.0,1.0,0.0,1.0,1.0,1.0,1.0,1.0,0
0.16563494211118654,0.21086033093128403,-0.3760484167008467,0.34279225466247143,-0.33253398383649646,1.0,0.0,1.0,1.0,0.0,1.0,1.0,1.0,1.0,1.0,0
-1.0009633212632825,-1.3778317265511395,-1.5492475353520991,-1.320752623177609,-0.2887849428948697,1.0,0.0,1.0,1.0,0.0,1.0,1.0,1.0,1.0,1.0,0
-1.3509428002756232,-0.4700076937040404,-0.9400864545139489,-0.07309396479754869,-0.15753782006998962,1.0,0.0,1.0,1.0,0.0,1.0,1.0,1.0,1.0,1.0,0
-1.584262452950517,-0.4927032945252179,-0.8272788469513285,-0.07309396479754869,-0.2887849428948697,1.0,0.0,1.0,1.0,0.0,1.0,1.0,1.0,1.0,1.0,0
0.748934073798421,0.5739899440701237,1.0904504816132188,0.34279225466247143,0.192454507463024,1.0,0.0,1.0,1.0,0.0,1.0,1.0,1.0,1.0,1.0,0
-1.1176231476007294,0.12007792764657411,0.48128940077506854,-0.07309396479754869,-1.0762676798441504,0.0,1.0,1.0,1.0,0.0,1.0,1.0,1.0,1.0,1.0,0
1.5655528581605493,1.345640371990158,-0.3986099382133708,-0.4889801842575688,-0.15753782006998962,1.0,0.0,1.0,1.0,0.0,1.0,1.0,1.0,1.0,1.0,0
1.6822126844979963,-0.7877461052005251,0.5038509222875927,-0.32262569647356076,-0.15753782006998962,0.0,1.0,1.0,1.0,0.0,1.0,1.0,1.0,1.0,1.0,0
-0.5343240159134949,-0.6061812986311053,-1.8199857935023882,-0.6553346720415768,-0.15753782006998962,1.0,0.0,1.0,1.0,0.0,1.0,1.0,1.0,1.0,1.0,0
-0.7676436685883887,0.006599923540686714,1.7672961269889416,1.5904509130425317,-0.15753782006998962,1.0,0.0,1.0,1.0,0.0,1.0,1.0,1.0,1.0,1.0,0
-0.41766418957604795,2.8889412278302267,0.007497449012062735,-1.4871071109616172,-0.9450205570192703,1.0,0.0,1.0,1.0,0.0,1.0,1.0,1.0,1.0,1.0,1
0.748934073798421,-0.2657472863134431,-0.3760484167008467,0.5091467424464795,-0.07003973818673623,1.0,0.0,1.0,1.0,0.0,1.0,1.0,1.0,1.0,1.0,1
-1.4676026266130702,-0.7877461052005251,-1.1657016696391898,0.7586784741224916,-0.07003973818673623,1.0,0.0,1.0,1.0,0.0,1.0,1.0,1.0,1.0,1.0,0
0.16563494211118654,0.43781633914305884,-0.3760484167008467,-1.6534615987456251,-0.15753782006998962,1.0,0.0,1.0,1.0,0.0,1.0,1.0,1.0,1.0,1.0,0
1.0989135528107616,0.7555547506395436,-0.0827486370380336,3.6698820103426324,-0.4200320657197499,1.0,0.0,1.0,1.0,0.0,1.0,1.0,1.0,1.0,1.0,0
1.4488930318231024,-0.15226928220755565,0.6166585298502131,-0.23944845258155673,-0.8137734341943902,0.0,1.0,1.0,1.0,0.0,1.0,1.0,1.0,1.0,1.0,0
-1.1176231476007294,0.5285987424277687,-1.1205786266141415,1.1745646935825116,0.49869779405441095,1.0,0.0,1.0,1.0,0.0,1.0,1.0,1.0,1.0,1.0,0
-1.1176231476007294,-0.016095677280490765,-0.9400864545139489,0.34279225466247143,0.192454507463024,1.0,0.0,1.0,1.0,0.0,1.0,1.0,1.0,1.0,1.0,0
0.04897511577373963,-0.016095677280490765,-0.5565405888010394,-0.07309396479754869,0.06120738463814389,0.0,1.0,1.0,1.0,0.0,1.0,1.0,1.0,1.0,1.0,0
1.0989135528107616,-0.37922529041933045,-0.8272788469513285,-1.5702843548536212,-0.15753782006998962,0.0,1.0,1.0,1.0,0.0,1.0,1.0,1.0,1.0,1.0,0
-1.3509428002756232,-0.3338340887769755,-0.714471239388708,-1.320752623177609,0.10495642557977058,0.0,1.0,1.0,1.0,0.0,1.0,1.0,1.0,1.0,1.0,0
1.5655528581605493,0.16546912928892907,0.030058970524586823,-1.320752623177609,0.4549487531127842,1.0,0.0,1.0,1.0,0.0,1.0,1.0,1.0,1.0,1.0,1
-0.06768471056370727,0.6874679481760111,0.5715354868251649,-1.320752623177609,-0.6387772704278833,1.0,0.0,1.0,1.0,0.0,1.0,1.0,1.0,1.0,1.0,0
0.04897511577373963,-0.5153988953463954,-1.3461938417393824,-0.4058029403655648,-0.20128686101161633,1.0,0.0,1.0,1.0,0.0,1.0,1.0,1.0,1.0,1.0,0
-0.8843034949258356,0.029295524361864195,0.030058970524586823,0.34279225466247143,-1.0325186389025236,0.0,1.0,1.0,1.0,0.0,1.0,1.0,1.0,1.0,1.0,0
1.2155733791482086,0.6193811457124787,-0.03762559401298544,0.34279225466247143,1.1549334081788114,0.0,1.0,1.0,1.0,0.0,1.0,1.0,1.0,1.0,1.0,0
0.3989545947860803,0.12007792764657411,0.9776428740505985,0.34279225466247143,-0.07003973818673623,1.0,0.0,1.0,1.0,0.0,1.0,1.0,1.0,1.0,1.0,0
0.6322742474609742,1.7087699851289977,-0.1053101585505577,1.6736281569345357,-0.33253398383649646,1.0,0.0,1.0,1.0,0.0,1.0,1.0,1.0,1.0,1.0,1
0.3989545947860803,-0.3338340887769755,-0.4211714597258949,-0.32262569647356076,-0.15753782006998962,1.0,0.0,1.0,1.0,0.0,1.0,1.0,1.0,1.0,1.0,1
-1.584262452950517,-0.6061812986311053,-0.5114175457759913,-0.7385119159335809,-0.2887849428948697,1.0,0.0,1.0,1.0,0.0,1.0,1.0,1.0,1.0,1.0,0
-1.584262452950517,-0.878528508485235,-0.8949634114889007,-0.4889801842575688,-0.7262753523111368,1.0,0.0,1.0,1.0,0.0,1.0,1.0,1.0,1.0,1.0,0
-0.3010043632386011,-0.15226928220755565,0.3684817932124481,-0.4889801842575688,1.7674199813615854,1.0,0.0,1.0,1.0,0.0,1.0,1.0,1.0,1.0,1.0,1
0.28229476844863344,-0.061486878922845725,-0.8272788469513285,-0.4889801842575688,0.017458343696517182,0.0,1.0,1.0,1.0,0.0,1.0,1.0,1.0,1.0,1.0,0
1.6822126844979963,2.2761600056584346,1.8124191700139896,-0.07309396479754869,-0.11378877912836292,1.0,0.0,1.0,1.0,0.0,1.0,1.0,1.0,1.0,1.0,0
1.2155733791482086,-0.4473120928828629,1.158135046150791,0.34279225466247143,0.2799525893462774,0.0,1.0,1.0,1.0,0.0,1.0,1.0,1.0,1.0,1.0,0
0.9822537264733149,-0.016095677280490765,-0.6016636318260876,1.5072736691505277,-0.33253398383649646,0.0,1.0,1.0,1.0,0.0,1.0,1.0,1.0,1.0,1.0,0
-0.7676436685883887,-0.7877461052005251,-0.6016636318260876,-0.4889801842575688,-0.5950282294862567,0.0,1.0,1.0,1.0,0.0,1.0,1.0,1.0,1.0,1.0,0
-1.0009633212632825,0.5285987424277687,-0.03762559401298544,1.5904509130425317,0.017458343696517182,1.0,0.0,1.0,1.0,0.0,1.0,1.0,1.0,1.0,1.0,0
0.3989545947860803,-0.878528508485235,0.09774353506215908,-1.154398135393601,-0.37628302477812314,0.0,1.0,1.0,1.0,0.0,1.0,1.0,1.0,1.0,1.0,0
-1.0009633212632825,-0.1976604838499106,0.5264124438001168,-0.8216891598255849,-1.4700090483187906,0.0,1.0,1.0,1.0,0.0,1.0,1.0,1.0,1.0,1.0,0
-1.700922279287964,-1.1054845166970098,1.2032580891758393,-1.7366388426376291,0.10495642557977058,0.0,1.0,1.0,1.0,0.0,1.0,1.0,1.0,1.0,1.0,0
-0.41766418957604795,-1.0147021134123,-0.5114175457759913,-1.320752623177609,-0.9450205570192703,0.0,1.0,1.0,1.0,0.0,1.0,1.0,1.0,1.0,1.0,0
-1.2342829739381762,-0.2884428871346205,-0.060187115525509524,-0.23944845258155673,-0.15753782006998962,1.0,0.0,1.0,1.0,0.0,1.0,1.0,1.0,1.0,1.0,0
-0.06768471056370727,-1.4232229281934945,-0.35348689518832266,-0.07309396479754869,-0.11378877912836292,0.0,1.0,1.0,1.0,0.0,1.0,1.0,1.0,1.0,1.0,0
0.16563494211118654,0.8463371539242535,-0.3760484167008467,0.34279225466247143,0.192454507463024,0.0,1.0,1.0,1.0,0.0,1.0,1.0,1.0,1.0,1.0,0
0.28229476844863344,-0.15226928220755565,-0.060187115525509524,1.1745646935825116,-0.15753782006998962,1.0,0.0,1.0,1.0,0.0,1.0,1.0,1.0,1.0,1.0,1
-0.7676436685883887,-0.5607900969887503,1.4288733043010802,-0.07309396479754869,1.067435326295558,1.0,0.0,1.0,1.0,0.0,1.0,1.0,1.0,1.0,1.0,1
0.9822537264733149,1.3002491703478032,-0.8272788469513285,0.34279225466247143,-0.15753782006998962,1.0,0.0,1.0,1.0,0.0,1.0,1.0,1.0,1.0,1.0,0
-1.1176231476007294,-0.4700076937040404,-0.8498403684638526,0.7586784741224916,-0.20128686101161633,1.0,0.0,1.0,1.0,0.0,1.0,1.0,1.0,1.0,1.0,0
-0.41766418957604795,-0.5153988953463954,0.5715354868251649,-0.07309396479754869,-0.4200320657197499,1.0,0.0,1.0,1.0,0.0,1.0,1.0,1.0,1.0,1.0,0
-1.4676026266130702,0.23355593175246153,-1.1882631911517139,2.006337132502552,-0.5950282294862567,1.0,0.0,1.0,1.0,0.0,1.0,1.0,1.0,1.0,1.0,0
0.8655939001358679,0.4832075407854138,-1.8425473150149123,-1.071220891501597,0.2799525893462774,0.0,1.0,1.0,1.0,0.0,1.0,1.0,1.0,1.0,1.0,0
-1.0009633212632825,-0.37922529041933045,-1.0528940620765692,-0.07309396479754869,0.2362035484046507,0.0,1.0,1.0,1.0,0.0,1.0,1.0,1.0,1.0,1.0,0
0.3989545947860803,-0.22035608467108808,0.5715354868251649,0.9250329619064996,-0.37628302477812314,1.0,0.0,1.0,1.0,0.0,1.0,1.0,1.0,1.0,1.0,0
0.16563494211118654,-1.5593965331205595,-0.3760484167008467,0.34279225466247143,-0.11378877912836292,1.0,0.0,1.0,1.0,0.0,1.0,1.0,1.0,1.0,1.0,0
-1.1176231476007294,-1.0147021134123,-1.8199857935023882,-1.6534615987456251,-0.24503590195324304,1.0,0.0,1.0,1.0,0.0,1.0,1.0,1.0,1.0,1.0,0
-0.8843034949258356,-0.37922529041933045,-0.8949634114889007,0.34279225466247143,-0.8137734341943902,1.0,0.0,1.0,1.0,0.0,1.0,1.0,1.0,1.0,1.0,0
0.6322742474609742,-0.9012241093064125,0.2105511426247795,-1.320752623177609,-0.4200320657197499,0.0,1.0,1.0,1.0,0.0,1.0,1.0,1.0,1.0,1.0,0
0.6322742474609742,0.07468672600421916,2.444141772364664,-0.32262569647356076,-0.9450205570192703,0.0,1.0,1.0,1.0,0.0,1.0,1.0,1.0,1.0,1.0,0
-0.3010043632386011,-0.9012241093064125,-1.210824712664238,-0.6553346720415768,-0.07003973818673623,0.0,1.0,1.0,1.0,0.0,1.0,1.0,1.0,1.0,1.0,0
-0.6509838422509417,-0.83313730684288,-0.9400864545139489,-1.320752623177609,-0.24503590195324304,0.0,1.0,1.0,1.0,0.0,1.0,1.0,1.0,1.0,1.0,0
0.28229476844863344,2.0265083966254824,0.075182013549635,0.8418557180144955,-0.2887849428948697,1.0,0.0,1.0,1.0,0.0,1.0,1.0,1.0,1.0,1.0,1
-0.8843034949258356,0.6193811457124787,-1.6169320998896715,-1.320752623177609,-0.33253398383649646,1.0,0.0,1.0,1.0,0.0,1.0,1.0,1.0,1.0,1.0,0
1.2155733791482086,-0.4246164920616854,1.9929113421141824,-1.071220891501597,0.1487054665213973,1.0,0.0,1.0,1.0,0.0,1.0,1.0,1.0,1.0,1.0,0
-1.0009633212632825,-0.7877461052005251,-1.2785092772018103,-0.07309396479754869,-0.7700243932527635,1.0,0.0,1.0,1.0,0.0,1.0,1.0,1.0,1.0,1.0,0
0.6322742474609742,0.16546912928892907,-0.5791021103135635,-0.07309396479754869,0.06120738463814389,1.0,0.0,1.0,1.0,0.0,1.0,1.0,1.0,1.0,1.0,0
0.5156144211235272,0.21086033093128403,0.6617815728752613,0.34279225466247143,-0.07003973818673623,1.0,0.0,1.0,1.0,0.0,1.0,1.0,1.0,1.0,1.0,0
1.0989135528107616,0.12007792764657411,1.0227659170756467,-0.32262569647356076,-0.15753782006998962,1.0,0.0,1.0,1.0,0.0,1.0,1.0,1.0,1.0,1.0,0
0.8655939001358679,-1.0600933150546548,0.7971507019504057,-0.07309396479754869,0.3237016302879041,0.0,1.0,1.0,1.0,0.0,1.0,1.0,1.0,1.0,1.0,0
-1.1176231476007294,1.1640755654207382,-0.7821558039262803,4.085768229802652,-0.07003973818673623,1.0,0.0,1.0,1.0,0.0,1.0,1.0,1.0,1.0,1.0,0
0.16563494211118654,0.32433833503717147,0.6166585298502131,-0.4889801842575688,-0.24503590195324304,1.0,0.0,1.0,1.0,0.0,1.0,1.0,1.0,1.0,1.0,1
0.04897511577373963,-0.5607900969887503,-1.5492475353520991,1.6736281569345357,-0.9450205570192703,1.0,0.0,1.0,1.0,0.0,1.0,1.0,1.0,1.0,1.0,1
-0.18434453690115418,-0.5607900969887503,0.4136048362374963,-0.07309396479754869,-0.2887849428948697,1.0,0.0,1.0,1.0,0.0,1.0,1.0,1.0,1.0,1.0,0
1.5655528581605493,-0.4246164920616854,0.030058970524586823,-0.4889801842575688,0.7174429987625445,1.0,0.0,1.0,1.0,0.0,1.0,1.0,1.0,1.0,1.0,0
-0.7676436685883887,1.436422775274868,1.1130120031257429,-0.07309396479754869,0.2362035484046507,1.0,0.0,1.0,1.0,0.0,1.0,1.0,1.0,1.0,1.0,0
1.4488930318231024,-0.5607900969887503,-0.1053101585505577,-1.320752623177609,-0.8575224751360169,0.0,1.0,1.0,1.0,0.0,1.0,1.0,1.0,1.0,1.0,0
1.3322332054856556,-0.5607900969887503,-0.7370327609012322,0.34279225466247143,0.06120738463814389,0.0,1.0,1.0,1.0,0.0,1.0,1.0,1.0,1.0,1.0,1
-0.41766418957604795,-0.061486878922845725,-0.33092537367579855,-0.32262569647356076,-0.4200320657197499,1.0,0.0,1.0,1.0,0.0,1.0,1.0,1.0,1.0,1.0,0
-0.18434453690115418,0.9825107588513183,-1.4138784062769547,-0.32262569647356076,0.3674506712295308,1.0,0.0,1.0,1.0,0.0,1.0,1.0,1.0,1.0,1.0,0
-0.41766418957604795,0.43781633914305884,0.9776428740505985,0.7586784741224916,-0.7262753523111368,0.0,1.0,1.0,1.0,0.0,1.0,1.0,1.0,1.0,1.0,0
1.4488930318231024,1.9357259933407724,0.5715354868251649,-0.6553346720415768,-0.4200320657197499,1.0,0.0,1.0,1.0,0.0,1.0,1.0,1.0,1.0,1.0,0
-1.3509428002756232,0.21086033093128403,-0.0827486370380336,2.006337132502552,1.1111843672371848,0.0,1.0,1.0,1.0,0.0,1.0,1.0,1.0,1.0,1.0,0
0.16563494211118654,-0.9012241093064125,-0.060187115525509524,-0.4889801842575688,-0.15753782006998962,0.0,1.0,1.0,1.0,0.0,1.0,1.0,1.0,1.0,1.0,0
-0.7676436685883887,-0.4700076937040404,-0.4888560242634672,0.7586784741224916,-0.33253398383649646,0.0,1.0,1.0,1.0,0.0,1.0,1.0,1.0,1.0,1.0,0
0.3989545947860803,0.7782503514607211,0.30079722867487585,-0.6553346720415768,-0.15753782006998962,1.0,0.0,1.0,1.0,0.0,1.0,1.0,1.0,1.0,1.0,0
1.0989135528107616,0.869032754745431,-0.1053101585505577,-0.6553346720415768,-0.55127918854463,0.0,1.0,1.0,1.0,0.0,1.0,1.0,1.0,1.0,1.0,0
-0.6509838422509417,-1.6501789364052692,-0.3083638521632745,-0.7385119159335809,0.2362035484046507,1.0,0.0,1.0,1.0,0.0,1.0,1.0,1.0,1.0,1.0,0
1.798872510835443,0.5512943432489462,0.7745891804378817,0.5091467424464795,1.504925735711825,1.0,0.0,1.0,0.0,1.0,1.0,1.0,1.0,1.0,1.0,0
-1.1176231476007294,-0.1976604838499106,-1.6169320998896715,-0.5721574281495728,-0.9450205570192703,0.0,1.0,1.0,1.0,0.0,1.0,1.0,1.0,1.0,1.0,0
-1.1176231476007294,-0.4246164920616854,-1.729739707452292,0.7586784741224916,0.49869779405441095,0.0,1.0,1.0,1.0,0.0,1.0,1.0,1.0,1.0,1.0,0
0.04897511577373963,-0.83313730684288,-0.17299472308812996,1.1745646935825116,-0.5075301476030033,1.0,0.0,1.0,1.0,0.0,1.0,1.0,1.0,1.0,1.0,0
-0.06768471056370727,0.07468672600421916,-0.9852094975389971,-0.5721574281495728,-0.24503590195324304,1.0,0.0,1.0,1.0,0.0,1.0,1.0,1.0,1.0,1.0,0
0.04897511577373963,-0.3338340887769755,1.6996115624513692,1.0082102057985036,0.5424468349960376,1.0,0.0,1.0,1.0,0.0,1.0,1.0,1.0,1.0,1.0,0
0.28229476844863344,-0.6969637019158151,-1.0528940620765692,-0.7385119159335809,-0.6387772704278833,1.0,0.0,1.0,1.0,0.0,1.0,1.0,1.0,1.0,1.0,0
-1.3509428002756232,-0.5153988953463954,1.8575422130390378,-0.32262569647356076,-0.20128686101161633,0.0,1.0,1.0,1.0,0.0,1.0,1.0,1.0,1.0,1.0,0
-1.0009633212632825,-0.6515725002734603,0.075182013549635,0.34279225466247143,-0.07003973818673623,1.0,0.0,1.0,1.0,0.0,1.0,1.0,1.0,1.0,1.0,0
1.2155733791482086,-0.83313730684288,3.481971761940772,0.5091467424464795,0.06120738463814389,1.0,0.0,1.0,1.0,0.0,1.0,1.0,1.0,1.0,1.0,0
1.3322332054856556,-0.3338340887769755,-1.3687553632519065,-0.4889801842575688,-0.2887849428948697,0.0,1.0,1.0,1.0,0.0,1.0,1.0,1.0,1.0,1.0,0
-1.3509428002756232,-0.7423549035581701,-0.17299472308812996,0.09326052298645936,-0.46378110666137656,0.0,1.0,1.0,1.0,0.0,1.0,1.0,1.0,1.0,1.0,0
-1.1176231476007294,-1.6047877347629145,0.5715354868251649,-0.32262569647356076,-0.07003973818673623,1.0,0.0,1.0,1.0,0.0,1.0,1.0,1.0,1.0,1.0,0
2.032192163510337,0.7101635489971886,-0.4662945027509431,1.1745646935825116,0.936188203470678,0.0,1.0,1.0,1.0,0.0,1.0,1.0,1.0,1.0,1.0,1
-1.2342829739381762,-0.6061812986311053,-0.443732981238419,-0.8216891598255849,0.629944916879291,0.0,1.0,1.0,1.0,0.0,1.0,1.0,1.0,1.0,1.0,0
-0.8843034949258356,0.07468672600421916,2.0380343851392304,-0.4889801842575688,-0.4200320657197499,0.0,1.0,1.0,1.0,0.0,1.0,1.0,1.0,1.0,1.0,1
-0.3010043632386011,2.934332429472582,-1.729739707452292,0.5091467424464795,10.429730087803673,1.0,0.0,1.0,0.0,1.0,1.0,1.0,1.0,1.0,1.0,1
-1.2342829739381762,-1.0600933150546548,-1.0077710190515212,-0.988043647609593,0.10495642557977058,1.0,0.0,1.0,1.0,0.0,1.0,1.0,1.0,1.0,1.0,0
0.9822537264733149,-1.0600933150546548,0.30079722867487585,1.1745646935825116,0.06120738463814389,0.0,1.0,1.0,1.0,0.0,1.0,1.0,1.0,1.0,1.0,0
0.04897511577373963,0.914423956387786,-0.060187115525509524,-0.32262569647356076,-0.15753782006998962,0.0,1.0,1.0,1.0,0.0,1.0,1.0,1.0,1.0,1.0,0
-1.3509428002756232,0.5966855448913012,-0.6016636318260876,-0.32262569647356076,0.3237016302879041,0.0,1.0,1.0,1.0,0.0,1.0,1.0,1.0,1.0,1.0,0
-0.41766418957604795,-0.7423549035581701,0.864835266487978,-0.4889801842575688,-0.5075301476030033,1.0,0.0,1.0,1.0,0.0,1.0,1.0,1.0,1.0,1.0,0
-0.41766418957604795,0.07468672600421916,0.2331126641373036,0.34279225466247143,-0.4200320657197499,0.0,1.0,1.0,1.0,0.0,1.0,1.0,1.0,1.0,1.0,0
0.6322742474609742,-0.4246164920616854,0.48128940077506854,0.7586784741224916,0.10495642557977058,1.0,0.0,1.0,1.0,0.0,1.0,1.0,1.0,1.0,1.0,0
-1.0009633212632825,-0.24305168549226558,-0.9852094975389971,-1.320752623177609,-0.07003973818673623,1.0,0.0,1.0,1.0,0.0,1.0,1.0,1.0,1.0,1.0,0
-0.6509838422509417,2.1172907999101924,-1.526686013839575,-0.4889801842575688,-0.20128686101161633,1.0,0.0,1.0,1.0,0.0,1.0,1.0,1.0,1.0,1.0,0
-1.1176231476007294,-0.4700076937040404,-0.9852094975389971,-0.4889801842575688,0.49869779405441095,0.0,1.0,1.0,1.0,0.0,1.0,1.0,1.0,1.0,1.0,0
0.5156144211235272,1.0732931621360282,-0.8047173254388044,0.34279225466247143,-0.5075301476030033,1.0,0.0,1.0,1.0,0.0,1.0,1.0,1.0,1.0,1.0,0
0.748934073798421,-1.0600933150546548,0.7520276589253576,-0.7385119159335809,-0.7700243932527635,0.0,1.0,1.0,1.0,0.0,1.0,1.0,1.0,1.0,1.0,0
0.28229476844863344,0.6193811457124787,-0.9852094975389971,3.253995790882612,0.10495642557977058,1.0,0.0,1.0,1.0,0.0,1.0,1.0,1.0,1.0,1.0,0
-1.1176231476007294,-1.1054845166970098,0.075182013549635,0.17643776687846338,-0.15753782006998962,1.0,0.0,1.0,1.0,0.0,1.0,1.0,1.0,1.0,1.0,0
0.6322742474609742,0.05199112518304168,-0.9400864545139489,1.1745646935825116,-0.15753782006998962,1.0,0.0,1.0,1.0,0.0,1.0,1.0,1.0,1.0,1.0,1
-1.0009633212632825,0.6874679481760111,0.5489739653126408,-0.07309396479754869,-0.37628302477812314,1.0,0.0,1.0,1.0,0.0,1.0,1.0,1.0,1.0,1.0,0
1.0989135528107616,-0.37922529041933045,1.2709426537134116,-0.32262569647356076,-0.20128686101161633,1.0,0.0,1.0,1.0,0.0,1.0,1.0,1.0,1.0,1.0,0
0.04897511577373963,0.8009459522818986,1.2709426537134116,-0.7385119159335809,-0.5950282294862567,0.0,1.0,1.0,1.0,0.0,1.0,1.0,1.0,1.0,1.0,1
-0.41766418957604795,-0.15226928220755565,0.12030505657468317,0.34279225466247143,-0.15753782006998962,1.0,0.0,1.0,1.0,0.0,1.0,1.0,1.0,1.0,1.0,1
1.798872510835443,-0.5607900969887503,0.6617815728752613,-1.071220891501597,-0.55127918854463,1.0,0.0,1.0,1.0,0.0,1.0,1.0,1.0,1.0,1.0,0
1.798872510835443,-0.6288768994522828,-0.01506407250046135,-1.9861705743136413,-0.7262753523111368,0.0,1.0,1.0,1.0,0.0,1.0,1.0,1.0,1.0,1.0,1
-0.8843034949258356,-0.969310911769945,0.8197122234629298,-1.320752623177609,0.3237016302879041,1.0,0.0,1.0,1.0,0.0,1.0,1.0,1.0,1.0,1.0,0
1.0989135528107616,-0.4700076937040404,-1.1882631911517139,0.17643776687846338,-0.6387772704278833,1.0,0.0,1.0,1.0,0.0,1.0,1.0,1.0,1.0,1.0,0
0.28229476844863344,1.1640755654207382,-0.4662945027509431,-0.4889801842575688,0.192454507463024,1.0,0.0,1.0,1.0,0.0,1.0,1.0,1.0,1.0,1.0,0
0.5156144211235272,0.256251532573639,-0.6467866748511357,-0.7385119159335809,-0.37628302477812314,1.0,0.0,1.0,1.0,0.0,1.0,1.0,1.0,1.0,1.0,0
0.748934073798421,-0.878528508485235,-0.3760484167008467,-1.4871071109616172,0.192454507463024,0.0,1.0,1.0,1.0,0.0,1.0,1.0,1.0,1.0,1.0,0
0.6322742474609742,1.391031573632513,-0.5339790672885153,-0.5721574281495728,-0.68252631136951,1.0,0.0,1.0,1.0,0.0,1.0,1.0,1.0,1.0,1.0,0
-1.1176231476007294,-1.2416581216240747,-1.0980171051016174,-1.4871071109616172,-0.5075301476030033,1.0,0.0,1.0,1.0,0.0,1.0,1.0,1.0,1.0,1.0,0
-0.5343240159134949,-0.7423549035581701,0.5715354868251649,-0.8216891598255849,-0.24503590195324304,1.0,0.0,1.0,1.0,0.0,1.0,1.0,1.0,1.0,1.0,0
1.0989135528107616,-0.37922529041933045,0.05262049203711091,0.34279225466247143,-0.5075301476030033,1.0,0.0,1.0,1.0,0.0,1.0,1.0,1.0,1.0,1.0,0
-0.5343240159134949,-0.1976604838499106,-0.4211714597258949,0.34279225466247143,-0.20128686101161633,0.0,1.0,1.0,1.0,0.0,1.0,1.0,1.0,1.0,1.0,0
0.5156144211235272,0.5739899440701237,1.135573524638267,-0.6553346720415768,0.06120738463814389,1.0,0.0,1.0,1.0,0.0,1.0,1.0,1.0,1.0,1.0,0
0.04897511577373963,-0.2657472863134431,-0.6467866748511357,-0.07309396479754869,-0.11378877912836292,1.0,0.0,1.0,1.0,0.0,1.0,1.0,1.0,1.0,1.0,0
0.9822537264733149,1.481813976917223,3.3466026328656273,0.5091467424464795,0.4111997121711575,1.0,0.0,1.0,1.0,0.0,1.0,1.0,1.0,1.0,1.0,0
0.8655939001358679,1.1867711662419156,0.45872787926254444,-0.8216891598255849,-0.6387772704278833,0.0,1.0,1.0,1.0,0.0,1.0,1.0,1.0,1.0,1.0,0
-1.1176231476007294,-1.0373977142334774,-0.5114175457759913,0.34279225466247143,-0.02629069724510952,1.0,0.0,1.0,1.0,0.0,1.0,1.0,1.0,1.0,1.0,0
0.16563494211118654,-0.6742681010946378,-0.3083638521632745,-0.6553346720415768,0.6736939578209178,0.0,1.0,1.0,1.0,0.0,1.0,1.0,1.0,1.0,1.0,0
-0.41766418957604795,-0.4473120928828629,0.9099583095130261,-1.071220891501597,-0.20128686101161633,1.0,0.0,1.0,1.0,0.0,1.0,1.0,1.0,1.0,1.0,0
0.5156144211235272,-0.37922529041933045,1.158135046150791,0.2596150107704674,0.4549487531127842,1.0,0.0,1.0,1.0,0.0,1.0,1.0,1.0,1.0,1.0,0
-1.8175821056254107,-0.969310911769945,-1.2785092772018103,1.2577419374745158,-0.15753782006998962,1.0,0.0,1.0,1.0,0.0,1.0,1.0,1.0,1.0,1.0,0
1.6822126844979963,-1.1054845166970098,2.105718949676803,0.7586784741224916,-0.07003973818673623,1.0,0.0,1.0,1.0,0.0,1.0,1.0,1.0,1.0,1.0,0
-0.06768471056370727,2.661985219618452,0.3910433147249722,0.17643776687846338,-1.2075148026690306,1.0,0.0,1.0,1.0,0.0,1.0,1.0,1.0,1.0,1.0,0
0.04897511577373963,1.5499007793807553,-0.6467866748511357,0.7586784741224916,0.10495642557977058,0.0,1.0,1.0,1.0,0.0,1.0,1.0,1.0,1.0,1.0,1
0.04897511577373963,-0.6061812986311053,0.5264124438001168,0.34279225466247143,-0.4200320657197499,0.0,1.0,1.0,1.0,0.0,1.0,1.0,1.0,1.0,1.0,1
-0.6509838422509417,-0.35652968959815295,-0.443732981238419,0.9250329619064996,-0.5950282294862567,1.0,0.0,1.0,1.0,0.0,1.0,1.0,1.0,1.0,1.0,0
-1.0009633212632825,-1.1962669199817197,-0.8724018899763767,0.7586784741224916,0.10495642557977058,0.0,1.0,1.0,1.0,0.0,1.0,1.0,1.0,1.0,1.0,0
0.9822537264733149,2.162682001552547,0.9550813525380744,-0.07309396479754869,0.017458343696517182,0.0,1.0,1.0,1.0,0.0,1.0,1.0,1.0,1.0,1.0,1
1.5655528581605493,1.0505975613148508,0.5264124438001168,-0.7385119159335809,1.1986824491204382,0.0,1.0,1.0,0.0,1.0,1.0,1.0,1.0,1.0,1.0,1
0.04897511577373963,0.8917283555666085,0.5038509222875927,-0.07309396479754869,-0.24503590195324304,1.0,0.0,1.0,1.0,0.0,1.0,1.0,1.0,1.0,1.0,0
-0.6509838422509417,0.6193811457124787,0.14286657808720726,0.34279225466247143,0.9799372444123047,0.0,1.0,1.0,1.0,0.0,1.0,1.0,1.0,1.0,1.0,0
-0.5343240159134949,-0.15226928220755565,0.09774353506215908,-0.904866403717589,-0.7262753523111368,0.0,1.0,1.0,1.0,0.0,1.0,1.0,1.0,1.0,1.0,1
1.5655528581605493,-0.6742681010946378,0.30079722867487585,-0.07309396479754869,0.4111997121711575,1.0,0.0,1.0,1.0,0.0,1.0,1.0,1.0,1.0,1.0,0
-1.3509428002756232,-0.37922529041933045,1.2709426537134116,0.17643776687846338,-0.24503590195324304,1.0,0.0,1.0,1.0,0.0,1.0,1.0,1.0,1.0,1.0,0
0.3989545947860803,2.525811614691387,1.1806965676633152,-0.4889801842575688,-0.8137734341943902,0.0,1.0,1.0,1.0,0.0,1.0,1.0,1.0,1.0,1.0,0
1.4488930318231024,0.869032754745431,-0.962647976026473,-0.07309396479754869,1.0236862853539315,0.0,1.0,1.0,0.0,1.0,1.0,1.0,1.0,1.0,1.0,1
0.04897511577373963,-0.4927032945252179,-0.6016636318260876,1.0082102057985036,-0.20128686101161633,0.0,1.0,1.0,1.0,0.0,1.0,1.0,1.0,1.0,1.0,0
-0.5343240159134949,-0.5607900969887503,-0.6016636318260876,-0.07309396479754869,0.49869779405441095,1.0,0.0,1.0,1.0,0.0,1.0,1.0,1.0,1.0,1.0,0
-0.5343240159134949,1.436422775274868,0.7745891804378817,1.5072736691505277,-0.02629069724510952,0.0,1.0,1.0,1.0,0.0,1.0,1.0,1.0,1.0,1.0,1
0.28229476844863344,-1.0600933150546548,0.7069046159003094,-0.07309396479754869,-0.15753782006998962,1.0,0.0,1.0,1.0,0.0,1.0,1.0,1.0,1.0,1.0,0
-1.3509428002756232,-0.6969637019158151,-0.8498403684638526,1.1745646935825116,-0.37628302477812314,1.0,0.0,1.0,1.0,0.0,1.0,1.0,1.0,1.0,1.0,0
-0.8843034949258356,0.05199112518304168,1.1130120031257429,-0.07309396479754869,-0.7262753523111368,1.0,0.0,1.0,1.0,0.0,1.0,1.0,1.0,1.0,1.0,0
-0.3010043632386011,-0.7196593027369926,-0.35348689518832266,-0.904866403717589,-0.2887849428948697,1.0,0.0,1.0,1.0,0.0,1.0,1.0,1.0,1.0,1.0,0
-0.8843034949258356,-1.4686141298358495,-1.729739707452292,-0.988043647609593,0.49869779405441095,0.0,1.0,1.0,1.0,0.0,1.0,1.0,1.0,1.0,1.0,0
-0.7676436685883887,-0.7877461052005251,-0.443732981238419,-1.9861705743136413,-0.5075301476030033,0.0,1.0,1.0,1.0,0.0,1.0,1.0,1.0,1.0,1.0,0
0.9822537264733149,0.4832075407854138,-0.3760484167008467,-0.07309396479754869,0.2362035484046507,0.0,1.0,1.0,1.0,0.0,1.0,1.0,1.0,1.0,1.0,1
-0.41766418957604795,-0.7877461052005251,-0.15043320157560586,-1.4871071109616172,-0.11378877912836292,1.0,0.0,1.0,1.0,0.0,1.0,1.0,1.0,1.0,1.0,0
2.032192163510337,1.8449435900560627,-0.060187115525509524,-1.320752623177609,-0.15753782006998962,1.0,0.0,1.0,1.0,0.0,1.0,1.0,1.0,1.0,1.0,0
0.748934073798421,-0.10687808056520069,-0.5565405888010394,-0.988043647609593,0.8049410806457978,0.0,1.0,1.0,1.0,0.0,1.0,1.0,1.0,1.0,1.0,0
0.28229476844863344,0.07468672600421916,-0.8498403684638526,-0.07309396479754869,0.3237016302879041,0.0,1.0,1.0,1.0,0.0,1.0,1.0,1.0,1.0,1.0,1
-1.0009633212632825,-0.37922529041933045,2.1508419927018507,-0.904866403717589,0.10495642557977058,1.0,0.0,1.0,1.0,0.0,1.0,1.0,1.0,1.0,1.0,0
1.798872510835443,-0.22035608467108808,0.32335875018739996,-1.320752623177609,-0.33253398383649646,0.0,1.0,1.0,1.0,0.0,1.0,1.0,1.0,1.0,1.0,0
-0.3010043632386011,-0.3338340887769755,-1.0303325405640453,-0.07309396479754869,0.1487054665213973,1.0,0.0,1.0,1.0,0.0,1.0,1.0,1.0,1.0,1.0,0
0.748934073798421,0.029295524361864195,0.9325198310255502,0.7586784741224916,0.629944916879291,0.0,1.0,1.0,1.0,0.0,1.0,1.0,1.0,1.0,1.0,0
1.0989135528107616,-0.24305168549226558,-1.0528940620765692,0.34279225466247143,0.8049410806457978,0.0,1.0,1.0,1.0,0.0,1.0,1.0,1.0,1.0,1.0,0
-0.6509838422509417,2.04920399744666,-0.17299472308812996,2.339046108070568,-0.15753782006998962,0.0,1.0,1.0,1.0,0.0,1.0,1.0,1.0,1.0,1.0,0
1.0989135528107616,-0.5380944961675728,1.406311782788556,-1.320752623177609,0.8049410806457978,0.0,1.0,1.0,1.0,0.0,1.0,1.0,1.0,1.0,1.0,1
0.16563494211118654,-0.4700076937040404,-0.060187115525509524,0.34279225466247143,-0.15753782006998962,1.0,0.0,1.0,1.0,0.0,1.0,1.0,1.0,1.0,1.0,0
0.748934073798421,-0.6742681010946378,-0.5565405888010394,-0.07309396479754869,-0.2887849428948697,1.0,0.0,1.0,1.0,0.0,1.0,1.0,1.0,1.0,1.0,0
-1.584262452950517,-0.7423549035581701,-0.9400864545139489,1.0082102057985036,-0.20128686101161633,1.0,0.0,1.0,1.0,0.0,1.0,1.0,1.0,1.0,1.0,0
-0.3010043632386011,0.8009459522818986,-1.1431401481266656,-1.154398135393601,0.49869779405441095,1.0,0.0,1.0,1.0,0.0,1.0,1.0,1.0,1.0,1.0,0
0.04897511577373963,1.6633787834866427,-0.5565405888010394,2.006337132502552,-0.5950282294862567,1.0,0.0,1.0,1.0,0.0,1.0,1.0,1.0,1.0,1.0,0
1.5655528581605493,0.8917283555666085,-1.9553549225775329,-0.32262569647356076,3.8673739465596673,1.0,0.0,1.0,0.0,1.0,1.0,1.0,1.0,1.0,1.0,0
-0.18434453690115418,-0.37922529041933045,-0.9400864545139489,-1.9861705743136413,-0.37628302477812314,0.0,1.0,1.0,1.0,0.0,1.0,1.0,1.0,1.0,1.0,0
2.032192163510337,0.5285987424277687,-0.19555624460065404,-0.904866403717589,-0.2887849428948697,1.0,0.0,1.0,1.0,0.0,1.0,1.0,1.0,1.0,1.0,1
-0.8843034949258356,-0.15226928220755565,-0.3083638521632745,1.839982644718544,0.8049410806457978,1.0,0.0,1.0,1.0,0.0,1.0,1.0,1.0,1.0,1.0,0
-1.1176231476007294,-1.5593965331205595,-0.01506407250046135,-0.4889801842575688,-0.15753782006998962,1.0,0.0,1.0,1.0,0.0,1.0,1.0,1.0,1.0,1.0,0
-0.6509838422509417,0.6420767465336562,-0.21811776611317812,0.34279225466247143,-0.6387772704278833,0.0,1.0,1.0,1.0,0.0,1.0,1.0,1.0,1.0,1.0,0
-1.1176231476007294,-0.5607900969887503,2.195965035726899,0.5091467424464795,0.4549487531127842,0.0,1.0,1.0,1.0,0.0,1.0,1.0,1.0,1.0,1.0,0
0.9822537264733149,0.16546912928892907,-1.0754555835890933,-0.4058029403655648,-0.9450205570192703,0.0,1.0,1.0,1.0,0.0,1.0,1.0,1.0,1.0,1.0,0
1.3322332054856556,0.7555547506395436,0.14286657808720726,0.8418557180144955,-0.15753782006998962,1.0,0.0,1.0,1.0,0.0,1.0,1.0,1.0,1.0,1.0,0
-0.41766418957604795,-0.7877461052005251,0.2331126641373036,0.5091467424464795,-0.55127918854463,1.0,0.0,1.0,1.0,0.0,1.0,1.0,1.0,1.0,1.0,0
-0.7676436685883887,0.21086033093128403,0.075182013549635,2.006337132502552,-0.15753782006998962,0.0,1.0,1.0,1.0,0.0,1.0,1.0,1.0,1.0,1.0,0
1.6822126844979963,0.3924251375007039,0.075182013549635,-0.07309396479754869,-0.9450205570192703,0.0,1.0,1.0,1.0,0.0,1.0,1.0,1.0,1.0,1.0,0
1.3322332054856556,-1.2416581216240747,-1.5718090568646232,1.0082102057985036,0.192454507463024,0.0,1.0,1.0,1.0,0.0,1.0,1.0,1.0,1.0,1.0,0
-1.3509428002756232,-0.6742681010946378,-0.17299472308812996,0.17643776687846338,-0.07003973818673623,1.0,0.0,1.0,1.0,0.0,1.0,1.0,1.0,1.0,1.0,0
-0.3010043632386011,0.8009459522818986,0.7745891804378817,-0.4889801842575688,-0.15753782006998962,0.0,1.0,1.0,1.0,0.0,1.0,1.0,1.0,1.0,1.0,0
1.5655528581605493,1.617987581844288,0.5264124438001168,0.7586784741224916,-0.37628302477812314,1.0,0.0,1.0,1.0,0.0,1.0,1.0,1.0,1.0,1.0,0
1.3322332054856556,2.253464404837257,-0.443732981238419,2.422223351962572,1.373678612886945,1.0,0.0,1.0,1.0,0.0,1.0,1.0,1.0,1.0,1.0,0
1.798872510835443,-1.1962669199817197,-0.714471239388708,-0.8216891598255849,0.2362035484046507,0.0,1.0,1.0,1.0,0.0,1.0,1.0,1.0,1.0,1.0,0
-0.06768471056370727,0.3470339358583489,0.7745891804378817,0.5091467424464795,-0.20128686101161633,0.0,1.0,1.0,1.0,0.0,1.0,1.0,1.0,1.0,1.0,0
0.3989545947860803,-0.5607900969887503,0.345920271699924,-0.6553346720415768,-0.15753782006998962,1.0,0.0,1.0,1.0,0.0,1.0,1.0,1.0,1.0,1.0,0
1.0989135528107616,1.481813976917223,0.6617815728752613,1.6736281569345357,0.017458343696517182,0.0,1.0,1.0,1.0,0.0,1.0,1.0,1.0,1.0,1.0,1
1.5655528581605493,0.12007792764657411,0.8197122234629298,0.7586784741224916,-1.1200167207857772,1.0,0.0,1.0,1.0,0.0,1.0,1.0,1.0,1.0,1.0,0
-1.1176231476007294,-0.6742681010946378,-1.8651088365274364,0.34279225466247143,0.2362035484046507,0.0,1.0,1.0,1.0,0.0,1.0,1.0,1.0,1.0,1.0,0
-0.18434453690115418,0.07468672600421916,-0.6016636318260876,-0.07309396479754869,1.1111843672371848,0.0,1.0,1.0,1.0,0.0,1.0,1.0,1.0,1.0,1.0,0
-0.06768471056370727,-0.4246164920616854,0.345920271699924,-0.32262569647356076,0.3237016302879041,1.0,0.0,1.0,1.0,0.0,1.0,1.0,1.0,1.0,1.0,0
0.8655939001358679,-0.4246164920616854,-1.3236323202268583,-0.15627120868955272,-0.15753782006998962,0.0,1.0,1.0,1.0,0.0,1.0,1.0,1.0,1.0,1.0,1
-0.5343240159134949,-0.7423549035581701,0.05262049203711091,0.17643776687846338,-0.11378877912836292,0.0,1.0,1.0,1.0,0.0,1.0,1.0,1.0,1.0,1.0,0
0.9822537264733149,0.5739899440701237,1.2032580891758393,-1.320752623177609,0.192454507463024,1.0,0.0,1.0,1.0,0.0,1.0,1.0,1.0,1.0,1.0,0
0.5156144211235272,-0.7423549035581701,0.8422737449754539,-0.32262569647356076,-0.7262753523111368,1.0,0.0,1.0,1.0,0.0,1.0,1.0,1.0,1.0,1.0,0
-0.41766418957604795,0.5739899440701237,1.3160656967384599,1.1745646935825116,-0.11378877912836292,1.0,0.0,1.0,1.0,0.0,1.0,1.0,1.0,1.0,1.0,0
-1.584262452950517,-0.4700076937040404,-1.0528940620765692,0.7586784741224916,-0.15753782006998962,1.0,0.0,1.0,1.0,0.0,1.0,1.0,1.0,1.0,1.0,0
-0.18434453690115418,-0.35652968959815295,0.007497449012062735,0.34279225466247143,0.4111997121711575,1.0,0.0,1.0,1.0,0.0,1.0,1.0,1.0,1.0,1.0,0
-0.41766418957604795,-0.5153988953463954,0.30079722867487585,1.5904509130425317,-0.24503590195324304,1.0,0.0,1.0,1.0,0.0,1.0,1.0,1.0,1.0,1.0,0
1.2155733791482086,0.6193811457124787,-0.5565405888010394,1.5904509130425317,-0.4200320657197499,1.0,0.0,1.0,1.0,0.0,1.0,1.0,1.0,1.0,1.0,1
1.4488930318231024,-0.10687808056520069,-0.5114175457759913,-0.07309396479754869,-0.20128686101161633,0.0,1.0,1.0,1.0,0.0,1.0,1.0,1.0,1.0,1.0,0
0.3989545947860803,-1.6501789364052692,-1.1657016696391898,-1.320752623177609,0.017458343696517182,1.0,0.0,1.0,1.0,0.0,1.0,1.0,1.0,1.0,1.0,0
0.3989545947860803,-0.5153988953463954,2.0605959066517547,1.1745646935825116,-0.20128686101161633,1.0,0.0,1.0,1.0,0.0,1.0,1.0,1.0,1.0,1.0,0
0.8655939001358679,3.0478104335784693,-0.962647976026473,-1.320752623177609,-0.55127918854463,1.0,0.0,1.0,1.0,0.0,1.0,1.0,1.0,1.0,1.0,1
-1.1176231476007294,-0.92391971012759,1.9929113421141824,0.17643776687846338,0.5424468349960376,0.0,1.0,1.0,1.0,0.0,1.0,1.0,1.0,1.0,1.0,0
-1.1176231476007294,0.5739899440701237,-1.752301228964816,0.5091467424464795,0.06120738463814389,1.0,0.0,1.0,1.0,0.0,1.0,1.0,1.0,1.0,1.0,0
-1.584262452950517,-1.1281801175181874,-0.5114175457759913,0.34279225466247143,0.936188203470678,1.0,0.0,1.0,1.0,0.0,1.0,1.0,1.0,1.0,1.0,0
-1.0009633212632825,-0.7423549035581701,-0.6016636318260876,-0.7385119159335809,-0.15753782006998962,1.0,0.0,1.0,1.0,0.0,1.0,1.0,1.0,1.0,1.0,0
0.9822537264733149,-0.5153988953463954,0.05262049203711091,-1.4871071109616172,-0.5075301476030033,1.0,0.0,1.0,1.0,0.0,1.0,1.0,1.0,1.0,1.0,0
-0.41766418957604795,1.1640755654207382,0.7745891804378817,0.17643776687846338,-0.46378110666137656,1.0,0.0,1.0,1.0,0.0,1.0,1.0,1.0,1.0,1.0,0
-1.1176231476007294,-0.061486878922845725,-0.714471239388708,-0.8216891598255849,0.2362035484046507,0.0,1.0,1.0,1.0,0.0,1.0,1.0,1.0,1.0,1.0,0
-1.8175821056254107,-1.1508757183393648,-1.6620551429147197,-0.23944845258155673,-0.07003973818673623,1.0,0.0,1.0,1.0,0.0,1.0,1.0,1.0,1.0,1.0,0
-1.8175821056254107,-0.5607900969887503,-0.6016636318260876,-0.6553346720415768,-0.15753782006998962,0.0,1.0,1.0,1.0,0.0,1.0,1.0,1.0,1.0,1.0,0
-1.1176231476007294,0.256251532573639,-0.2406792876257022,1.5904509130425317,-0.37628302477812314,1.0,0.0,1.0,1.0,0.0,1.0,1.0,1.0,1.0,1.0,0
-1.0009633212632825,-0.10687808056520069,0.6392200513627372,0.6755012302304875,-0.8137734341943902,0.0,1.0,1.0,1.0,0.0,1.0,1.0,1.0,1.0,1.0,0
-0.06768471056370727,-0.10687808056520069,-0.2858023306507504,-0.07309396479754869,-0.37628302477812314,1.0,0.0,1.0,1.0,0.0,1.0,1.0,1.0,1.0,1.0,0
-0.7676436685883887,-0.4246164920616854,0.30079722867487585,-0.07309396479754869,0.3674506712295308,1.0,0.0,1.0,1.0,0.0,1.0,1.0,1.0,1.0,1.0,0
2.032192163510337,-0.5153988953463954,1.4739963473261284,-0.07309396479754869,-0.7700243932527635,1.0,0.0,1.0,1.0,0.0,1.0,1.0,1.0,1.0,1.0,0
-0.3010043632386011,-1.1508757183393648,-0.714471239388708,1.1745646935825116,1.1549334081788114,1.0,0.0,1.0,1.0,0.0,1.0,1.0,1.0,1.0,1.0,0
1.4488930318231024,3.2520708409690666,1.6996115624513692,-0.7385119159335809,0.192454507463024,1.0,0.0,1.0,1.0,0.0,1.0,1.0,1.0,1.0,1.0,1
1.2155733791482086,0.029295524361864195,0.30079722867487585,1.1745646935825116,-0.15753782006998962,0.0,1.0,1.0,1.0,0.0,1.0,1.0,1.0,1.0,1.0,0
-0.3010043632386011,0.21086033093128403,-0.15043320157560586,-0.07309396479754869,-0.24503590195324304,1.0,0.0,1.0,1.0,0.0,1.0,1.0,1.0,1.0,1.0,1
-0.5343240159134949,-1.2416581216240747,-0.35348689518832266,-1.9861705743136413,0.06120738463814389,0.0,1.0,1.0,1.0,0.0,1.0,1.0,1.0,1.0,1.0,0
1.3322332054856556,-1.0147021134123,-1.2785092772018103,0.09326052298645936,0.192454507463024,0.0,1.0,1.0,1.0,0.0,1.0,1.0,1.0,1.0,1.0,0
-0.6509838422509417,-0.969310911769945,-0.8272788469513285,1.5904509130425317,-0.33253398383649646,1.0,0.0,1.0,1.0,0.0,1.0,1.0,1.0,1.0,1.0,0
0.28229476844863344,-0.6515725002734603,-1.0528940620765692,-2.1525250620976495,0.2799525893462774,0.0,1.0,1.0,1.0,0.0,1.0,1.0,1.0,1.0,1.0,0
-0.7676436685883887,-1.4686141298358495,-0.5339790672885153,-0.6553346720415768,-0.15753782006998962,1.0,0.0,1.0,1.0,0.0,1.0,1.0,1.0,1.0,1.0,0
-0.8843034949258356,-0.7423549035581701,-1.3913168847644306,-1.071220891501597,0.5861958759376643,0.0,1.0,1.0,1.0,0.0,1.0,1.0,1.0,1.0,1.0,0
-1.1176231476007294,-0.9012241093064125,-0.4662945027509431,-0.07309396479754869,-0.20128686101161633,1.0,0.0,1.0,1.0,0.0,1.0,1.0,1.0,1.0,1.0,0
1.798872510835443,0.7555547506395436,0.4361663577500204,1.1745646935825116,-0.07003973818673623,1.0,0.0,1.0,1.0,0.0,1.0,1.0,1.0,1.0,1.0,1
-0.41766418957604795,-0.3338340887769755,0.075182013549635,0.9250329619064996,-0.24503590195324304,1.0,0.0,1.0,1.0,0.0,1.0,1.0,1.0,1.0,1.0,0
0.3989545947860803,0.6193811457124787,0.7971507019504057,-0.23944845258155673,-0.6387772704278833,1.0,0.0,1.0,1.0,0.0,1.0,1.0,1.0,1.0,1.0,0
-1.2342829739381762,2.04920399744666,1.2258196106883634,-0.7385119159335809,0.4111997121711575,0.0,1.0,1.0,1.0,0.0,1.0,1.0,1.0,1.0,1.0,0
2.032192163510337,-0.969310911769945,-0.3083638521632745,1.1745646935825116,-0.8137734341943902,1.0,0.0,1.0,1.0,0.0,1.0,1.0,1.0,1.0,1.0,1
0.3989545947860803,0.16546912928892907,-0.1053101585505577,-0.23944845258155673,-0.37628302477812314,0.0,1.0,1.0,1.0,0.0,1.0,1.0,1.0,1.0,1.0,0
-0.6509838422509417,0.5739899440701237,0.3910433147249722,-0.07309396479754869,2.423655595485986,1.0,0.0,1.0,0.0,1.0,1.0,1.0,1.0,1.0,1.0,0
-1.1176231476007294,-0.37922529041933045,-0.6693481963636598,-2.4852340376656654,-0.68252631136951,1.0,0.0,1.0,1.0,0.0,1.0,1.0,1.0,1.0,1.0,0
0.16563494211118654,-0.6969637019158151,2.0380343851392304,1.1745646935825116,-0.24503590195324304,1.0,0.0,1.0,1.0,0.0,1.0,1.0,1.0,1.0,1.0,1
-1.0009633212632825,1.2094667670630932,0.14286657808720726,0.17643776687846338,-0.46378110666137656,1.0,0.0,1.0,1.0,0.0,1.0,1.0,1.0,1.0,1.0,0
-0.7676436685883887,-0.016095677280490765,-0.7370327609012322,0.34279225466247143,0.06120738463814389,1.0,0.0,1.0,1.0,0.0,1.0,1.0,1.0,1.0,1.0,0
0.748934073798421,0.3470339358583489,-0.8949634114889007,1.1745646935825116,-0.46378110666137656,0.0,1.0,1.0,1.0,0.0,1.0,1.0,1.0,1.0,1.0,0
-0.41766418957604795,-0.10687808056520069,0.09774353506215908,-1.154398135393601,0.49869779405441095,1.0,0.0,1.0,1.0,0.0,1.0,1.0,1.0,1.0,1.0,0
2.032192163510337,-0.4700076937040404,-0.7595942824137561,1.6736281569345357,-0.11378877912836292,0.0,1.0,1.0,1.0,0.0,1.0,1.0,1.0,1.0,1.0,0
0.28229476844863344,0.07468672600421916,-1.5718090568646232,-0.32262569647356076,0.8924391625290512,0.0,1.0,1.0,1.0,0.0,1.0,1.0,1.0,1.0,1.0,0
-1.0009633212632825,-0.8558329076640575,-1.5041244923270511,-0.23944845258155673,0.49869779405441095,1.0,0.0,1.0,1.0,0.0,1.0,1.0,1.0,1.0,1.0,0
-0.5343240159134949,0.5966855448913012,-1.5041244923270511,0.5923239863384835,0.1487054665213973,0.0,1.0,1.0,1.0,0.0,1.0,1.0,1.0,1.0,1.0,0
-1.1176231476007294,-0.08418247974402321,-1.0303325405640453,0.2596150107704674,-0.68252631136951,0.0,1.0,1.0,1.0,0.0,1.0,1.0,1.0,1.0,1.0,0
0.3989545947860803,-0.10687808056520069,0.8873967880005021,-0.07309396479754869,-1.1200167207857772,1.0,0.0,1.0,1.0,0.0,1.0,1.0,1.0,1.0,1.0,0
0.04897511577373963,0.7101635489971886,0.30079722867487585,0.34279225466247143,0.192454507463024,0.0,1.0,1.0,1.0,0.0,1.0,1.0,1.0,1.0,1.0,0
-0.5343240159134949,-0.7877461052005251,1.0227659170756467,-1.320752623177609,0.629944916879291,1.0,0.0,1.0,1.0,0.0,1.0,1.0,1.0,1.0,1.0,0
0.6322742474609742,-0.10687808056520069,0.7294661374128335,-0.32262569647356076,-0.33253398383649646,1.0,0.0,1.0,1.0,0.0,1.0,1.0,1.0,1.0,1.0,0
-0.41766418957604795,0.21086033093128403,2.4667032938771882,-0.07309396479754869,0.017458343696517182,0.0,1.0,1.0,1.0,0.0,1.0,1.0,1.0,1.0,1.0,0
1.2155733791482086,3.9783300672467456,1.2935041752259357,1.1745646935825116,-0.988769597960897,1.0,0.0,1.0,1.0,0.0,1.0,1.0,1.0,1.0,1.0,0
-0.41766418957604795,-1.1508757183393648,-0.4662945027509431,2.006337132502552,-0.15753782006998962,0.0,1.0,1.0,1.0,0.0,1.0,1.0,1.0,1.0,1.0,0
-0.7676436685883887,-0.17496488302873314,-0.03762559401298544,1.1745646935825116,-0.5075301476030033,1.0,0.0,1.0,1.0,0.0,1.0,1.0,1.0,1.0,1.0,0
0.748934073798421,1.2548579687054482,-0.8498403684638526,-0.07309396479754869,0.06120738463814389,1.0,0.0,1.0,1.0,0.0,1.0,1.0,1.0,1.0,1.0,0
0.5156144211235272,-0.24305168549226558,0.9550813525380744,1.3409191813665198,-0.11378877912836292,1.0,0.0,1.0,1.0,0.0,1.0,1.0,1.0,1.0,1.0,0
-1.0009633212632825,0.46051193996423634,-1.0980171051016174,-0.4889801842575688,-0.15753782006998962,1.0,0.0,1.0,1.0,0.0,1.0,1.0,1.0,1.0,1.0,0
-1.2342829739381762,-0.2884428871346205,-1.1431401481266656,-1.071220891501597,-0.4200320657197499,0.0,1.0,1.0,1.0,0.0,1.0,1.0,1.0,1.0,1.0,0
0.04897511577373963,1.391031573632513,0.075182013549635,1.0913874496905076,-0.2887849428948697,1.0,0.0,1.0,1.0,0.0,1.0,1.0,1.0,1.0,1.0,0
0.6322742474609742,0.12007792764657411,-0.9400864545139489,2.006337132502552,-0.2887849428948697,1.0,0.0,1.0,1.0,0.0,1.0,1.0,1.0,1.0,1.0,0
-0.41766418957604795,1.436422775274868,-0.6467866748511357,-1.071220891501597,-0.5075301476030033,0.0,1.0,1.0,1.0,0.0,1.0,1.0,1.0,1.0,1.0,1
-0.06768471056370727,-0.6288768994522828,-0.33092537367579855,1.0082102057985036,0.2362035484046507,0.0,1.0,1.0,1.0,0.0,1.0,1.0,1.0,1.0,1.0,0
-0.7676436685883887,0.30164273421599397,0.7294661374128335,0.09326052298645936,-0.46378110666137656,1.0,0.0,1.0,1.0,0.0,1.0,1.0,1.0,1.0,1.0,0
1.2155733791482086,-0.92391971012759,-0.19555624460065404,-1.071220891501597,-0.15753782006998962,1.0,0.0,1.0,1.0,0.0,1.0,1.0,1.0,1.0,1.0,0
-0.6509838422509417,0.43781633914305884,-0.6467866748511357,-0.5721574281495728,-0.20128686101161633,1.0,0.0,1.0,1.0,0.0,1.0,1.0,1.0,1.0,1.0,0
0.16563494211118654,-0.6061812986311053,1.7672961269889416,-0.07309396479754869,-1.1637657617274038,1.0,0.0,1.0,1.0,0.0,1.0,1.0,1.0,1.0,1.0,0
-0.18434453690115418,-0.92391971012759,-0.714471239388708,-0.23944845258155673,-0.2887849428948697,1.0,0.0,1.0,1.0,0.0,1.0,1.0,1.0,1.0,1.0,0
-1.584262452950517,0.029295524361864195,-0.060187115525509524,-1.4871071109616172,0.8049410806457978,0.0,1.0,1.0,1.0,0.0,1.0,1.0,1.0,1.0,1.0,0
-0.18434453690115418,0.27894713339481647,-0.6467866748511357,0.5091467424464795,-0.7700243932527635,0.0,1.0,1.0,1.0,0.0,1.0,1.0,1.0,1.0,1.0,0
2.032192163510337,0.5285987424277687,1.2483811322008875,1.6736281569345357,-0.15753782006998962,1.0,0.0,1.0,1.0,0.0,1.0,1.0,1.0,1.0,1.0,0
0.28229476844863344,-0.37922529041933045,-1.5041244923270511,-0.07309396479754869,0.017458343696517182,1.0,0.0,1.0,1.0,0.0,1.0,1.0,1.0,1.0,1.0,0
0.28229476844863344,0.30164273421599397,1.135573524638267,2.838109571422592,-0.15753782006998962,1.0,0.0,1.0,1.0,0.0,1.0,1.0,1.0,1.0,1.0,1
0.16563494211118654,-0.5607900969887503,-0.0827486370380336,0.34279225466247143,-0.2887849428948697,1.0,0.0,1.0,1.0,0.0,1.0,1.0,1.0,1.0,1.0,0
-0.8843034949258356,-1.1054845166970098,-1.0528940620765692,-0.32262569647356076,0.1487054665213973,1.0,0.0,1.0,1.0,0.0,1.0,1.0,1.0,1.0,1.0,0
-0.18434453690115418,-0.24305168549226558,1.0002043955631226,0.6755012302304875,-0.07003973818673623,1.0,0.0,1.0,1.0,0.0,1.0,1.0,1.0,1.0,1.0,0
-1.4676026266130702,-1.3778317265511395,-1.0528940620765692,1.0913874496905076,0.2362035484046507,1.0,0.0,1.0,1.0,0.0,1.0,1.0,1.0,1.0,1.0,0
-1.4676026266130702,-0.5380944961675728,-0.714471239388708,-0.07309396479754869,1.373678612886945,1.0,0.0,1.0,1.0,0.0,1.0,1.0,1.0,1.0,1.0,0
0.8655939001358679,0.6420767465336562,2.91793372412767,0.7586784741224916,-0.37628302477812314,1.0,0.0,1.0,1.0,0.0,1.0,1.0,1.0,1.0,1.0,0
-0.3010043632386011,-0.016095677280490765,-0.5114175457759913,-0.4889801842575688,-0.20128686101161633,0.0,1.0,1.0,1.0,0.0,1.0,1.0,1.0,1.0,1.0,0
0.04897511577373963,-0.83313730684288,-0.3760484167008467,0.2596150107704674,0.06120738463814389,0.0,1.0,1.0,1.0,0.0,1.0,1.0,1.0,1.0,1.0,1
0.28229476844863344,0.21086033093128403,1.4288733043010802,0.8418557180144955,-0.37628302477812314,1.0,0.0,1.0,1.0,0.0,1.0,1.0,1.0,1.0,1.0,0
1.6822126844979963,1.9811171949831274,-0.962647976026473,-0.6553346720415768,0.3237016302879041,1.0,0.0,1.0,1.0,0.0,1.0,1.0,1.0,1.0,1.0,1
1.798872510835443,-0.5607900969887503,2.42158025085214,0.9250329619064996,0.7174429987625445,1.0,0.0,1.0,1.0,0.0,1.0,1.0,1.0,1.0,1.0,0
0.6322742474609742,1.9811171949831274,-0.8724018899763767,-1.320752623177609,0.1487054665213973,0.0,1.0,1.0,1.0,0.0,1.0,1.0,1.0,1.0,1.0,0
-0.8843034949258356,-0.5153988953463954,0.12030505657468317,-0.32262569647356076,-0.15753782006998962,0.0,1.0,1.0,1.0,0.0,1.0,1.0,1.0,1.0,1.0,0
-0.18434453690115418,-0.878528508485235,-0.33092537367579855,0.17643776687846338,-0.07003973818673623,0.0,1.0,1.0,1.0,0.0,1.0,1.0,1.0,1.0,1.0,0
-0.41766418957604795,-0.6515725002734603,0.9550813525380744,-1.4871071109616172,-0.33253398383649646,0.0,1.0,1.0,1.0,0.0,1.0,1.0,1.0,1.0,1.0,0
0.28229476844863344,0.18816473011010657,-0.714471239388708,-0.4889801842575688,-0.15753782006998962,0.0,1.0,1.0,1.0,0.0,1.0,1.0,1.0,1.0,1.0,1
-1.1176231476007294,-0.1976604838499106,-1.0077710190515212,-0.07309396479754869,-0.24503590195324304,0.0,1.0,1.0,1.0,0.0,1.0,1.0,1.0,1.0,1.0,0
0.16563494211118654,0.9825107588513183,-0.9400864545139489,-0.07309396479754869,-0.2887849428948697,1.0,0.0,1.0,1.0,0.0,1.0,1.0,1.0,1.0,1.0,0
0.3989545947860803,-0.24305168549226558,-0.3760484167008467,-0.07309396479754869,-0.33253398383649646,0.0,1.0,1.0,1.0,0.0,1.0,1.0,1.0,1.0,1.0,0
0.5156144211235272,0.029295524361864195,1.383750261276032,1.1745646935825116,0.5424468349960376,0.0,1.0,1.0,1.0,0.0,1.0,1.0,1.0,1.0,1.0,0
0.9822537264733149,0.18816473011010657,-1.1205786266141415,-1.071220891501597,-0.5950282294862567,0.0,1.0,1.0,1.0,0.0,1.0,1.0,1.0,1.0,1.0,0
-0.6509838422509417,-1.3778317265511395,-0.5114175457759913,1.0082102057985036,-0.07003973818673623,1.0,0.0,1.0,1.0,0.0,1.0,1.0,1.0,1.0,1.0,0
-0.7676436685883887,-0.6515725002734603,-0.17299472308812996,0.17643776687846338,0.936188203470678,1.0,0.0,1.0,1.0,0.0,1.0,1.0,1.0,1.0,1.0,0
1.6822126844979963,-0.2657472863134431,1.5416809118637007,-0.7385119159335809,-0.68252631136951,1.0,0.0,1.0,1.0,0.0,1.0,1.0,1.0,1.0,1.0,1
-1.584262452950517,-1.400527327372317,-0.7595942824137561,-0.904866403717589,-0.33253398383649646,0.0,1.0,1.0,1.0,0.0,1.0,1.0,1.0,1.0,1.0,0
-0.5343240159134949,-0.22035608467108808,-0.5791021103135635,-0.32262569647356076,-0.5950282294862567,1.0,0.0,1.0,1.0,0.0,1.0,1.0,1.0,1.0,1.0,1
0.6322742474609742,0.5285987424277687,2.0154728636267065,0.7586784741224916,-0.15753782006998962,1.0,0.0,1.0,1.0,0.0,1.0,1.0,1.0,1.0,1.0,0
-0.18434453690115418,-0.24305168549226558,-0.4888560242634672,0.010083279094455335,-0.24503590195324304,0.0,1.0,1.0,1.0,0.0,1.0,1.0,1.0,1.0,1.0,0
-1.2342829739381762,-0.6515725002734603,1.8349806915265137,-0.904866403717589,-0.5075301476030033,0.0,1.0,1.0,1.0,0.0,1.0,1.0,1.0,1.0,1.0,0
-0.18434453690115418,-0.016095677280490765,1.406311782788556,-0.07309396479754869,-0.5075301476030033,1.0,0.0,1.0,1.0,0.0,1.0,1.0,1.0,1.0,1.0,0
0.8655939001358679,-0.17496488302873314,0.030058970524586823,0.34279225466247143,0.3237016302879041,0.0,1.0,1.0,1.0,0.0,1.0,1.0,1.0,1.0,1.0,0
1.6822126844979963,-0.061486878922845725,0.7971507019504057,-0.4889801842575688,-0.07003973818673623,1.0,0.0,1.0,1.0,0.0,1.0,1.0,1.0,1.0,1.0,0
-0.7676436685883887,-0.40192089124050795,-1.1657016696391898,-0.4889801842575688,-0.15753782006998962,1.0,0.0,1.0,1.0,0.0,1.0,1.0,1.0,1.0,1.0,0
0.9822537264733149,1.436422775274868,0.12030505657468317,0.010083279094455335,1.067435326295558,0.0,1.0,1.0,1.0,0.0,1.0,1.0,1.0,1.0,1.0,0
-1.2342829739381762,-0.2657472863134431,-0.8949634114889007,-1.7366388426376291,-0.8137734341943902,1.0,0.0,1.0,1.0,0.0,1.0,1.0,1.0,1.0,1.0,0
1.6822126844979963,0.3470339358583489,-0.714471239388708,-1.4871071109616172,-0.15753782006998962,0.0,1.0,1.0,1.0,0.0,1.0,1.0,1.0,1.0,1.0,0
0.9822537264733149,-0.2884428871346205,0.075182013549635,-0.07309396479754869,-0.8137734341943902,1.0,0.0,1.0,1.0,0.0,1.0,1.0,1.0,1.0,1.0,0
0.3989545947860803,-1.1054845166970098,-0.3760484167008467,-1.6534615987456251,-0.15753782006998962,1.0,0.0,1.0,1.0,0.0,1.0,1.0,1.0,1.0,1.0,0
-1.584262452950517,-1.3324405249087847,0.45872787926254444,0.34279225466247143,-0.7262753523111368,1.0,0.0,1.0,1.0,0.0,1.0,1.0,1.0,1.0,1.0,0
0.9822537264733149,-0.5607900969887503,-0.9175249330014248,-0.07309396479754869,-0.37628302477812314,0.0,1.0,1.0,1.0,0.0,1.0,1.0,1.0,1.0,1.0,0
-1.4676026266130702,-0.3338340887769755,-1.3687553632519065,-0.32262569647356076,-0.7262753523111368,0.0,1.0,1.0,1.0,0.0,1.0,1.0,1.0,1.0,1.0,0
-1.0009633212632825,-0.5607900969887503,-0.714471239388708,0.8418557180144955,-0.7700243932527635,1.0,0.0,1.0,1.0,0.0,1.0,1.0,1.0,1.0,1.0,0
-1.700922279287964,-0.1976604838499106,-0.3083638521632745,0.34279225466247143,-0.6387772704278833,0.0,1.0,1.0,1.0,0.0,1.0,1.0,1.0,1.0,1.0,0
2.032192163510337,0.6647723473548336,1.4739963473261284,0.34279225466247143,0.2362035484046507,1.0,0.0,1.0,1.0,0.0,1.0,1.0,1.0,1.0,1.0,1
-0.8843034949258356,0.30164273421599397,0.6617815728752613,-0.07309396479754869,-0.15753782006998962,0.0,1.0,1.0,1.0,0.0,1.0,1.0,1.0,1.0,1.0,0
-0.18434453690115418,0.07468672600421916,0.7520276589253576,-0.07309396479754869,-0.20128686101161633,1.0,0.0,1.0,1.0,0.0,1.0,1.0,1.0,1.0,1.0,0
0.04897511577373963,1.0732931621360282,1.383750261276032,-0.07309396479754869,0.8049410806457978,1.0,0.0,1.0,1.0,0.0,1.0,1.0,1.0,1.0,1.0,0
-0.41766418957604795,0.21086033093128403,0.864835266487978,2.838109571422592,0.2799525893462774,0.0,1.0,1.0,1.0,0.0,1.0,1.0,1.0,1.0,1.0,0
0.04897511577373963,0.029295524361864195,-0.15043320157560586,-0.32262569647356076,-0.5075301476030033,0.0,1.0,1.0,1.0,0.0,1.0,1.0,1.0,1.0,1.0,0
2.032192163510337,0.12007792764657411,0.5489739653126408,-0.32262569647356076,0.49869779405441095,1.0,0.0,1.0,1.0,0.0,1.0,1.0,1.0,1.0,1.0,0
1.3322332054856556,-0.6515725002734603,1.654488519426321,1.1745646935825116,-0.5075301476030033,1.0,0.0,1.0,1.0,0.0,1.0,1.0,1.0,1.0,1.0,0
-0.5343240159134949,-1.2870493232664297,-0.4888560242634672,-0.4889801842575688,-0.11378877912836292,0.0,1.0,1.0,1.0,0.0,1.0,1.0,1.0,1.0,1.0,0
-1.2342829739381762,-0.37922529041933045,-0.6919097178761839,-0.5721574281495728,-0.07003973818673623,0.0,1.0,1.0,1.0,0.0,1.0,1.0,1.0,1.0,1.0,0
1.2155733791482086,0.43781633914305884,0.48128940077506854,0.5091467424464795,2.7736479230189994,1.0,0.0,1.0,0.0,1.0,1.0,1.0,1.0,1.0,1.0,0
1.6822126844979963,0.6874679481760111,0.4136048362374963,1.5904509130425317,0.10495642557977058,1.0,0.0,1.0,1.0,0.0,1.0,1.0,1.0,1.0,1.0,0
1.6822126844979963,-0.83313730684288,-1.1657016696391898,-0.07309396479754869,0.6736939578209178,0.0,1.0,1.0,1.0,0.0,1.0,1.0,1.0,1.0,1.0,0
0.748934073798421,0.43781633914305884,1.654488519426321,0.5923239863384835,-0.7262753523111368,1.0,0.0,1.0,1.0,0.0,1.0,1.0,1.0,1.0,1.0,0
-1.3509428002756232,-0.5834856978099278,-0.3760484167008467,-0.4889801842575688,0.1487054665213973,0.0,1.0,1.0,1.0,0.0,1.0,1.0,1.0,1.0,1.0,0
-0.18434453690115418,-0.878528508485235,-0.4211714597258949,-1.154398135393601,-0.37628302477812314,0.0,1.0,1.0,1.0,0.0,1.0,1.0,1.0,1.0,1.0,0
-0.41766418957604795,-0.9012241093064125,-0.6242251533386117,-0.07309396479754869,-0.15753782006998962,0.0,1.0,1.0,1.0,0.0,1.0,1.0,1.0,1.0,1.0,0
-0.18434453690115418,2.7300720220819845,-0.2858023306507504,-0.7385119159335809,0.1487054665213973,1.0,0.0,1.0,1.0,0.0,1.0,1.0,1.0,1.0,1.0,1
-0.18434453690115418,-0.1976604838499106,-0.4888560242634672,1.0913874496905076,0.1487054665213973,1.0,0.0,1.0,1.0,0.0,1.0,1.0,1.0,1.0,1.0,0
-0.8843034949258356,-0.22035608467108808,-0.19555624460065404,-0.07309396479754869,-0.15753782006998962,1.0,0.0,1.0,1.0,0.0,1.0,1.0,1.0,1.0,1.0,0
0.748934073798421,1.527205178559578,0.3910433147249722,-0.07309396479754869,0.06120738463814389,0.0,1.0,1.0,1.0,0.0,1.0,1.0,1.0,1.0,1.0,0
-1.2342829739381762,-0.5607900969887503,1.0904504816132188,1.5904509130425317,-0.11378877912836292,0.0,1.0,1.0,1.0,0.0,1.0,1.0,1.0,1.0,1.0,0
-0.7676436685883887,-0.5607900969887503,0.5038509222875927,0.8418557180144955,-0.46378110666137656,1.0,0.0,1.0,1.0,0.0,1.0,1.0,1.0,1.0,1.0,0
-0.5343240159134949,0.07468672600421916,1.3611887397635078,1.3409191813665198,-0.33253398383649646,1.0,0.0,1.0,1.0,0.0,1.0,1.0,1.0,1.0,1.0,0
-0.7676436685883887,-0.878528508485235,-0.5339790672885153,2.006337132502552,-0.37628302477812314,1.0,0.0,1.0,1.0,0.0,1.0,1.0,1.0,1.0,1.0,0
1.0989135528107616,0.5739899440701237,-0.8047173254388044,-0.904866403717589,0.3237016302879041,1.0,0.0,1.0,1.0,0.0,1.0,1.0,1.0,1.0,1.0,0
-0.3010043632386011,2.843550026187872,0.48128940077506854,0.8418557180144955,-0.15753782006998962,1.0,0.0,1.0,0.0,1.0,1.0,1.0,1.0,1.0,1.0,1
-0.8843034949258356,0.256251532573639,-1.233386234176762,1.1745646935825116,-0.33253398383649646,1.0,0.0,1.0,1.0,0.0,1.0,1.0,1.0,1.0,1.0,0
0.28229476844863344,0.7101635489971886,0.9550813525380744,0.8418557180144955,0.1487054665213973,1.0,0.0,1.0,1.0,0.0,1.0,1.0,1.0,1.0,1.0,0
0.28229476844863344,2.389638009764322,-0.6016636318260876,-0.4889801842575688,0.06120738463814389,1.0,0.0,1.0,1.0,0.0,1.0,1.0,1.0,1.0,1.0,0
0.748934073798421,0.18816473011010657,1.4965578688386525,1.4240964252585238,1.067435326295558,0.0,1.0,1.0,1.0,0.0,1.0,1.0,1.0,1.0,1.0,0
0.5156144211235272,0.029295524361864195,-0.2632408091382263,0.34279225466247143,-0.7262753523111368,0.0,1.0,1.0,1.0,0.0,1.0,1.0,1.0,1.0,1.0,0
-0.6509838422509417,-1.1508757183393648,-1.5041244923270511,-1.071220891501597,-0.15753782006998962,1.0,0.0,1.0,1.0,0.0,1.0,1.0,1.0,1.0,1.0,0
0.04897511577373963,0.8917283555666085,-0.01506407250046135,3.6698820103426324,-0.6387772704278833,1.0,0.0,1.0,1.0,0.0,1.0,1.0,1.0,1.0,1.0,1
0.16563494211118654,-1.5593965331205595,-0.060187115525509524,0.2596150107704674,-0.15753782006998962,1.0,0.0,1.0,1.0,0.0,1.0,1.0,1.0,1.0,1.0,1
0.9822537264733149,0.8009459522818986,0.30079722867487585,-0.07309396479754869,-0.7262753523111368,0.0,1.0,1.0,1.0,0.0,1.0,1.0,1.0,1.0,1.0,0
1.2155733791482086,1.0279019604936734,-0.2406792876257022,0.34279225466247143,0.2362035484046507,0.0,1.0,1.0,1.0,0.0,1.0,1.0,1.0,1.0,1.0,0
0.04897511577373963,-0.15226928220755565,-0.5114175457759913,0.34279225466247143,-0.2887849428948697,1.0,0.0,1.0,1.0,0.0,1.0,1.0,1.0,1.0,1.0,0
-1.1176231476007294,-0.6061812986311053,-0.6467866748511357,-0.07309396479754869,-0.68252631136951,0.0,1.0,1.0,1.0,0.0,1.0,1.0,1.0,1.0,1.0,0
-1.0009633212632825,0.029295524361864195,0.345920271699924,0.5923239863384835,-0.7700243932527635,1.0,0.0,1.0,1.0,0.0,1.0,1.0,1.0,1.0,1.0,0
0.5156144211235272,1.8449435900560627,0.5264124438001168,-0.23944845258155673,0.2362035484046507,1.0,0.0,1.0,1.0,0.0,1.0,1.0,1.0,1.0,1.0,0
0.748934073798421,-0.17496488302873314,0.14286657808720726,0.34279225466247143,0.3237016302879041,0.0,1.0,1.0,1.0,0.0,1.0,1.0,1.0,1.0,1.0,0
0.6322742474609742,0.07468672600421916,-0.8498403684638526,3.6698820103426324,-0.15753782006998962,0.0,1.0,1.0,1.0,0.0,1.0,1.0,1.0,1.0,1.0,0
0.16563494211118654,0.18816473011010657,2.602072422952333,-0.23944845258155673,-0.6387772704278833,1.0,0.0,1.0,1.0,0.0,1.0,1.0,1.0,1.0,1.0,0
1.6822126844979963,-0.24305168549226558,0.9776428740505985,-1.6534615987456251,-0.15753782006998962,1.0,0.0,1.0,1.0,0.0,1.0,1.0,1.0,1.0,1.0,1
-1.3509428002756232,-0.6515725002734603,0.6617815728752613,0.7586784741224916,-0.15753782006998962,1.0,0.0,1.0,1.0,0.0,1.0,1.0,1.0,1.0,1.0,0
-0.18434453690115418,-1.2416581216240747,0.9776428740505985,0.7586784741224916,-0.11378877912836292,1.0,0.0,1.0,1.0,0.0,1.0,1.0,1.0,1.0,1.0,0
0.748934073798421,-0.5607900969887503,1.5642424333762246,0.5091467424464795,0.10495642557977058,1.0,0.0,1.0,1.0,0.0,1.0,1.0,1.0,1.0,1.0,0
-1.700922279287964,-1.2416581216240747,-2.2937777452653942,-0.4889801842575688,-0.24503590195324304,1.0,0.0,1.0,1.0,0.0,1.0,1.0,1.0,1.0,1.0,0
-1.4676026266130702,-1.6274833355840919,-1.6394936214021956,-0.6553346720415768,-0.6387772704278833,1.0,0.0,1.0,1.0,0.0,1.0,1.0,1.0,1.0,1.0,0
0.3989545947860803,0.6193811457124787,1.654488519426321,-0.07309396479754869,-0.4200320657197499,1.0,0.0,1.0,1.0,0.0,1.0,1.0,1.0,1.0,1.0,1
-1.3509428002756232,0.43781633914305884,-1.3913168847644306,0.5091467424464795,-0.37628302477812314,1.0,0.0,1.0,1.0,0.0,1.0,1.0,1.0,1.0,1.0,0
-1.1176231476007294,-1.0827889158758324,-0.0827486370380336,-1.320752623177609,-0.37628302477812314,1.0,0.0,1.0,1.0,0.0,1.0,1.0,1.0,1.0,1.0,0
-0.5343240159134949,-0.6742681010946378,-0.8272788469513285,0.09326052298645936,-0.37628302477812314,1.0,0.0,1.0,1.0,0.0,1.0,1.0,1.0,1.0,1.0,0
-1.0009633212632825,-1.7863525413323342,-0.19555624460065404,-2.1525250620976495,0.1487054665213973,1.0,0.0,1.0,1.0,0.0,1.0,1.0,1.0,1.0,1.0,0
-1.1176231476007294,-0.4700076937040404,-0.5791021103135635,-0.07309396479754869,0.4111997121711575,0.0,1.0,1.0,1.0,0.0,1.0,1.0,1.0,1.0,1.0,0
0.8655939001358679,0.3924251375007039,-0.5339790672885153,-1.320752623177609,-0.20128686101161633,0.0,1.0,1.0,1.0,0.0,1.0,1.0,1.0,1.0,1.0,1
1.798872510835443,0.6193811457124787,1.158135046150791,0.34279225466247143,-0.33253398383649646,1.0,0.0,1.0,1.0,0.0,1.0,1.0,1.0,1.0,1.0,0
1.2155733791482086,0.6193811457124787,-1.5041244923270511,-0.6553346720415768,-0.02629069724510952,1.0,0.0,1.0,1.0,0.0,1.0,1.0,1.0,1.0,1.0,1
-1.4676026266130702,-0.24305168549226558,-1.0754555835890933,1.0082102057985036,0.10495642557977058,0.0,1.0,1.0,1.0,0.0,1.0,1.0,1.0,1.0,1.0,0
1.91553233717289,3.9783300672467456,-0.5565405888010394,2.838109571422592,0.5861958759376643,1.0,0.0,1.0,1.0,0.0,1.0,1.0,1.0,1.0,1.0,0
-0.41766418957604795,-1.0147021134123,-0.9852094975389971,-0.6553346720415768,-0.7262753523111368,1.0,0.0,1.0,1.0,0.0,1.0,1.0,1.0,1.0,1.0,0
1.3322332054856556,-1.0827889158758324,-0.9852094975389971,-1.320752623177609,-0.15753782006998962,0.0,1.0,1.0,1.0,0.0,1.0,1.0,1.0,1.0,1.0,0
0.28229476844863344,0.029295524361864195,2.4667032938771882,-0.904866403717589,1.9424161451280921,0.0,1.0,1.0,1.0,0.0,1.0,1.0,1.0,1.0,1.0,1
0.6322742474609742,2.04920399744666,1.631926997913797,-1.071220891501597,-0.37628302477812314,1.0,0.0,1.0,1.0,0.0,1.0,1.0,1.0,1.0,1.0,0
-0.5343240159134949,-0.016095677280490765,-1.0077710190515212,-0.6553346720415768,1.3299295719453184,1.0,0.0,1.0,1.0,0.0,1.0,1.0,1.0,1.0,1.0,0
-0.8843034949258356,-0.6515725002734603,0.09774353506215908,-0.6553346720415768,-0.33253398383649646,0.0,1.0,1.0,1.0,0.0,1.0,1.0,1.0,1.0,1.0,1
0.16563494211118654,0.029295524361864195,0.7971507019504057,-0.32262569647356076,-0.15753782006998962,1.0,0.0,1.0,1.0,0.0,1.0,1.0,1.0,1.0,1.0,0
1.6822126844979963,2.0265083966254824,-0.15043320157560586,1.1745646935825116,1.373678612886945,1.0,0.0,1.0,1.0,0.0,1.0,1.0,1.0,1.0,1.0,0
0.16563494211118654,-1.3778317265511395,0.5715354868251649,0.34279225466247143,-0.68252631136951,1.0,0.0,1.0,1.0,0.0,1.0,1.0,1.0,1.0,1.0,0
0.04897511577373963,0.46051193996423634,0.7520276589253576,-0.32262569647356076,-0.2887849428948697,1.0,0.0,1.0,1.0,0.0,1.0,1.0,1.0,1.0,1.0,0
-0.3010043632386011,-0.22035608467108808,-0.060187115525509524,0.7586784741224916,0.3237016302879041,1.0,0.0,1.0,1.0,0.0,1.0,1.0,1.0,1.0,1.0,0
0.3989545947860803,-0.6969637019158151,1.4965578688386525,2.671755083638584,0.1487054665213973,1.0,0.0,1.0,1.0,0.0,1.0,1.0,1.0,1.0,1.0,0
-1.0009633212632825,-1.0147021134123,-0.443732981238419,2.006337132502552,0.5861958759376643,0.0,1.0,1.0,1.0,0.0,1.0,1.0,1.0,1.0,1.0,0
-1.1176231476007294,-0.3338340887769755,1.5191193903511766,0.34279225466247143,0.10495642557977058,0.0,1.0,1.0,1.0,0.0,1.0,1.0,1.0,1.0,1.0,0
0.16563494211118654,-0.83313730684288,-0.060187115525509524,-0.32262569647356076,0.10495642557977058,1.0,0.0,1.0,1.0,0.0,1.0,1.0,1.0,1.0,1.0,0
1.5655528581605493,-0.37922529041933045,-0.6016636318260876,-0.7385119159335809,-0.15753782006998962,0.0,1.0,1.0,1.0,0.0,1.0,1.0,1.0,1.0,1.0,0
0.28229476844863344,1.2548579687054482,-1.3236323202268583,-0.07309396479754869,6.273571198349137,0.0,1.0,1.0,0.0,1.0,1.0,1.0,1.0,1.0,1.0,0
0.28229476844863344,-0.061486878922845725,-0.2632408091382263,-0.904866403717589,-0.20128686101161633,0.0,1.0,1.0,1.0,0.0,1.0,1.0,1.0,1.0,1.0,1
-1.1176231476007294,0.7555547506395436,2.3313341648020436,2.838109571422592,0.7611920397041712,1.0,0.0,1.0,1.0,0.0,1.0,1.0,1.0,1.0,1.0,0
-1.1176231476007294,-0.7877461052005251,0.9776428740505985,-1.154398135393601,0.10495642557977058,1.0,0.0,1.0,1.0,0.0,1.0,1.0,1.0,1.0,1.0,0
-1.0009633212632825,0.6193811457124787,0.18798962111225542,0.34279225466247143,-0.4200320657197499,0.0,1.0,1.0,1.0,0.0,1.0,1.0,1.0,1.0,1.0,0
0.3989545947860803,2.435029211406677,0.48128940077506854,0.34279225466247143,-0.5075301476030033,1.0,0.0,1.0,1.0,0.0,1.0,1.0,1.0,1.0,1.0,0
-1.584262452950517,-0.969310911769945,-1.2785092772018103,-0.4058029403655648,-0.07003973818673623,0.0,1.0,1.0,1.0,0.0,1.0,1.0,1.0,1.0,1.0,0
0.5156144211235272,0.3924251375007039,-0.6919097178761839,-0.07309396479754869,1.6799218994783318,0.0,1.0,1.0,1.0,0.0,1.0,1.0,1.0,1.0,1.0,0
1.4488930318231024,0.27894713339481647,3.0758643747153385,0.34279225466247143,-0.6387772704278833,0.0,1.0,1.0,1.0,0.0,1.0,1.0,1.0,1.0,1.0,0
-0.41766418957604795,0.5285987424277687,-0.8949634114889007,-0.32262569647356076,-0.9450205570192703,1.0,0.0,1.0,1.0,0.0,1.0,1.0,1.0,1.0,1.0,0
-1.3509428002756232,-0.6061812986311053,-0.8724018899763767,-0.6553346720415768,-0.5075301476030033,0.0,1.0,1.0,1.0,0.0,1.0,1.0,1.0,1.0,1.0,0
-0.5343240159134949,-0.7423549035581701,0.9776428740505985,1.9231598886105479,0.4549487531127842,1.0,0.0,1.0,1.0,0.0,1.0,1.0,1.0,1.0,1.0,0
-1.2342829739381762,-1.2416581216240747,-0.060187115525509524,1.1745646935825116,-0.15753782006998962,1.0,0.0,1.0,1.0,0.0,1.0,1.0,1.0,1.0,1.0,0
2.032192163510337,0.3470339358583489,0.5264124438001168,-1.7366388426376291,-0.7262753523111368,1.0,0.0,1.0,1.0,0.0,1.0,1.0,1.0,1.0,1.0,0
0.6322742474609742,0.5739899440701237,0.075182013549635,-0.32262569647356076,-0.15753782006998962,1.0,0.0,1.0,1.0,0.0,1.0,1.0,1.0,1.0,1.0,0
-1.2342829739381762,-0.4700076937040404,1.9929113421141824,-1.4871071109616172,0.49869779405441095,0.0,1.0,1.0,1.0,0.0,1.0,1.0,1.0,1.0,1.0,0
-1.1176231476007294,-1.0147021134123,0.16542809959973134,1.0082102057985036,-0.6387772704278833,1.0,0.0,1.0,1.0,0.0,1.0,1.0,1.0,1.0,1.0,0
-0.8843034949258356,-0.22035608467108808,-0.2858023306507504,0.2596150107704674,-0.2887849428948697,0.0,1.0,1.0,1.0,0.0,1.0,1.0,1.0,1.0,1.0,0
-1.0009633212632825,-0.83313730684288,-0.2858023306507504,-0.8216891598255849,1.1111843672371848,0.0,1.0,1.0,1.0,0.0,1.0,1.0,1.0,1.0,1.0,0
1.0989135528107616,1.391031573632513,1.4288733043010802,-1.9029933304216373,0.5861958759376643,0.0,1.0,1.0,1.0,0.0,1.0,1.0,1.0,1.0,1.0,1
-0.6509838422509417,-0.83313730684288,0.8197122234629298,-0.4889801842575688,-0.7262753523111368,0.0,1.0,1.0,1.0,0.0,1.0,1.0,1.0,1.0,1.0,0
2.032192163510337,0.5739899440701237,1.135573524638267,0.34279225466247143,-0.20128686101161633,0.0,1.0,1.0,1.0,0.0,1.0,1.0,1.0,1.0,1.0,0
-1.3509428002756232,-0.969310911769945,-1.2785092772018103,-0.8216891598255849,-0.2887849428948697,0.0,1.0,1.0,1.0,0.0,1.0,1.0,1.0,1.0,1.0,0
-0.41766418957604795,-0.6515725002734603,0.3684817932124481,2.006337132502552,-0.5075301476030033,1.0,0.0,1.0,1.0,0.0,1.0,1.0,1.0,1.0,1.0,0
-0.41766418957604795,-1.1054845166970098,-1.6169320998896715,0.34279225466247143,-0.4200320657197499,1.0,0.0,1.0,1.0,0.0,1.0,1.0,1.0,1.0,1.0,0
-0.18434453690115418,-0.22035608467108808,0.18798962111225542,-0.07309396479754869,-0.5075301476030033,0.0,1.0,1.0,1.0,0.0,1.0,1.0,1.0,1.0,1.0,0
1.6822126844979963,-1.7409613396899792,-1.1657016696391898,-0.4889801842575688,-0.5950282294862567,0.0,1.0,1.0,1.0,0.0,1.0,1.0,1.0,1.0,1.0,0
-0.3010043632386011,-0.5607900969887503,-0.060187115525509524,0.5091467424464795,-0.15753782006998962,1.0,0.0,1.0,1.0,0.0,1.0,1.0,1.0,1.0,1.0,0
-1.584262452950517,-1.3778317265511395,-0.5565405888010394,-1.7366388426376291,-0.46378110666137656,1.0,0.0,1.0,1.0,0.0,1.0,1.0,1.0,1.0,1.0,0
1.6822126844979963,1.0732931621360282,-1.0754555835890933,-0.8216891598255849,0.8049410806457978,0.0,1.0,1.0,1.0,0.0,1.0,1.0,1.0,1.0,1.0,0
-0.41766418957604795,-0.6515725002734603,-0.3986099382133708,-0.4889801842575688,0.3674506712295308,0.0,1.0,1.0,1.0,0.0,1.0,1.0,1.0,1.0,1.0,0
-0.5343240159134949,0.3470339358583489,0.7520276589253576,-0.07309396479754869,-0.07003973818673623,0.0,1.0,1.0,1.0,0.0,1.0,1.0,1.0,1.0,1.0,0
-1.4676026266130702,-0.15226928220755565,-1.77486275047734,-1.154398135393601,-0.6387772704278833,0.0,1.0,1.0,1.0,0.0,1.0,1.0,1.0,1.0,1.0,0
0.16563494211118654,-0.7877461052005251,-1.5943705783771474,-0.988043647609593,-0.6387772704278833,0.0,1.0,1.0,1.0,0.0,1.0,1.0,1.0,1.0,1.0,0
0.8655939001358679,-0.4700076937040404,-0.5791021103135635,-1.154398135393601,-1.0762676798441504,0.0,1.0,1.0,1.0,0.0,1.0,1.0,1.0,1.0,1.0,0
-0.8843034949258356,-0.7423549035581701,3.91064067067873,1.1745646935825116,0.06120738463814389,0.0,1.0,1.0,1.0,0.0,1.0,1.0,1.0,1.0,1.0,0
-0.18434453690115418,-0.6742681010946378,-0.060187115525509524,-0.07309396479754869,-0.5950282294862567,1.0,0.0,1.0,1.0,0.0,1.0,1.0,1.0,1.0,1.0,1
1.4488930318231024,0.5739899440701237,0.075182013549635,-1.071220891501597,-0.2887849428948697,1.0,0.0,1.0,1.0,0.0,1.0,1.0,1.0,1.0,1.0,0
1.0989135528107616,1.0505975613148508,0.075182013549635,-0.32262569647356076,1.504925735711825,1.0,0.0,1.0,1.0,0.0,1.0,1.0,1.0,1.0,1.0,1
-0.8843034949258356,-0.2884428871346205,-0.3986099382133708,0.34279225466247143,-0.7262753523111368,1.0,0.0,1.0,1.0,0.0,1.0,1.0,1.0,1.0,1.0,1
-0.8843034949258356,0.7555547506395436,-1.1882631911517139,0.34279225466247143,0.5424468349960376,0.0,1.0,1.0,1.0,0.0,1.0,1.0,1.0,1.0,1.0,0
-1.1176231476007294,-0.4246164920616854,-1.0980171051016174,-1.4871071109616172,-0.24503590195324304,1.0,0.0,1.0,1.0,0.0,1.0,1.0,1.0,1.0,1.0,0
-1.2342829739381762,-0.7877461052005251,-1.2559477556892862,-0.7385119159335809,-0.15753782006998962,0.0,1.0,1.0,1.0,0.0,1.0,1.0,1.0,1.0,1.0,0
-0.8843034949258356,-0.3338340887769755,-0.060187115525509524,-0.4889801842575688,-0.5075301476030033,0.0,1.0,1.0,1.0,0.0,1.0,1.0,1.0,1.0,1.0,0
-1.4676026266130702,-1.0147021134123,-0.443732981238419,2.838109571422592,0.10495642557977058,1.0,0.0,1.0,1.0,0.0,1.0,1.0,1.0,1.0,1.0,0
-0.3010043632386011,-0.2657472863134431,0.5264124438001168,1.1745646935825116,0.017458343696517182,1.0,0.0,1.0,1.0,0.0,1.0,1.0,1.0,1.0,1.0,0
0.16563494211118654,0.07468672600421916,2.737441552027477,-0.07309396479754869,0.2362035484046507,1.0,0.0,1.0,1.0,0.0,1.0,1.0,1.0,1.0,1.0,1
-0.5343240159134949,-0.016095677280490765,-1.0754555835890933,-0.07309396479754869,4.173617233151054,0.0,1.0,1.0,0.0,1.0,1.0,1.0,1.0,1.0,1.0,0
-1.2342829739381762,-1.0600933150546548,-1.1657016696391898,-1.071220891501597,0.49869779405441095,1.0,0.0,1.0,1.0,0.0,1.0,1.0,1.0,1.0,1.0,0
-0.6509838422509417,-0.9012241093064125,1.1130120031257429,0.7586784741224916,-0.24503590195324304,0.0,1.0,1.0,1.0,0.0,1.0,1.0,1.0,1.0,1.0,0
-1.1176231476007294,0.12007792764657411,-1.6394936214021956,-0.07309396479754869,0.1487054665213973,1.0,0.0,1.0,1.0,0.0,1.0,1.0,1.0,1.0,1.0,0
1.5655528581605493,0.7101635489971886,-0.6016636318260876,0.010083279094455335,0.2799525893462774,1.0,0.0,1.0,1.0,0.0,1.0,1.0,1.0,1.0,1.0,1
-0.5343240159134949,-1.1281801175181874,1.0904504816132188,-0.15627120868955272,-0.15753782006998962,1.0,0.0,1.0,1.0,0.0,1.0,1.0,1.0,1.0,1.0,0
0.748934073798421,-0.6061812986311053,2.42158025085214,0.34279225466247143,1.0236862853539315,1.0,0.0,1.0,1.0,0.0,1.0,1.0,1.0,1.0,1.0,0
0.6322742474609742,-0.061486878922845725,2.4667032938771882,-0.07309396479754869,-0.20128686101161633,1.0,0.0,1.0,1.0,0.0,1.0,1.0,1.0,1.0,1.0,0
-1.1176231476007294,-1.1281801175181874,-0.15043320157560586,-0.07309396479754869,-0.24503590195324304,1.0,0.0,1.0,1.0,0.0,1.0,1.0,1.0,1.0,1.0,0
-1.584262452950517,-0.9012241093064125,-0.15043320157560586,-1.071220891501597,-0.7262753523111368,1.0,0.0,1.0,1.0,0.0,1.0,1.0,1.0,1.0,1.0,0
0.16563494211118654,-0.311138487955798,2.2185265572394233,0.34279225466247143,-0.6387772704278833,0.0,1.0,1.0,1.0,0.0,1.0,1.0,1.0,1.0,1.0,0
0.9822537264733149,-0.5607900969887503,2.0154728636267065,-1.071220891501597,-0.5950282294862567,1.0,0.0,1.0,1.0,0.0,1.0,1.0,1.0,1.0,1.0,0
-0.18434453690115418,-0.83313730684288,-1.459001449302003,-1.320752623177609,-0.15753782006998962,1.0,0.0,1.0,1.0,0.0,1.0,1.0,1.0,1.0,1.0,0
0.04897511577373963,-1.0147021134123,0.6392200513627372,-0.5721574281495728,-0.5075301476030033,0.0,1.0,1.0,1.0,0.0,1.0,1.0,1.0,1.0,1.0,0
0.8655939001358679,-1.3778317265511395,0.6843430943877853,-1.320752623177609,-0.15753782006998962,1.0,0.0,1.0,1.0,0.0,1.0,1.0,1.0,1.0,1.0,0
-1.3509428002756232,-0.7877461052005251,-1.2785092772018103,-0.4889801842575688,-0.15753782006998962,1.0,0.0,1.0,1.0,0.0,1.0,1.0,1.0,1.0,1.0,0
-1.3509428002756232,-0.7877461052005251,-1.526686013839575,-0.904866403717589,-0.9450205570192703,1.0,0.0,1.0,1.0,0.0,1.0,1.0,1.0,1.0,1.0,0
0.28229476844863344,-0.3338340887769755,-0.3986099382133708,-0.23944845258155673,3.9986210693845474,0.0,1.0,1.0,0.0,1.0,1.0,1.0,1.0,1.0,1.0,1
-0.8843034949258356,-1.0373977142334774,-0.4211714597258949,-0.904866403717589,-0.46378110666137656,1.0,0.0,1.0,1.0,0.0,1.0,1.0,1.0,1.0,1.0,0
1.0989135528107616,0.006599923540686714,-0.6693481963636598,-0.904866403717589,-0.24503590195324304,0.0,1.0,1.0,1.0,0.0,1.0,1.0,1.0,1.0,1.0,1
-0.06768471056370727,-1.1054845166970098,-0.15043320157560586,-0.6553346720415768,0.017458343696517182,0.0,1.0,1.0,1.0,0.0,1.0,1.0,1.0,1.0,1.0,0
0.9822537264733149,0.12007792764657411,0.32335875018739996,1.0082102057985036,0.936188203470678,0.0,1.0,1.0,1.0,0.0,1.0,1.0,1.0,1.0,1.0,0
0.8655939001358679,-1.6501789364052692,-0.8949634114889007,-1.320752623177609,-0.20128686101161633,1.0,0.0,1.0,1.0,0.0,1.0,1.0,1.0,1.0,1.0,0
0.5156144211235272,-0.3338340887769755,0.12030505657468317,-0.4889801842575688,0.2362035484046507,1.0,0.0,1.0,1.0,0.0,1.0,1.0,1.0,1.0,1.0,0
1.6822126844979963,1.436422775274868,-0.1053101585505577,-0.6553346720415768,-0.37628302477812314,1.0,0.0,1.0,1.0,0.0,1.0,1.0,1.0,1.0,1.0,1
-0.18434453690115418,0.7555547506395436,1.2709426537134116,0.9250329619064996,-0.24503590195324304,0.0,1.0,1.0,1.0,0.0,1.0,1.0,1.0,1.0,1.0,1
-0.6509838422509417,-0.3338340887769755,-0.1053101585505577,-0.32262569647356076,-0.07003973818673623,0.0,1.0,1.0,1.0,0.0,1.0,1.0,1.0,1.0,1.0,0
-1.3509428002756232,-0.6288768994522828,0.16542809959973134,0.09326052298645936,-0.7262753523111368,0.0,1.0,1.0,1.0,0.0,1.0,1.0,1.0,1.0,1.0,1
-0.7676436685883887,0.6874679481760111,-1.3461938417393824,-0.988043647609593,0.3674506712295308,0.0,1.0,1.0,1.0,0.0,1.0,1.0,1.0,1.0,1.0,0
0.28229476844863344,0.6647723473548336,2.195965035726899,0.34279225466247143,-0.8137734341943902,1.0,0.0,1.0,0.0,1.0,1.0,1.0,1.0,1.0,1.0,0
0.04897511577373963,-0.4700076937040404,-0.060187115525509524,-0.988043647609593,-0.24503590195324304,0.0,1.0,1.0,1.0,0.0,1.0,1.0,1.0,1.0,1.0,0
0.3989545947860803,0.029295524361864195,-0.5339790672885153,-0.07309396479754869,-0.37628302477812314,1.0,0.0,1.0,1.0,0.0,1.0,1.0,1.0,1.0,1.0,0
-0.8843034949258356,-1.0147021134123,-0.12787168006308178,0.17643776687846338,-0.5075301476030033,1.0,0.0,1.0,1.0,0.0,1.0,1.0,1.0,1.0,1.0,0
1.6822126844979963,1.2548579687054482,1.6996115624513692,5.3334268881827125,0.5424468349960376,1.0,0.0,1.0,1.0,0.0,1.0,1.0,1.0,1.0,1.0,0
-1.1176231476007294,-1.2870493232664297,0.30079722867487585,1.1745646935825116,-0.15753782006998962,1.0,0.0,1.0,1.0,0.0,1.0,1.0,1.0,1.0,1.0,0
-0.5343240159134949,-1.1281801175181874,-0.7595942824137561,-0.07309396479754869,0.06120738463814389,0.0,1.0,1.0,1.0,0.0,1.0,1.0,1.0,1.0,1.0,0
-0.06768471056370727,1.7995523884137077,-0.9852094975389971,1.1745646935825116,-0.20128686101161633,0.0,1.0,1.0,1.0,0.0,1.0,1.0,1.0,1.0,1.0,1
0.5156144211235272,-0.4246164920616854,0.30079722867487585,-0.904866403717589,-0.46378110666137656,0.0,1.0,1.0,1.0,0.0,1.0,1.0,1.0,1.0,1.0,0
0.8655939001358679,-1.2870493232664297,-0.9852094975389971,-1.154398135393601,0.2362035484046507,0.0,1.0,1.0,1.0,0.0,1.0,1.0,1.0,1.0,1.0,1
0.8655939001358679,1.8903347916984177,0.3910433147249722,1.1745646935825116,-0.24503590195324304,1.0,0.0,1.0,1.0,0.0,1.0,1.0,1.0,1.0,1.0,0
-1.2342829739381762,-1.2416581216240747,-0.9400864545139489,0.34279225466247143,-0.7700243932527635,1.0,0.0,1.0,1.0,0.0,1.0,1.0,1.0,1.0,1.0,0
1.2155733791482086,-0.6061812986311053,0.18798962111225542,-0.4889801842575688,0.3237016302879041,0.0,1.0,1.0,1.0,0.0,1.0,1.0,1.0,1.0,1.0,0
1.5655528581605493,-0.08418247974402321,0.5264124438001168,-0.904866403717589,-0.4200320657197499,0.0,1.0,1.0,1.0,0.0,1.0,1.0,1.0,1.0,1.0,0
-1.0009633212632825,1.1186843637783832,0.7520276589253576,-0.07309396479754869,-0.2887849428948697,0.0,1.0,1.0,1.0,0.0,1.0,1.0,1.0,1.0,1.0,0
-0.06768471056370727,-0.24305168549226558,-1.5492475353520991,-1.071220891501597,0.1487054665213973,0.0,1.0,1.0,1.0,0.0,1.0,1.0,1.0,1.0,1.0,0
-1.3509428002756232,-1.4686141298358495,-0.9175249330014248,0.17643776687846338,-0.33253398383649646,1.0,0.0,1.0,1.0,0.0,1.0,1.0,1.0,1.0,1.0,0
-0.6509838422509417,0.4832075407854138,1.067888960100695,0.6755012302304875,0.2799525893462774,1.0,0.0,1.0,1.0,0.0,1.0,1.0,1.0,1.0,1.0,0
-0.06768471056370727,-0.37922529041933045,-0.19555624460065404,-0.15627120868955272,0.2799525893462774,1.0,0.0,1.0,1.0,0.0,1.0,1.0,1.0,1.0,1.0,0
1.0989135528107616,0.959815158030141,0.007497449012062735,-2.069347818205645,-0.15753782006998962,0.0,1.0,1.0,1.0,0.0,1.0,1.0,1.0,1.0,1.0,0
1.4488930318231024,-1.1054845166970098,1.4288733043010802,-1.320752623177609,-0.07003973818673623,0.0,1.0,1.0,1.0,0.0,1.0,1.0,1.0,1.0,1.0,0
1.2155733791482086,1.822247989234885,1.1130120031257429,-0.32262569647356076,-0.46378110666137656,1.0,0.0,1.0,1.0,0.0,1.0,1.0,1.0,1.0,1.0,1
0.6322742474609742,0.256251532573639,0.30079722867487585,1.5904509130425317,-0.15753782006998962,1.0,0.0,1.0,1.0,0.0,1.0,1.0,1.0,1.0,1.0,1
-0.06768471056370727,1.0279019604936734,0.864835266487978,-0.15627120868955272,0.1487054665213973,1.0,0.0,1.0,1.0,0.0,1.0,1.0,1.0,1.0,1.0,0
1.0989135528107616,-1.1054845166970098,-0.2406792876257022,-1.7366388426376291,0.192454507463024,1.0,0.0,1.0,1.0,0.0,1.0,1.0,1.0,1.0,1.0,0
-1.3509428002756232,-0.6969637019158151,0.7069046159003094,-0.32262569647356076,-0.15753782006998962,0.0,1.0,1.0,1.0,0.0,1.0,1.0,1.0,1.0,1.0,0
1.798872510835443,0.3470339358583489,0.6617815728752613,0.34279225466247143,-0.20128686101161633,0.0,1.0,1.0,1.0,0.0,1.0,1.0,1.0,1.0,1.0,1
-1.2342829739381762,-0.016095677280490765,-0.21811776611317812,-1.071220891501597,-0.33253398383649646,0.0,1.0,1.0,1.0,0.0,1.0,1.0,1.0,1.0,1.0,0
-0.06768471056370727,2.2988556064796124,-0.4888560242634672,0.7586784741224916,0.3674506712295308,0.0,1.0,1.0,1.0,0.0,1.0,1.0,1.0,1.0,1.0,1
-0.3010043632386011,-0.83313730684288,0.30079722867487585,0.34279225466247143,0.49869779405441095,1.0,0.0,1.0,1.0,0.0,1.0,1.0,1.0,1.0,1.0,0
0.28229476844863344,1.2094667670630932,-0.4888560242634672,-1.4871071109616172,1.8549180632448388,1.0,0.0,1.0,1.0,0.0,1.0,1.0,1.0,1.0,1.0,1
-1.4676026266130702,-0.24305168549226558,0.864835266487978,0.7586784741224916,0.49869779405441095,0.0,1.0,1.0,1.0,0.0,1.0,1.0,1.0,1.0,1.0,0
-1.3509428002756232,-1.4232229281934945,-0.5114175457759913,-0.07309396479754869,-0.20128686101161633,1.0,0.0,1.0,1.0,0.0,1.0,1.0,1.0,1.0,1.0,0
-1.3509428002756232,0.3470339358583489,-0.35348689518832266,1.5904509130425317,-0.5075301476030033,1.0,0.0,1.0,1.0,0.0,1.0,1.0,1.0,1.0,1.0,1
2.032192163510337,1.6633787834866427,0.18798962111225542,3.8362364981266404,1.7674199813615854,1.0,0.0,1.0,1.0,0.0,1.0,1.0,1.0,1.0,1.0,0
-1.4676026266130702,-1.2416581216240747,0.45872787926254444,-0.07309396479754869,-0.07003973818673623,0.0,1.0,1.0,1.0,0.0,1.0,1.0,1.0,1.0,1.0,0
0.6322742474609742,-0.7423549035581701,0.14286657808720726,1.5904509130425317,-0.4200320657197499,0.0,1.0,1.0,1.0,0.0,1.0,1.0,1.0,1.0,1.0,0
-0.06768471056370727,0.7555547506395436,-0.0827486370380336,-0.6553346720415768,-0.15753782006998962,1.0,0.0,1.0,1.0,0.0,1.0,1.0,1.0,1.0,1.0,0
-0.41766418957604795,-1.5593965331205595,0.16542809959973134,0.6755012302304875,0.5861958759376643,1.0,0.0,1.0,1.0,0.0,1.0,1.0,1.0,1.0,1.0,1
-1.584262452950517,-0.6515725002734603,-0.4888560242634672,1.6736281569345357,0.6736939578209178,0.0,1.0,1.0,1.0,0.0,1.0,1.0,1.0,1.0,1.0,0
1.4488930318231024,2.344246808121967,-0.12787168006308178,-0.4889801842575688,-0.2887849428948697,1.0,0.0,1.0,1.0,0.0,1.0,1.0,1.0,1.0,1.0,0
-1.1176231476007294,-0.9012241093064125,0.12030505657468317,-0.07309396479754869,-0.5075301476030033,1.0,0.0,1.0,1.0,0.0,1.0,1.0,1.0,1.0,1.0,0
0.5156144211235272,-1.4232229281934945,0.09774353506215908,-0.5721574281495728,-0.5075301476030033,0.0,1.0,1.0,1.0,0.0,1.0,1.0,1.0,1.0,1.0,0
1.0989135528107616,-0.9466153109487675,-0.6693481963636598,-1.7366388426376291,0.10495642557977058,0.0,1.0,1.0,1.0,0.0,1.0,1.0,1.0,1.0,1.0,0
-1.0009633212632825,0.8917283555666085,1.2483811322008875,-0.07309396479754869,1.3299295719453184,0.0,1.0,1.0,1.0,0.0,1.0,1.0,1.0,1.0,1.0,0
-1.3509428002756232,-0.10687808056520069,-1.5041244923270511,2.838109571422592,-0.2887849428948697,0.0,1.0,1.0,1.0,0.0,1.0,1.0,1.0,1.0,1.0,0
-0.41766418957604795,1.7087699851289977,1.7221730839638933,1.5904509130425317,-0.8575224751360169,1.0,0.0,1.0,1.0,0.0,1.0,1.0,1.0,1.0,1.0,0
0.28229476844863344,-0.22035608467108808,0.16542809959973134,-0.7385119159335809,1.5924238175950785,1.0,0.0,1.0,1.0,0.0,1.0,1.0,1.0,1.0,1.0,0
1.0989135528107616,-0.969310911769945,0.007497449012062735,-0.904866403717589,-0.4200320657197499,0.0,1.0,1.0,1.0,0.0,1.0,1.0,1.0,1.0,1.0,0
-1.0009633212632825,-0.878528508485235,-0.4888560242634672,-0.904866403717589,0.2362035484046507,0.0,1.0,1.0,1.0,0.0,1.0,1.0,1.0,1.0,1.0,0
1.4488930318231024,-0.12957368138637818,-1.5492475353520991,-0.904866403717589,-0.07003973818673623,0.0,1.0,1.0,1.0,0.0,1.0,1.0,1.0,1.0,1.0,0
1.3322332054856556,-0.9012241093064125,0.5264124438001168,-1.320752623177609,-0.33253398383649646,1.0,0.0,1.0,1.0,0.0,1.0,1.0,1.0,1.0,1.0,0
0.28229476844863344,-0.7423549035581701,0.14286657808720726,-0.5721574281495728,-0.5075301476030033,0.0,1.0,1.0,1.0,0.0,1.0,1.0,1.0,1.0,1.0,0
-0.3010043632386011,-0.5153988953463954,0.14286657808720726,0.6755012302304875,1.2424314900620648,1.0,0.0,1.0,1.0,0.0,1.0,1.0,1.0,1.0,1.0,0
-0.06768471056370727,-1.3778317265511395,-1.0754555835890933,-0.4889801842575688,-0.5075301476030033,1.0,0.0,1.0,1.0,0.0,1.0,1.0,1.0,1.0,1.0,0
1.4488930318231024,-0.10687808056520069,1.2483811322008875,-0.32262569647356076,-0.4200320657197499,0.0,1.0,1.0,1.0,0.0,1.0,1.0,1.0,1.0,1.0,0
0.04897511577373963,-0.22035608467108808,-0.1053101585505577,-0.07309396479754869,-0.11378877912836292,0.0,1.0,1.0,1.0,0.0,1.0,1.0,1.0,1.0,1.0,0
0.8655939001358679,0.3470339358583489,0.5715354868251649,2.671755083638584,-0.15753782006998962,1.0,0.0,1.0,1.0,0.0,1.0,1.0,1.0,1.0,1.0,1
-0.7676436685883887,-0.061486878922845725,0.6617815728752613,2.006337132502552,0.5424468349960376,1.0,0.0,1.0,1.0,0.0,1.0,1.0,1.0,1.0,1.0,0
-1.3509428002756232,-0.08418247974402321,0.14286657808720726,0.7586784741224916,-0.11378877912836292,0.0,1.0,1.0,1.0,0.0,1.0,1.0,1.0,1.0,1.0,0
-1.2342829739381762,0.5739899440701237,-0.3760484167008467,-0.23944845258155673,0.3674506712295308,0.0,1.0,1.0,1.0,0.0,1.0,1.0,1.0,1.0,1.0,0
0.16563494211118654,0.6420767465336562,0.075182013549635,0.5923239863384835,2.554902718310866,0.0,1.0,1.0,1.0,0.0,1.0,1.0,1.0,1.0,1.0,0
-0.3010043632386011,-1.3551361257299621,-0.12787168006308178,-0.4889801842575688,-0.15753782006998962,1.0,0.0,1.0,1.0,0.0,1.0,1.0,1.0,1.0,1.0,0
1.6822126844979963,-0.1976604838499106,2.376457207827092,-1.320752623177609,-0.8575224751360169,1.0,0.0,1.0,1.0,0.0,1.0,1.0,1.0,1.0,1.0,0
0.04897511577373963,-0.5607900969887503,-0.060187115525509524,-0.904866403717589,-0.15753782006998962,1.0,0.0,1.0,1.0,0.0,1.0,1.0,1.0,1.0,1.0,0
0.04897511577373963,0.07468672600421916,-0.4888560242634672,-0.7385119159335809,-0.2887849428948697,0.0,1.0,1.0,1.0,0.0,1.0,1.0,1.0,1.0,1.0,0
-0.5343240159134949,-0.6969637019158151,-0.6693481963636598,-0.07309396479754869,-0.988769597960897,0.0,1.0,1.0,1.0,0.0,1.0,1.0,1.0,1.0,1.0,0
-0.3010043632386011,-1.0147021134123,0.007497449012062735,2.006337132502552,0.06120738463814389,1.0,0.0,1.0,1.0,0.0,1.0,1.0,1.0,1.0,1.0,0
0.16563494211118654,1.3683359728113356,-0.21811776611317812,1.1745646935825116,-0.7262753523111368,0.0,1.0,1.0,1.0,0.0,1.0,1.0,1.0,1.0,1.0,1
2.032192163510337,0.9825107588513183,-0.33092537367579855,0.7586784741224916,-0.33253398383649646,0.0,1.0,1.0,1.0,0.0,1.0,1.0,1.0,1.0,1.0,0
-0.6509838422509417,1.9357259933407724,-0.6467866748511357,1.5904509130425317,4.873601888217081,0.0,1.0,1.0,0.0,1.0,1.0,1.0,1.0,1.0,1.0,0
0.28229476844863344,-0.6061812986311053,-0.2632408091382263,-1.154398135393601,-0.33253398383649646,0.0,1.0,1.0,1.0,0.0,1.0,1.0,1.0,1.0,1.0,0
1.5655528581605493,0.5059031416065913,0.09774353506215908,-0.5721574281495728,-0.07003973818673623,1.0,0.0,1.0,1.0,0.0,1.0,1.0,1.0,1.0,1.0,0
-0.8843034949258356,-0.6061812986311053,-0.2406792876257022,-1.154398135393601,0.7174429987625445,0.0,1.0,1.0,1.0,0.0,1.0,1.0,1.0,1.0,1.0,0
-1.2342829739381762,-0.4700076937040404,-1.977916444090057,0.7586784741224916,-0.2887849428948697,1.0,0.0,1.0,1.0,0.0,1.0,1.0,1.0,1.0,1.0,0
-0.6509838422509417,-0.7423549035581701,1.4739963473261284,-0.07309396479754869,0.7174429987625445,1.0,0.0,1.0,1.0,0.0,1.0,1.0,1.0,1.0,1.0,0
1.798872510835443,0.3924251375007039,-0.35348689518832266,0.34279225466247143,0.49869779405441095,1.0,0.0,1.0,1.0,0.0,1.0,1.0,1.0,1.0,1.0,0
-0.8843034949258356,-0.9012241093064125,-0.3760484167008467,-1.320752623177609,-0.9450205570192703,0.0,1.0,1.0,1.0,0.0,1.0,1.0,1.0,1.0,1.0,0
-1.4676026266130702,-1.2870493232664297,-0.8949634114889007,-1.5702843548536212,0.6736939578209178,0.0,1.0,1.0,1.0,0.0,1.0,1.0,1.0,1.0,1.0,0
-0.6509838422509417,-1.0147021134123,-1.2785092772018103,1.3409191813665198,-0.6387772704278833,1.0,0.0,1.0,1.0,0.0,1.0,1.0,1.0,1.0,1.0,1
0.28229476844863344,1.1413799645995608,-0.2632408091382263,0.2596150107704674,-0.15753782006998962,1.0,0.0,1.0,1.0,0.0,1.0,1.0,1.0,1.0,1.0,0
-0.5343240159134949,0.32433833503717147,-1.0303325405640453,0.09326052298645936,-0.15753782006998962,0.0,1.0,1.0,1.0,0.0,1.0,1.0,1.0,1.0,1.0,0
0.28229476844863344,-0.5153988953463954,0.7745891804378817,-0.4889801842575688,0.192454507463024,0.0,1.0,1.0,1.0,0.0,1.0,1.0,1.0,1.0,1.0,1
0.748934073798421,0.006599923540686714,-0.3760484167008467,0.09326052298645936,-0.15753782006998962,0.0,1.0,1.0,1.0,0.0,1.0,1.0,1.0,1.0,1.0,0
-1.0009633212632825,3.0251148327572914,1.5642424333762246,2.006337132502552,-0.2887849428948697,1.0,0.0,1.0,1.0,0.0,1.0,1.0,1.0,1.0,1.0,0
0.6322742474609742,-0.4473120928828629,0.5715354868251649,-0.8216891598255849,-0.24503590195324304,1.0,0.0,1.0,1.0,0.0,1.0,1.0,1.0,1.0,1.0,1
-1.1176231476007294,-0.878528508485235,-0.3760484167008467,-0.6553346720415768,-0.15753782006998962,1.0,0.0,1.0,1.0,0.0,1.0,1.0,1.0,1.0,1.0,0
0.8655939001358679,0.6420767465336562,0.3910433147249722,-0.32262569647356076,0.1487054665213973,1.0,0.0,1.0,1.0,0.0,1.0,1.0,1.0,1.0,1.0,1
1.3322332054856556,2.843550026187872,-1.797424271989864,-0.07309396479754869,-0.15753782006998962,0.0,1.0,1.0,1.0,0.0,1.0,1.0,1.0,1.0,1.0,0
-1.2342829739381762,-0.7877461052005251,-0.2406792876257022,-0.32262569647356076,-0.33253398383649646,1.0,0.0,1.0,1.0,0.0,1.0,1.0,1.0,1.0,1.0,0
1.2155733791482086,0.3924251375007039,0.864835266487978,-0.07309396479754869,1.0236862853539315,1.0,0.0,1.0,1.0,0.0,1.0,1.0,1.0,1.0,1.0,0
2.3821716425226778,0.16546912928892907,-0.12787168006308178,-1.320752623177609,0.5861958759376643,1.0,0.0,1.0,1.0,0.0,1.0,1.0,1.0,1.0,1.0,0
-1.3509428002756232,-0.4700076937040404,-0.3760484167008467,-0.23944845258155673,-0.20128686101161633,0.0,1.0,1.0,1.0,0.0,1.0,1.0,1.0,1.0,1.0,0
-1.1176231476007294,0.256251532573639,1.2032580891758393,0.7586784741224916,-0.37628302477812314,0.0,1.0,1.0,1.0,0.0,1.0,1.0,1.0,1.0,1.0,1
-0.8843034949258356,0.4832075407854138,-0.8498403684638526,1.3409191813665198,-0.24503590195324304,1.0,0.0,1.0,1.0,0.0,1.0,1.0,1.0,1.0,1.0,0
2.148851989847784,1.617987581844288,-1.3687553632519065,-1.320752623177609,-0.11378877912836292,0.0,1.0,1.0,1.0,0.0,1.0,1.0,1.0,1.0,1.0,1
-0.41766418957604795,0.9825107588513183,-0.6016636318260876,1.0082102057985036,0.017458343696517182,0.0,1.0,1.0,1.0,0.0,1.0,1.0,1.0,1.0,1.0,0
-0.41766418957604795,-0.6515725002734603,-0.5565405888010394,-0.4889801842575688,-0.4200320657197499,1.0,0.0,1.0,1.0,0.0,1.0,1.0,1.0,1.0,1.0,0
0.6322742474609742,1.481813976917223,0.9550813525380744,-0.23944845258155673,0.2362035484046507,1.0,0.0,1.0,0.0,1.0,1.0,1.0,1.0,1.0,1.0,0
2.148851989847784,-0.1976604838499106,0.48128940077506854,0.7586784741224916,0.192454507463024,0.0,1.0,1.0,1.0,0.0,1.0,1.0,1.0,1.0,1.0,0
-0.06768471056370727,-1.1054845166970098,-1.1657016696391898,2.58857783974658,-1.0325186389025236,1.0,0.0,1.0,1.0,0.0,1.0,1.0,1.0,1.0,1.0,0
0.748934073798421,1.4591183760960456,1.2032580891758393,-0.4889801842575688,1.0236862853539315,1.0,0.0,1.0,1.0,0.0,1.0,1.0,1.0,1.0,1.0,0
1.5655528581605493,-0.878528508485235,-1.0980171051016174,-0.15627120868955272,0.49869779405441095,0.0,1.0,1.0,1.0,0.0,1.0,1.0,1.0,1.0,1.0,0
-0.41766418957604795,1.1186843637783832,-0.7821558039262803,1.0082102057985036,-0.7262753523111368,1.0,0.0,1.0,1.0,0.0,1.0,1.0,1.0,1.0,1.0,0
0.9822537264733149,0.4832075407854138,-1.0077710190515212,1.1745646935825116,-0.5950282294862567,0.0,1.0,1.0,1.0,0.0,1.0,1.0,1.0,1.0,1.0,0
1.2155733791482086,1.436422775274868,-1.4138784062769547,-0.904866403717589,0.49869779405441095,0.0,1.0,1.0,1.0,0.0,1.0,1.0,1.0,1.0,1.0,1
1.3322332054856556,0.7101635489971886,-0.4211714597258949,0.5091467424464795,-0.15753782006998962,1.0,0.0,1.0,1.0,0.0,1.0,1.0,1.0,1.0,1.0,0
-1.4676026266130702,-0.3338340887769755,0.075182013549635,-0.07309396479754869,-0.15753782006998962,1.0,0.0,1.0,1.0,0.0,1.0,1.0,1.0,1.0,1.0,0
-0.6509838422509417,-1.1281801175181874,-1.0754555835890933,-1.320752623177609,-0.15753782006998962,1.0,0.0,1.0,1.0,0.0,1.0,1.0,1.0,1.0,1.0,0
-1.3509428002756232,-1.6501789364052692,-1.3236323202268583,-0.904866403717589,0.017458343696517182,1.0,0.0,1.0,1.0,0.0,1.0,1.0,1.0,1.0,1.0,0
1.6822126844979963,7.382670190423368,0.3684817932124481,1.3409191813665198,-0.5075301476030033,1.0,0.0,1.0,1.0,0.0,1.0,1.0,1.0,1.0,1.0,1
-1.3509428002756232,-0.6742681010946378,0.864835266487978,-0.32262569647356076,-0.33253398383649646,0.0,1.0,1.0,1.0,0.0,1.0,1.0,1.0,1.0,1.0,0
-0.41766418957604795,-0.6969637019158151,-0.6016636318260876,-0.32262569647356076,1.4611766947701983,1.0,0.0,1.0,1.0,0.0,1.0,1.0,1.0,1.0,1.0,0
-1.2342829739381762,1.2094667670630932,1.0453274385881708,0.34279225466247143,-0.24503590195324304,1.0,0.0,1.0,1.0,0.0,1.0,1.0,1.0,1.0,1.0,0
1.798872510835443,1.6633787834866427,-0.443732981238419,-0.904866403717589,-0.15753782006998962,1.0,0.0,1.0,1.0,0.0,1.0,1.0,1.0,1.0,1.0,0
0.748934073798421,-0.5607900969887503,0.5264124438001168,0.34279225466247143,-0.24503590195324304,1.0,0.0,1.0,1.0,0.0,1.0,1.0,1.0,1.0,1.0,0
1.2155733791482086,0.3697295366795264,-0.5339790672885153,0.34279225466247143,-0.55127918854463,0.0,1.0,1.0,1.0,0.0,1.0,1.0,1.0,1.0,1.0,0
-0.5343240159134949,1.2548579687054482,0.345920271699924,-0.904866403717589,0.06120738463814389,1.0,0.0,1.0,1.0,0.0,1.0,1.0,1.0,1.0,1.0,0
-1.4676026266130702,0.256251532573639,0.18798962111225542,-0.7385119159335809,-0.24503590195324304,0.0,1.0,1.0,1.0,0.0,1.0,1.0,1.0,1.0,1.0,0
-0.6509838422509417,-0.83313730684288,-0.2406792876257022,0.34279225466247143,-0.15753782006998962,1.0,0.0,1.0,1.0,0.0,1.0,1.0,1.0,1.0,1.0,0
-1.0009633212632825,0.12007792764657411,-1.3236323202268583,-0.07309396479754869,-0.15753782006998962,0.0,1.0,1.0,1.0,0.0,1.0,1.0,1.0,1.0,1.0,0
1.798872510835443,1.2094667670630932,-0.15043320157560586,-0.4889801842575688,-0.7262753523111368,1.0,0.0,1.0,1.0,0.0,1.0,1.0,1.0,1.0,1.0,1
-0.18434453690115418,-0.83313730684288,-0.4888560242634672,-0.15627120868955272,-0.7700243932527635,1.0,0.0,1.0,1.0,0.0,1.0,1.0,1.0,1.0,1.0,0
-1.1176231476007294,-1.4686141298358495,-0.714471239388708,-1.320752623177609,-0.4200320657197499,1.0,0.0,1.0,1.0,0.0,1.0,1.0,1.0,1.0,1.0,1
1.4488930318231024,-0.83313730684288,0.007497449012062735,-1.154398135393601,0.3237016302879041,0.0,1.0,1.0,0.0,1.0,1.0,1.0,1.0,1.0,1.0,0
1.4488930318231024,5.249283713232685,1.383750261276032,1.6736281569345357,-0.20128686101161633,1.0,0.0,1.0,1.0,0.0,1.0,1.0,1.0,1.0,1.0,1
-1.3509428002756232,-0.5153988953463954,-0.8949634114889007,-1.320752623177609,-0.33253398383649646,0.0,1.0,1.0,1.0,0.0,1.0,1.0,1.0,1.0,1.0,0
-0.06768471056370727,-0.1976604838499106,-0.5791021103135635,-0.07309396479754869,-0.24503590195324304,0.0,1.0,1.0,1.0,0.0,1.0,1.0,1.0,1.0,1.0,1
1.2155733791482086,0.12007792764657411,0.2556741856498277,0.34279225466247143,-0.9012715160776436,0.0,1.0,1.0,1.0,0.0,1.0,1.0,1.0,1.0,1.0,0
1.2155733791482086,-0.9012241093064125,1.5416809118637007,-0.07309396479754869,0.7174429987625445,0.0,1.0,1.0,1.0,0.0,1.0,1.0,1.0,1.0,1.0,1
-0.8843034949258356,-0.6742681010946378,0.18798962111225542,0.7586784741224916,0.629944916879291,1.0,0.0,1.0,1.0,0.0,1.0,1.0,1.0,1.0,1.0,0
1.6822126844979963,-0.4246164920616854,-0.6016636318260876,-1.320752623177609,-0.2887849428948697,0.0,1.0,1.0,1.0,0.0,1.0,1.0,1.0,1.0,1.0,1
1.3322332054856556,2.253464404837257,0.7971507019504057,0.7586784741224916,-0.7262753523111368,1.0,0.0,1.0,1.0,0.0,1.0,1.0,1.0,1.0,1.0,1
-0.06768471056370727,0.9825107588513183,0.8197122234629298,-0.07309396479754869,-0.8137734341943902,1.0,0.0,1.0,1.0,0.0,1.0,1.0,1.0,1.0,1.0,0
-0.41766418957604795,1.4137271744536906,0.030058970524586823,-0.23944845258155673,0.8049410806457978,0.0,1.0,1.0,1.0,0.0,1.0,1.0,1.0,1.0,1.0,0
0.9822537264733149,0.5739899440701237,0.7520276589253576,0.09326052298645936,1.6799218994783318,1.0,0.0,1.0,1.0,0.0,1.0,1.0,1.0,1.0,1.0,0
0.3989545947860803,-0.2884428871346205,-0.060187115525509524,-0.07309396479754869,0.3674506712295308,1.0,0.0,1.0,1.0,0.0,1.0,1.0,1.0,1.0,1.0,0
0.8655939001358679,0.6193811457124787,0.594097008337689,-1.071220891501597,-0.15753782006998962,0.0,1.0,1.0,1.0,0.0,1.0,1.0,1.0,1.0,1.0,0
-0.6509838422509417,0.12007792764657411,-0.060187115525509524,-1.9861705743136413,0.06120738463814389,0.0,1.0,1.0,1.0,0.0,1.0,1.0,1.0,1.0,1.0,0
-1.584262452950517,-0.878528508485235,0.7971507019504057,-0.7385119159335809,-0.988769597960897,1.0,0.0,1.0,1.0,0.0,1.0,1.0,1.0,1.0,1.0,0
-0.3010043632386011,-0.5153988953463954,-0.060187115525509524,0.34279225466247143,0.06120738463814389,1.0,0.0,1.0,1.0,0.0,1.0,1.0,1.0,1.0,1.0,0
-1.1176231476007294,-1.0147021134123,-0.6919097178761839,-1.154398135393601,-0.07003973818673623,0.0,1.0,1.0,1.0,0.0,1.0,1.0,1.0,1.0,1.0,0
-0.06768471056370727,-1.1508757183393648,-0.6919097178761839,-0.904866403717589,0.06120738463814389,1.0,0.0,1.0,1.0,0.0,1.0,1.0,1.0,1.0,1.0,0
-0.6509838422509417,0.18816473011010657,-1.4364399277894788,-0.8216891598255849,-0.4200320657197499,1.0,0.0,1.0,1.0,0.0,1.0,1.0,1.0,1.0,1.0,0
0.04897511577373963,-1.4686141298358495,-0.4662945027509431,-0.4889801842575688,-0.37628302477812314,1.0,0.0,1.0,1.0,0.0,1.0,1.0,1.0,1.0,1.0,0
0.04897511577373963,0.7328591498183661,0.05262049203711091,0.34279225466247143,0.3674506712295308,0.0,1.0,1.0,1.0,0.0,1.0,1.0,1.0,1.0,1.0,0
1.5655528581605493,0.5966855448913012,-0.3986099382133708,-0.32262569647356076,-0.15753782006998962,0.0,1.0,1.0,1.0,0.0,1.0,1.0,1.0,1.0,1.0,1
-1.0009633212632825,-0.4473120928828629,-0.060187115525509524,2.422223351962572,-0.15753782006998962,1.0,0.0,1.0,1.0,0.0,1.0,1.0,1.0,1.0,1.0,0
-1.4676026266130702,-1.0147021134123,-0.714471239388708,0.34279225466247143,-0.2887849428948697,1.0,0.0,1.0,1.0,0.0,1.0,1.0,1.0,1.0,1.0,0
-1.1176231476007294,-0.4700076937040404,-1.9102318795524846,-0.904866403717589,-0.07003973818673623,1.0,0.0,1.0,1.0,0.0,1.0,1.0,1.0,1.0,1.0,0
-1.0009633212632825,-0.016095677280490765,1.2709426537134116,-0.904866403717589,-0.2887849428948697,0.0,1.0,1.0,1.0,0.0,1.0,1.0,1.0,1.0,1.0,0
-0.5343240159134949,-1.7636569405111568,-0.7821558039262803,-1.320752623177609,-0.9450205570192703,1.0,0.0,1.0,1.0,0.0,1.0,1.0,1.0,1.0,1.0,0
1.5655528581605493,0.7555547506395436,-1.3010707987143342,1.3409191813665198,-0.20128686101161633,1.0,0.0,1.0,1.0,0.0,1.0,1.0,1.0,1.0,1.0,0
0.04897511577373963,-0.016095677280490765,0.3684817932124481,1.0082102057985036,-0.37628302477812314,1.0,0.0,1.0,1.0,0.0,1.0,1.0,1.0,1.0,1.0,0
-1.1176231476007294,-0.7423549035581701,-0.8949634114889007,0.34279225466247143,0.06120738463814389,0.0,1.0,1.0,1.0,0.0,1.0,1.0,1.0,1.0,1.0,0
-1.584262452950517,-0.4473120928828629,-1.459001449302003,0.5091467424464795,-0.2887849428948697,0.0,1.0,1.0,1.0,0.0,1.0,1.0,1.0,1.0,1.0,0
-1.700922279287964,-1.0147021134123,-1.5041244923270511,-0.07309396479754869,0.06120738463814389,1.0,0.0,1.0,1.0,0.0,1.0,1.0,1.0,1.0,1.0,0
-1.3509428002756232,-1.2416581216240747,-0.3760484167008467,2.838109571422592,0.2362035484046507,1.0,0.0,1.0,1.0,0.0,1.0,1.0,1.0,1.0,1.0,0
-1.1176231476007294,-0.10687808056520069,-0.9852094975389971,1.6736281569345357,0.10495642557977058,0.0,1.0,1.0,1.0,0.0,1.0,1.0,1.0,1.0,1.0,0
1.91553233717289,0.256251532573639,1.5416809118637007,-0.07309396479754869,-0.8575224751360169,1.0,0.0,1.0,1.0,0.0,1.0,1.0,1.0,1.0,1.0,1
0.04897511577373963,-1.3778317265511395,-0.01506407250046135,-0.4889801842575688,-0.37628302477812314,0.0,1.0,1.0,1.0,0.0,1.0,1.0,1.0,1.0,1.0,0
-0.06768471056370727,0.8009459522818986,0.2331126641373036,-0.07309396479754869,-0.33253398383649646,0.0,1.0,1.0,1.0,0.0,1.0,1.0,1.0,1.0,1.0,1
-1.700922279287964,-0.061486878922845725,-0.8272788469513285,-0.4058029403655648,-0.5075301476030033,0.0,1.0,1.0,1.0,0.0,1.0,1.0,1.0,1.0,1.0,0
-1.3509428002756232,-0.4246164920616854,0.6392200513627372,0.7586784741224916,-0.07003973818673623,0.0,1.0,1.0,1.0,0.0,1.0,1.0,1.0,1.0,1.0,0
0.6322742474609742,2.616594017976097,-0.6467866748511357,1.1745646935825116,0.192454507463024,1.0,0.0,1.0,1.0,0.0,1.0,1.0,1.0,1.0,1.0,1
-0.18434453690115418,-0.4246164920616854,-1.9553549225775329,0.17643776687846338,-0.15753782006998962,0.0,1.0,1.0,1.0,0.0,1.0,1.0,1.0,1.0,1.0,0
0.748934073798421,0.3470339358583489,-0.6919097178761839,-1.320752623177609,0.1487054665213973,1.0,0.0,1.0,1.0,0.0,1.0,1.0,1.0,1.0,1.0,0
0.28229476844863344,0.006599923540686714,0.594097008337689,-0.07309396479754869,-0.7700243932527635,1.0,0.0,1.0,1.0,0.0,1.0,1.0,1.0,1.0,1.0,0
0.04897511577373963,-1.1281801175181874,1.0002043955631226,0.7586784741224916,-0.11378877912836292,1.0,0.0,1.0,1.0,0.0,1.0,1.0,1.0,1.0,1.0,0
-0.18434453690115418,1.0279019604936734,0.6617815728752613,-0.07309396479754869,0.10495642557977058,1.0,0.0,1.0,1.0,0.0,1.0,1.0,1.0,1.0,1.0,0
-0.7676436685883887,-0.969310911769945,-1.1431401481266656,-0.07309396479754869,0.017458343696517182,1.0,0.0,1.0,1.0,0.0,1.0,1.0,1.0,1.0,1.0,0
-1.0009633212632825,1.1640755654207382,0.075182013549635,-0.07309396479754869,-0.02629069724510952,0.0,1.0,1.0,1.0,0.0,1.0,1.0,1.0,1.0,1.0,0
-0.41766418957604795,-0.3338340887769755,0.5038509222875927,2.006337132502552,-1.0762676798441504,0.0,1.0,1.0,1.0,0.0,1.0,1.0,1.0,1.0,1.0,0
1.0989135528107616,1.0279019604936734,0.6392200513627372,1.0082102057985036,-0.2887849428948697,0.0,1.0,1.0,1.0,0.0,1.0,1.0,1.0,1.0,1.0,0
0.6322742474609742,0.12007792764657411,0.075182013549635,-0.07309396479754869,1.1549334081788114,0.0,1.0,1.0,1.0,0.0,1.0,1.0,1.0,1.0,1.0,0
1.0989135528107616,-0.6742681010946378,0.7745891804378817,-0.4889801842575688,0.3237016302879041,1.0,0.0,1.0,1.0,0.0,1.0,1.0,1.0,1.0,1.0,1
-1.1176231476007294,-0.5607900969887503,-0.03762559401298544,0.7586784741224916,-0.15753782006998962,1.0,0.0,1.0,1.0,0.0,1.0,1.0,1.0,1.0,1.0,0
-0.6509838422509417,-0.4246164920616854,-0.2406792876257022,-0.32262569647356076,-0.5075301476030033,1.0,0.0,1.0,1.0,0.0,1.0,1.0,1.0,1.0,1.0,0
1.6822126844979963,0.5285987424277687,0.09774353506215908,0.34279225466247143,-0.68252631136951,1.0,0.0,1.0,1.0,0.0,1.0,1.0,1.0,1.0,1.0,0
-1.2342829739381762,-1.445918529014672,-0.7821558039262803,-1.071220891501597,-0.15753782006998962,1.0,0.0,1.0,1.0,0.0,1.0,1.0,1.0,1.0,1.0,0
2.032192163510337,-0.5607900969887503,0.30079722867487585,-0.904866403717589,-0.15753782006998962,0.0,1.0,1.0,1.0,0.0,1.0,1.0,1.0,1.0,1.0,1
0.748934073798421,-0.6515725002734603,1.5868039548887487,-1.320752623177609,-0.5075301476030033,1.0,0.0,1.0,1.0,0.0,1.0,1.0,1.0,1.0,1.0,0
-0.6509838422509417,-1.0600933150546548,-0.714471239388708,-0.07309396479754869,-1.0762676798441504,1.0,0.0,1.0,1.0,0.0,1.0,1.0,1.0,1.0,1.0,0
-1.2342829739381762,-0.7877461052005251,-0.1053101585505577,1.1745646935825116,1.0236862853539315,0.0,1.0,1.0,1.0,0.0,1.0,1.0,1.0,1.0,1.0,1
0.6322742474609742,1.8903347916984177,-1.2785092772018103,-0.4058029403655648,-0.15753782006998962,0.0,1.0,1.0,0.0,1.0,1.0,1.0,1.0,1.0,1.0,0
0.04897511577373963,-0.92391971012759,0.075182013549635,-0.8216891598255849,-0.8575224751360169,0.0,1.0,1.0,1.0,0.0,1.0,1.0,1.0,1.0,1.0,0
0.5156144211235272,-0.22035608467108808,0.9325198310255502,-1.071220891501597,-0.15753782006998962,1.0,0.0,1.0,1.0,0.0,1.0,1.0,1.0,1.0,1.0,0
-1.1176231476007294,-0.4246164920616854,0.7971507019504057,0.34279225466247143,-0.8137734341943902,1.0,0.0,1.0,1.0,0.0,1.0,1.0,1.0,1.0,1.0,0
-0.3010043632386011,0.4832075407854138,1.2032580891758393,1.6736281569345357,-0.20128686101161633,0.0,1.0,1.0,1.0,0.0,1.0,1.0,1.0,1.0,1.0,0
0.5156144211235272,-0.7877461052005251,1.8349806915265137,1.5904509130425317,-0.24503590195324304,1.0,0.0,1.0,1.0,0.0,1.0,1.0,1.0,1.0,1.0,0
1.5655528581605493,2.8889412278302267,-1.707178185939768,-1.6534615987456251,0.2799525893462774,0.0,1.0,1.0,1.0,0.0,1.0,1.0,1.0,1.0,1.0,0
1.6822126844979963,-0.7423549035581701,-0.5114175457759913,-0.32262569647356076,-0.46378110666137656,0.0,1.0,1.0,1.0,0.0,1.0,1.0,1.0,1.0,1.0,0
-1.700922279287964,-0.7877461052005251,-1.0528940620765692,-0.4889801842575688,-0.07003973818673623,1.0,0.0,1.0,1.0,0.0,1.0,1.0,1.0,1.0,1.0,0
-1.0009633212632825,-1.4232229281934945,0.05262049203711091,0.34279225466247143,-0.15753782006998962,0.0,1.0,1.0,1.0,0.0,1.0,1.0,1.0,1.0,1.0,0
1.6822126844979963,2.616594017976097,0.2105511426247795,1.3409191813665198,0.8924391625290512,1.0,0.0,1.0,1.0,0.0,1.0,1.0,1.0,1.0,1.0,0
-1.700922279287964,-2.2175689569347066,-1.5492475353520991,0.2596150107704674,-0.8137734341943902,1.0,0.0,1.0,1.0,0.0,1.0,1.0,1.0,1.0,1.0,1
-1.0009633212632825,-0.6742681010946378,0.9776428740505985,-0.904866403717589,-0.7262753523111368,0.0,1.0,1.0,1.0,0.0,1.0,1.0,1.0,1.0,1.0,0
-0.7676436685883887,-0.24305168549226558,-0.1053101585505577,-0.07309396479754869,-1.2075148026690306,1.0,0.0,1.0,1.0,0.0,1.0,1.0,1.0,1.0,1.0,0
0.16563494211118654,0.3697295366795264,-1.729739707452292,0.010083279094455335,1.7674199813615854,1.0,0.0,1.0,1.0,0.0,1.0,1.0,1.0,1.0,1.0,0
0.748934073798421,0.6647723473548336,-0.5114175457759913,2.838109571422592,0.2362035484046507,1.0,0.0,1.0,1.0,0.0,1.0,1.0,1.0,1.0,1.0,1
1.91553233717289,1.9357259933407724,-0.1053101585505577,1.5904509130425317,-0.6387772704278833,1.0,0.0,1.0,1.0,0.0,1.0,1.0,1.0,1.0,1.0,1
1.6822126844979963,0.43781633914305884,1.3386272182509837,-1.9861705743136413,0.06120738463814389,0.0,1.0,1.0,1.0,0.0,1.0,1.0,1.0,1.0,1.0,1
-0.41766418957604795,-0.969310911769945,-1.3010707987143342,-0.32262569647356076,-0.24503590195324304,0.0,1.0,1.0,1.0,0.0,1.0,1.0,1.0,1.0,1.0,0
-0.7676436685883887,0.029295524361864195,-0.7370327609012322,2.006337132502552,-0.11378877912836292,1.0,0.0,1.0,1.0,0.0,1.0,1.0,1.0,1.0,1.0,0
0.9822537264733149,0.23355593175246153,-0.060187115525509524,-1.4871071109616172,-0.4200320657197499,1.0,0.0,1.0,1.0,0.0,1.0,1.0,1.0,1.0,1.0,0
-1.2342829739381762,1.0279019604936734,1.0904504816132188,0.6755012302304875,-0.5075301476030033,0.0,1.0,1.0,1.0,0.0,1.0,1.0,1.0,1.0,1.0,1
-0.18434453690115418,-0.3338340887769755,-0.7370327609012322,-0.904866403717589,-0.2887849428948697,0.0,1.0,1.0,1.0,0.0,1.0,1.0,1.0,1.0,1.0,0
1.0989135528107616,1.436422775274868,0.9776428740505985,0.34279225466247143,-0.5950282294862567,0.0,1.0,1.0,1.0,0.0,1.0,1.0,1.0,1.0,1.0,0
-1.4676026266130702,-0.6515725002734603,0.864835266487978,-0.988043647609593,0.5861958759376643,1.0,0.0,1.0,1.0,0.0,1.0,1.0,1.0,1.0,1.0,0
-1.1176231476007294,0.8917283555666085,-0.17299472308812996,0.7586784741224916,-0.4200320657197499,0.0,1.0,1.0,1.0,0.0,1.0,1.0,1.0,1.0,1.0,0
-1.4676026266130702,-0.6515725002734603,1.7672961269889416,0.5091467424464795,-0.5075301476030033,0.0,1.0,1.0,1.0,0.0,1.0,1.0,1.0,1.0,1.0,0
-1.8175821056254107,-1.0827889158758324,-0.9175249330014248,-1.320752623177609,0.017458343696517182,1.0,0.0,1.0,1.0,0.0,1.0,1.0,1.0,1.0,1.0,0
0.5156144211235272,-0.6515725002734603,-0.9852094975389971,-0.4889801842575688,0.017458343696517182,1.0,0.0,1.0,1.0,0.0,1.0,1.0,1.0,1.0,1.0,0
0.748934073798421,-0.4246164920616854,0.9776428740505985,-0.904866403717589,-0.15753782006998962,1.0,0.0,1.0,1.0,0.0,1.0,1.0,1.0,1.0,1.0,0
-0.5343240159134949,-0.10687808056520069,-0.17299472308812996,-0.07309396479754869,-0.20128686101161633,1.0,0.0,1.0,1.0,0.0,1.0,1.0,1.0,1.0,1.0,0
-0.6509838422509417,0.07468672600421916,0.5264124438001168,0.9250329619064996,-0.02629069724510952,0.0,1.0,1.0,1.0,0.0,1.0,1.0,1.0,1.0,1.0,0
-0.18434453690115418,-0.6742681010946378,-0.7595942824137561,0.34279225466247143,1.4611766947701983,0.0,1.0,1.0,1.0,0.0,1.0,1.0,1.0,1.0,1.0,0
1.4488930318231024,0.9371195572089634,-0.060187115525509524,-1.320752623177609,-0.15753782006998962,1.0,0.0,1.0,1.0,0.0,1.0,1.0,1.0,1.0,1.0,0
-0.06768471056370727,-0.1976604838499106,1.6093654764012728,0.34279225466247143,-0.5075301476030033,1.0,0.0,1.0,1.0,0.0,1.0,1.0,1.0,1.0,1.0,0
1.3322332054856556,1.5952919810231103,0.5038509222875927,2.671755083638584,0.1487054665213973,1.0,0.0,1.0,1.0,0.0,1.0,1.0,1.0,1.0,1.0,0
-1.0009633212632825,-0.878528508485235,-0.8949634114889007,-0.904866403717589,0.3674506712295308,1.0,0.0,1.0,1.0,0.0,1.0,1.0,1.0,1.0,1.0,0
-0.8843034949258356,-0.1976604838499106,-0.2632408091382263,-0.4889801842575688,0.1487054665213973,0.0,1.0,1.0,1.0,0.0,1.0,1.0,1.0,1.0,1.0,0
0.04897511577373963,-0.6742681010946378,1.4514348258136043,-1.320752623177609,-0.4200320657197499,0.0,1.0,1.0,1.0,0.0,1.0,1.0,1.0,1.0,1.0,0
-1.1176231476007294,-0.92391971012759,-1.0528940620765692,1.4240964252585238,-0.15753782006998962,1.0,0.0,1.0,1.0,0.0,1.0,1.0,1.0,1.0,1.0,0
0.04897511577373963,-0.016095677280490765,1.2483811322008875,0.34279225466247143,1.2424314900620648,1.0,0.0,1.0,0.0,1.0,1.0,1.0,1.0,1.0,1.0,0
-0.7676436685883887,-0.2884428871346205,-0.1053101585505577,-0.32262569647356076,-0.2887849428948697,1.0,0.0,1.0,1.0,0.0,1.0,1.0,1.0,1.0,1.0,0
1.0989135528107616,-0.7877461052005251,-0.6919097178761839,0.6755012302304875,-0.24503590195324304,0.0,1.0,1.0,1.0,0.0,1.0,1.0,1.0,1.0,1.0,0
0.28229476844863344,1.2321623678842706,8.197329758058306,0.17643776687846338,2.554902718310866,1.0,0.0,1.0,0.0,1.0,1.0,1.0,1.0,1.0,1.0,1
0.6322742474609742,-1.1508757183393648,0.6617815728752613,-0.32262569647356076,-0.20128686101161633,1.0,0.0,1.0,1.0,0.0,1.0,1.0,1.0,1.0,1.0,0
-0.5343240159134949,-1.0147021134123,-0.4211714597258949,0.34279225466247143,-0.15753782006998962,1.0,0.0,1.0,1.0,0.0,1.0,1.0,1.0,1.0,1.0,0
-1.8175821056254107,-0.9012241093064125,-0.2406792876257022,2.006337132502552,-0.4200320657197499,1.0,0.0,1.0,1.0,0.0,1.0,1.0,1.0,1.0,1.0,0
0.748934073798421,0.30164273421599397,-0.9852094975389971,-1.5702843548536212,-0.6387772704278833,0.0,1.0,1.0,1.0,0.0,1.0,1.0,1.0,1.0,1.0,1
0.748934073798421,-0.3338340887769755,0.2105511426247795,-0.4889801842575688,0.1487054665213973,0.0,1.0,1.0,1.0,0.0,1.0,1.0,1.0,1.0,1.0,0
0.16563494211118654,0.3470339358583489,-1.3687553632519065,2.838109571422592,0.06120738463814389,0.0,1.0,1.0,1.0,0.0,1.0,1.0,1.0,1.0,1.0,0
1.0989135528107616,0.3924251375007039,1.631926997913797,-0.4889801842575688,-0.11378877912836292,1.0,0.0,1.0,1.0,0.0,1.0,1.0,1.0,1.0,1.0,0
0.9822537264733149,-0.1976604838499106,-0.15043320157560586,-0.07309396479754869,-1.0325186389025236,0.0,1.0,1.0,1.0,0.0,1.0,1.0,1.0,1.0,1.0,0
1.6822126844979963,2.661985219618452,0.6617815728752613,1.5904509130425317,-0.15753782006998962,0.0,1.0,1.0,1.0,0.0,1.0,1.0,1.0,1.0,1.0,1
1.2155733791482086,-0.5834856978099278,0.09774353506215908,-1.320752623177609,-0.15753782006998962,0.0,1.0,1.0,1.0,0.0,1.0,1.0,1.0,1.0,1.0,0
-0.18434453690115418,0.6874679481760111,0.5038509222875927,-0.904866403717589,-0.37628302477812314,0.0,1.0,1.0,1.0,0.0,1.0,1.0,1.0,1.0,1.0,1
-1.2342829739381762,-1.0147021134123,0.48128940077506854,-0.904866403717589,0.1487054665213973,0.0,1.0,1.0,1.0,0.0,1.0,1.0,1.0,1.0,1.0,0
-1.700922279287964,1.5952919810231103,0.6392200513627372,2.17269162028656,-0.15753782006998962,0.0,1.0,1.0,1.0,0.0,1.0,1.0,1.0,1.0,1.0,0
-0.06768471056370727,0.256251532573639,0.2105511426247795,-0.32262569647356076,0.4111997121711575,1.0,0.0,1.0,1.0,0.0,1.0,1.0,1.0,1.0,1.0,0
0.8655939001358679,-0.4246164920616854,0.5264124438001168,-0.904866403717589,0.06120738463814389,0.0,1.0,1.0,1.0,0.0,1.0,1.0,1.0,1.0,1.0,1
0.16563494211118654,-0.92391971012759,0.075182013549635,-0.07309396479754869,-0.20128686101161633,1.0,0.0,1.0,1.0,0.0,1.0,1.0,1.0,1.0,1.0,0
0.3989545947860803,1.2094667670630932,1.7672961269889416,-0.07309396479754869,-0.15753782006998962,1.0,0.0,1.0,1.0,0.0,1.0,1.0,1.0,1.0,1.0,0
-0.18434453690115418,-0.15226928220755565,-0.060187115525509524,0.34279225466247143,-0.15753782006998962,1.0,0.0,1.0,1.0,0.0,1.0,1.0,1.0,1.0,1.0,1
1.3322332054856556,1.617987581844288,0.3910433147249722,0.34279225466247143,0.3674506712295308,1.0,0.0,1.0,1.0,0.0,1.0,1.0,1.0,1.0,1.0,0
1.3322332054856556,-0.03879127810166825,1.3160656967384599,0.34279225466247143,0.06120738463814389,0.0,1.0,1.0,1.0,0.0,1.0,1.0,1.0,1.0,1.0,0
-1.0009633212632825,-0.4246164920616854,0.05262049203711091,-0.904866403717589,-0.15753782006998962,1.0,0.0,1.0,1.0,0.0,1.0,1.0,1.0,1.0,1.0,0
0.8655939001358679,-0.6969637019158151,0.9776428740505985,-0.07309396479754869,-0.9450205570192703,0.0,1.0,1.0,1.0,0.0,1.0,1.0,1.0,1.0,1.0,0
-1.2342829739381762,-0.7877461052005251,-0.6242251533386117,1.1745646935825116,-0.15753782006998962,1.0,0.0,1.0,1.0,0.0,1.0,1.0,1.0,1.0,1.0,0
0.16563494211118654,-0.10687808056520069,0.4361663577500204,-1.320752623177609,0.06120738463814389,0.0,1.0,1.0,1.0,0.0,1.0,1.0,1.0,1.0,1.0,0
-1.8175821056254107,-1.3778317265511395,-0.21811776611317812,0.34279225466247143,-0.2887849428948697,1.0,0.0,1.0,1.0,0.0,1.0,1.0,1.0,1.0,1.0,0
-0.06768471056370727,-0.6061812986311053,-1.5718090568646232,0.2596150107704674,0.06120738463814389,0.0,1.0,1.0,1.0,0.0,1.0,1.0,1.0,1.0,1.0,0
-0.8843034949258356,-0.5607900969887503,0.2105511426247795,-0.32262569647356076,-0.15753782006998962,1.0,0.0,1.0,1.0,0.0,1.0,1.0,1.0,1.0,1.0,0
-0.18434453690115418,-0.10687808056520069,0.5038509222875927,-0.6553346720415768,-0.15753782006998962,0.0,1.0,1.0,1.0,0.0,1.0,1.0,1.0,1.0,1.0,0
-0.6509838422509417,-0.3338340887769755,0.18798962111225542,-0.988043647609593,-0.07003973818673623,1.0,0.0,1.0,1.0,0.0,1.0,1.0,1.0,1.0,1.0,0
-0.3010043632386011,-0.7877461052005251,-0.962647976026473,-2.3188795498816575,-0.24503590195324304,0.0,1.0,1.0,1.0,0.0,1.0,1.0,1.0,1.0,1.0,0
-0.8843034949258356,-0.2884428871346205,-0.9400864545139489,0.6755012302304875,-0.20128686101161633,1.0,0.0,1.0,1.0,0.0,1.0,1.0,1.0,1.0,1.0,0
0.8655939001358679,0.029295524361864195,0.45872787926254444,5.582958619858725,-0.2887849428948697,1.0,0.0,1.0,1.0,0.0,1.0,1.0,1.0,1.0,1.0,0
-0.3010043632386011,-0.4246164920616854,1.2483811322008875,0.34279225466247143,-0.15753782006998962,0.0,1.0,1.0,1.0,0.0,1.0,1.0,1.0,1.0,1.0,0
1.3322332054856556,-0.83313730684288,-0.4888560242634672,-0.904866403717589,-0.9012715160776436,0.0,1.0,1.0,1.0,0.0,1.0,1.0,1.0,1.0,1.0,1
0.748934073798421,0.6647723473548336,0.9776428740505985,-1.071220891501597,0.1487054665213973,0.0,1.0,1.0,1.0,0.0,1.0,1.0,1.0,1.0,1.0,0
-0.8843034949258356,-0.6061812986311053,-2.1132855731652014,-1.320752623177609,-0.5075301476030033,0.0,1.0,1.0,1.0,0.0,1.0,1.0,1.0,1.0,1.0,0
0.5156144211235272,-1.5593965331205595,0.7520276589253576,-0.7385119159335809,-0.2887849428948697,1.0,0.0,1.0,1.0,0.0,1.0,1.0,1.0,1.0,1.0,0
0.28229476844863344,-0.10687808056520069,-0.1053101585505577,1.5904509130425317,7.279799140006551,0.0,1.0,1.0,0.0,1.0,1.0,1.0,1.0,1.0,1.0,1
1.0989135528107616,0.07468672600421916,0.12030505657468317,-0.904866403717589,-0.15753782006998962,1.0,0.0,1.0,1.0,0.0,1.0,1.0,1.0,1.0,1.0,0
-0.41766418957604795,-0.4700076937040404,-1.2559477556892862,0.34279225466247143,0.06120738463814389,0.0,1.0,1.0,1.0,0.0,1.0,1.0,1.0,1.0,1.0,0
0.9822537264733149,0.4832075407854138,1.0227659170756467,0.2596150107704674,0.4549487531127842,1.0,0.0,1.0,1.0,0.0,1.0,1.0,1.0,1.0,1.0,0
-0.7676436685883887,0.8917283555666085,-0.060187115525509524,0.09326052298645936,-0.15753782006998962,0.0,1.0,1.0,1.0,0.0,1.0,1.0,1.0,1.0,1.0,1
1.6822126844979963,0.07468672600421916,0.7745891804378817,2.505400595854576,0.3674506712295308,0.0,1.0,1.0,1.0,0.0,1.0,1.0,1.0,1.0,1.0,0
-0.06768471056370727,-1.1054845166970098,-0.060187115525509524,0.7586784741224916,0.8924391625290512,1.0,0.0,1.0,1.0,0.0,1.0,1.0,1.0,1.0,1.0,0
-1.2342829739381762,0.3924251375007039,-0.8272788469513285,-0.07309396479754869,-0.5075301476030033,1.0,0.0,1.0,1.0,0.0,1.0,1.0,1.0,1.0,1.0,0
1.798872510835443,2.616594017976097,-0.5791021103135635,0.34279225466247143,-0.15753782006998962,1.0,0.0,1.0,1.0,0.0,1.0,1.0,1.0,1.0,1.0,0
0.3989545947860803,-0.4700076937040404,1.135573524638267,0.09326052298645936,0.1487054665213973,0.0,1.0,1.0,1.0,0.0,1.0,1.0,1.0,1.0,1.0,0
1.6822126844979963,-0.5153988953463954,-1.2785092772018103,0.09326052298645936,0.4549487531127842,0.0,1.0,1.0,1.0,0.0,1.0,1.0,1.0,1.0,1.0,1
1.3322332054856556,3.3882444458961314,-0.03762559401298544,0.34279225466247143,-0.4200320657197499,1.0,0.0,1.0,1.0,0.0,1.0,1.0,1.0,1.0,1.0,0
-1.2342829739381762,-1.5820921339417369,-0.33092537367579855,-0.23944845258155673,-0.7700243932527635,0.0,1.0,1.0,1.0,0.0,1.0,1.0,1.0,1.0,1.0,0
0.28229476844863344,3.433635647538486,0.345920271699924,1.3409191813665198,0.017458343696517182,1.0,0.0,1.0,1.0,0.0,1.0,1.0,1.0,1.0,1.0,0
-0.8843034949258356,-0.016095677280490765,-1.3913168847644306,0.34279225466247143,0.2799525893462774,1.0,0.0,1.0,1.0,0.0,1.0,1.0,1.0,1.0,1.0,0
-1.2342829739381762,-0.4700076937040404,0.2331126641373036,-0.4889801842575688,-0.7262753523111368,1.0,0.0,1.0,1.0,0.0,1.0,1.0,1.0,1.0,1.0,0
-0.41766418957604795,-0.6515725002734603,0.3684817932124481,0.7586784741224916,0.06120738463814389,1.0,0.0,1.0,1.0,0.0,1.0,1.0,1.0,1.0,1.0,0
0.04897511577373963,-0.03879127810166825,-0.9400864545139489,-0.07309396479754869,-0.15753782006998962,1.0,0.0,1.0,1.0,0.0,1.0,1.0,1.0,1.0,1.0,0
-0.8843034949258356,-1.2416581216240747,0.007497449012062735,-0.4889801842575688,0.2362035484046507,1.0,0.0,1.0,1.0,0.0,1.0,1.0,1.0,1.0,1.0,0
-0.3010043632386011,0.9371195572089634,-0.3986099382133708,0.34279225466247143,0.4549487531127842,1.0,0.0,1.0,1.0,0.0,1.0,1.0,1.0,1.0,1.0,0
1.0989135528107616,0.1427735284677516,0.9776428740505985,1.6736281569345357,-0.15753782006998962,1.0,0.0,1.0,1.0,0.0,1.0,1.0,1.0,1.0,1.0,0
-0.8843034949258356,-1.2416581216240747,-0.6242251533386117,-0.5721574281495728,-0.7700243932527635,1.0,0.0,1.0,1.0,0.0,1.0,1.0,1.0,1.0,1.0,0
1.3322332054856556,-0.83313730684288,0.4136048362374963,0.5923239863384835,1.1111843672371848,1.0,0.0,1.0,1.0,0.0,1.0,1.0,1.0,1.0,1.0,0
1.6822126844979963,-1.0147021134123,0.05262049203711091,-0.904866403717589,0.06120738463814389,0.0,1.0,1.0,1.0,0.0,1.0,1.0,1.0,1.0,1.0,0
-0.6509838422509417,1.5952919810231103,0.7520276589253576,0.7586784741224916,-0.20128686101161633,1.0,0.0,1.0,1.0,0.0,1.0,1.0,1.0,1.0,1.0,0
0.04897511577373963,-0.5607900969887503,-0.1053101585505577,-1.320752623177609,-0.33253398383649646,1.0,0.0,1.0,1.0,0.0,1.0,1.0,1.0,1.0,1.0,0
0.16563494211118654,-0.6061812986311053,-0.7370327609012322,0.7586784741224916,0.2362035484046507,1.0,0.0,1.0,1.0,0.0,1.0,1.0,1.0,1.0,1.0,0
0.16563494211118654,-0.2884428871346205,-0.8949634114889007,-0.07309396479754869,-0.15753782006998962,1.0,0.0,1.0,1.0,0.0,1.0,1.0,1.0,1.0,1.0,0
1.2155733791482086,1.572596380201933,-1.0303325405640453,0.34279225466247143,0.1487054665213973,0.0,1.0,1.0,1.0,0.0,1.0,1.0,1.0,1.0,1.0,0
-0.8843034949258356,-1.1054845166970098,-0.7370327609012322,-0.07309396479754869,-0.7262753523111368,1.0,0.0,1.0,1.0,0.0,1.0,1.0,1.0,1.0,1.0,0
-1.1176231476007294,-0.061486878922845725,-1.1431401481266656,0.8418557180144955,0.2362035484046507,0.0,1.0,1.0,1.0,0.0,1.0,1.0,1.0,1.0,1.0,0
0.3989545947860803,-1.1054845166970098,-0.3986099382133708,-0.4889801842575688,-0.24503590195324304,1.0,0.0,1.0,1.0,0.0,1.0,1.0,1.0,1.0,1.0,0
-0.41766418957604795,-1.0147021134123,0.594097008337689,0.6755012302304875,-0.37628302477812314,1.0,0.0,1.0,1.0,0.0,1.0,1.0,1.0,1.0,1.0,0
1.3322332054856556,-0.7877461052005251,-0.060187115525509524,0.010083279094455335,0.7611920397041712,1.0,0.0,1.0,1.0,0.0,1.0,1.0,1.0,1.0,1.0,0
1.5655528581605493,2.616594017976097,0.30079722867487585,1.5072736691505277,1.5924238175950785,1.0,0.0,1.0,1.0,0.0,1.0,1.0,1.0,1.0,1.0,1
1.6822126844979963,2.0718995982678376,0.3684817932124481,2.006337132502552,-0.24503590195324304,0.0,1.0,1.0,1.0,0.0,1.0,1.0,1.0,1.0,1.0,1
-0.18434453690115418,-0.17496488302873314,0.9550813525380744,-0.32262569647356076,-0.20128686101161633,1.0,0.0,1.0,1.0,0.0,1.0,1.0,1.0,1.0,1.0,0
-0.6509838422509417,0.23355593175246153,0.7520276589253576,-0.07309396479754869,0.06120738463814389,0.0,1.0,1.0,1.0,0.0,1.0,1.0,1.0,1.0,1.0,0
1.6822126844979963,0.43781633914305884,0.7520276589253576,0.010083279094455335,-0.07003973818673623,1.0,0.0,1.0,1.0,0.0,1.0,1.0,1.0,1.0,1.0,0
1.4488930318231024,-0.92391971012759,0.594097008337689,-0.6553346720415768,0.5861958759376643,0.0,1.0,1.0,1.0,0.0,1.0,1.0,1.0,1.0,1.0,0
0.8655939001358679,-0.7877461052005251,-0.17299472308812996,0.34279225466247143,0.49869779405441095,1.0,0.0,1.0,1.0,0.0,1.0,1.0,1.0,1.0,1.0,0
0.5156144211235272,-1.0147021134123,-0.3083638521632745,0.17643776687846338,9.29225502332138,1.0,0.0,1.0,0.0,1.0,1.0,1.0,1.0,1.0,1.0,0
-1.2342829739381762,-0.1976604838499106,-0.2632408091382263,-0.15627120868955272,0.8049410806457978,0.0,1.0,1.0,1.0,0.0,1.0,1.0,1.0,1.0,1.0,0
1.0989135528107616,0.8009459522818986,1.7221730839638933,-1.154398135393601,0.5424468349960376,0.0,1.0,1.0,1.0,0.0,1.0,1.0,1.0,1.0,1.0,0
-0.3010043632386011,0.029295524361864195,-0.1053101585505577,-0.32262569647356076,-0.33253398383649646,1.0,0.0,1.0,1.0,0.0,1.0,1.0,1.0,1.0,1.0,0
1.5655528581605493,1.1640755654207382,-0.7370327609012322,-0.07309396479754869,-0.46378110666137656,0.0,1.0,1.0,1.0,0.0,1.0,1.0,1.0,1.0,1.0,0
-1.1176231476007294,-0.4700076937040404,1.4739963473261284,0.34279225466247143,0.017458343696517182,0.0,1.0,1.0,1.0,0.0,1.0,1.0,1.0,1.0,1.0,0
1.0989135528107616,0.7101635489971886,1.0227659170756467,1.1745646935825116,-0.15753782006998962,1.0,0.0,1.0,1.0,0.0,1.0,1.0,1.0,1.0,1.0,0
0.748934073798421,0.7555547506395436,1.135573524638267,1.1745646935825116,-0.2887849428948697,0.0,1.0,1.0,1.0,0.0,1.0,1.0,1.0,1.0,1.0,1
-1.2342829739381762,-0.5607900969887503,-0.03762559401298544,-1.154398135393601,0.2362035484046507,0.0,1.0,1.0,1.0,0.0,1.0,1.0,1.0,1.0,1.0,0
-0.5343240159134949,0.12007792764657411,1.158135046150791,0.7586784741224916,-0.11378877912836292,1.0,0.0,1.0,1.0,0.0,1.0,1.0,1.0,1.0,1.0,0
-0.06768471056370727,-0.7877461052005251,0.5715354868251649,-0.904866403717589,-1.0762676798441504,0.0,1.0,1.0,1.0,0.0,1.0,1.0,1.0,1.0,1.0,1
-1.4676026266130702,-0.4700076937040404,0.3684817932124481,-0.07309396479754869,0.49869779405441095,0.0,1.0,1.0,1.0,0.0,1.0,1.0,1.0,1.0,1.0,0
-0.5343240159134949,-0.22035608467108808,0.030058970524586823,1.1745646935825116,-0.15753782006998962,1.0,0.0,1.0,1.0,0.0,1.0,1.0,1.0,1.0,1.0,0
1.2155733791482086,-0.10687808056520069,0.7520276589253576,-0.07309396479754869,0.8924391625290512,1.0,0.0,1.0,1.0,0.0,1.0,1.0,1.0,1.0,1.0,0
-0.6509838422509417,0.6647723473548336,0.5715354868251649,-0.6553346720415768,-0.15753782006998962,0.0,1.0,1.0,1.0,0.0,1.0,1.0,1.0,1.0,1.0,0
-0.8843034949258356,-0.15226928220755565,-0.3760484167008467,0.34279225466247143,-0.9012715160776436,1.0,0.0,1.0,1.0,0.0,1.0,1.0,1.0,1.0,1.0,0
-1.4676026266130702,-0.15226928220755565,-0.1053101585505577,0.8418557180144955,0.2799525893462774,0.0,1.0,1.0,1.0,0.0,1.0,1.0,1.0,1.0,1.0,0
0.3989545947860803,-1.0147021134123,-1.0754555835890933,-1.320752623177609,-0.8137734341943902,0.0,1.0,1.0,1.0,0.0,1.0,1.0,1.0,1.0,1.0,0
-1.3509428002756232,-0.878528508485235,1.135573524638267,2.006337132502552,-0.2887849428948697,1.0,0.0,1.0,1.0,0.0,1.0,1.0,1.0,1.0,1.0,0
-0.7676436685883887,-0.016095677280490765,0.594097008337689,-0.32262569647356076,-0.46378110666137656,0.0,1.0,1.0,1.0,0.0,1.0,1.0,1.0,1.0,1.0,0
0.16563494211118654,0.12007792764657411,0.2105511426247795,-0.4889801842575688,-0.20128686101161633,1.0,0.0,1.0,1.0,0.0,1.0,1.0,1.0,1.0,1.0,0
1.0989135528107616,-0.22035608467108808,0.30079722867487585,1.3409191813665198,1.1549334081788114,1.0,0.0,1.0,1.0,0.0,1.0,1.0,1.0,1.0,1.0,1
-0.5343240159134949,-0.016095677280490765,-1.0980171051016174,-0.4889801842575688,-0.20128686101161633,0.0,1.0,1.0,1.0,0.0,1.0,1.0,1.0,1.0,1.0,0
1.2155733791482086,1.481813976917223,-0.1053101585505577,-0.5721574281495728,-1.0762676798441504,0.0,1.0,1.0,1.0,0.0,1.0,1.0,1.0,1.0,1.0,1
0.9822537264733149,2.843550026187872,1.2935041752259357,-0.32262569647356076,1.986165186069719,1.0,0.0,1.0,0.0,1.0,1.0,1.0,1.0,1.0,1.0,0
1.3322332054856556,2.389638009764322,-0.060187115525509524,0.34279225466247143,-0.15753782006998962,1.0,0.0,1.0,1.0,0.0,1.0,1.0,1.0,1.0,1.0,0
-0.18434453690115418,-0.878528508485235,0.2105511426247795,-1.320752623177609,-0.8137734341943902,1.0,0.0,1.0,1.0,0.0,1.0,1.0,1.0,1.0,1.0,0
1.4488930318231024,0.3470339358583489,-0.6467866748511357,-0.4889801842575688,1.7236709404199586,0.0,1.0,1.0,1.0,0.0,1.0,1.0,1.0,1.0,1.0,0
-1.1176231476007294,-1.0147021134123,-0.9400864545139489,0.2596150107704674,-0.15753782006998962,0.0,1.0,1.0,1.0,0.0,1.0,1.0,1.0,1.0,1.0,0
-0.8843034949258356,0.16546912928892907,1.2032580891758393,2.838109571422592,-0.15753782006998962,1.0,0.0,1.0,1.0,0.0,1.0,1.0,1.0,1.0,1.0,0
0.8655939001358679,-0.92391971012759,-1.6620551429147197,-0.4889801842575688,-0.15753782006998962,1.0,0.0,1.0,1.0,0.0,1.0,1.0,1.0,1.0,1.0,0
-1.1176231476007294,-0.40192089124050795,-0.6242251533386117,-0.32262569647356076,-0.8137734341943902,0.0,1.0,1.0,1.0,0.0,1.0,1.0,1.0,1.0,1.0,0
0.16563494211118654,-0.4246164920616854,0.5264124438001168,-0.904866403717589,-0.7262753523111368,0.0,1.0,1.0,1.0,0.0,1.0,1.0,1.0,1.0,1.0,1
-1.0009633212632825,-0.6742681010946378,-0.1053101585505577,-1.9029933304216373,-0.2887849428948697,1.0,0.0,1.0,1.0,0.0,1.0,1.0,1.0,1.0,1.0,0
-0.18434453690115418,0.3924251375007039,0.5715354868251649,0.34279225466247143,-0.15753782006998962,1.0,0.0,1.0,1.0,0.0,1.0,1.0,1.0,1.0,1.0,0
0.3989545947860803,-1.4686141298358495,-0.5339790672885153,0.09326052298645936,-0.2887849428948697,0.0,1.0,1.0,1.0,0.0,1.0,1.0,1.0,1.0,1.0,0
-0.8843034949258356,-0.15226928220755565,-0.9852094975389971,1.5904509130425317,-0.33253398383649646,1.0,0.0,1.0,1.0,0.0,1.0,1.0,1.0,1.0,1.0,0
-0.5343240159134949,-0.6969637019158151,-0.17299472308812996,0.7586784741224916,0.192454507463024,0.0,1.0,1.0,1.0,0.0,1.0,1.0,1.0,1.0,1.0,0
-0.6509838422509417,-0.1976604838499106,0.16542809959973134,-0.07309396479754869,0.3674506712295308,0.0,1.0,1.0,1.0,0.0,1.0,1.0,1.0,1.0,1.0,0
-0.6509838422509417,-1.1962669199817197,2.5795109014398085,1.5904509130425317,-0.55127918854463,1.0,0.0,1.0,1.0,0.0,1.0,1.0,1.0,1.0,1.0,0
1.0989135528107616,2.2080732031949024,0.3910433147249722,0.010083279094455335,-0.5950282294862567,1.0,0.0,1.0,1.0,0.0,1.0,1.0,1.0,1.0,1.0,0
0.9822537264733149,2.843550026187872,0.7520276589253576,-0.07309396479754869,-0.15753782006998962,1.0,0.0,1.0,1.0,0.0,1.0,1.0,1.0,1.0,1.0,0
0.9822537264733149,-0.83313730684288,-1.3461938417393824,0.9250329619064996,-0.15753782006998962,1.0,0.0,1.0,1.0,0.0,1.0,1.0,1.0,1.0,1.0,0
-0.41766418957604795,-0.5607900969887503,-0.5791021103135635,1.5072736691505277,0.2362035484046507,1.0,0.0,1.0,1.0,0.0,1.0,1.0,1.0,1.0,1.0,0
2.148851989847784,-0.4700076937040404,0.5489739653126408,1.6736281569345357,-0.9450205570192703,0.0,1.0,1.0,1.0,0.0,1.0,1.0,1.0,1.0,1.0,0
0.5156144211235272,0.869032754745431,1.383750261276032,-0.988043647609593,-0.20128686101161633,1.0,0.0,1.0,1.0,0.0,1.0,1.0,1.0,1.0,1.0,0
-0.18434453690115418,0.12007792764657411,-1.0077710190515212,-0.7385119159335809,-0.55127918854463,1.0,0.0,1.0,1.0,0.0,1.0,1.0,1.0,1.0,1.0,0
-1.1176231476007294,-1.2416581216240747,1.3611887397635078,-0.7385119159335809,0.2799525893462774,0.0,1.0,1.0,1.0,0.0,1.0,1.0,1.0,1.0,1.0,0
-1.0009633212632825,-0.2884428871346205,-0.3760484167008467,0.8418557180144955,-0.11378877912836292,1.0,0.0,1.0,1.0,0.0,1.0,1.0,1.0,1.0,1.0,0
1.91553233717289,0.256251532573639,-2.541954481903159,-0.07309396479754869,0.629944916879291,0.0,1.0,1.0,1.0,0.0,1.0,1.0,1.0,1.0,1.0,1
-0.18434453690115418,-0.6515725002734603,-0.8272788469513285,-1.071220891501597,0.7174429987625445,1.0,0.0,1.0,1.0,0.0,1.0,1.0,1.0,1.0,1.0,0
1.5655528581605493,1.9357259933407724,3.233795025303007,-0.6553346720415768,0.5861958759376643,1.0,0.0,1.0,1.0,0.0,1.0,1.0,1.0,1.0,1.0,1
-0.41766418957604795,0.256251532573639,0.5038509222875927,-0.904866403717589,-0.15753782006998962,1.0,0.0,1.0,1.0,0.0,1.0,1.0,1.0,1.0,1.0,0
-0.06768471056370727,-0.4246164920616854,0.05262049203711091,-1.154398135393601,-0.15753782006998962,1.0,0.0,1.0,1.0,0.0,1.0,1.0,1.0,1.0,1.0,0
1.0989135528107616,1.0279019604936734,2.105718949676803,-0.07309396479754869,0.629944916879291,1.0,0.0,1.0,1.0,0.0,1.0,1.0,1.0,1.0,1.0,0
0.8655939001358679,0.07468672600421916,-1.1657016696391898,0.9250329619064996,0.936188203470678,0.0,1.0,1.0,1.0,0.0,1.0,1.0,1.0,1.0,1.0,0
1.0989135528107616,-0.5380944961675728,0.30079722867487585,0.34279225466247143,-0.2887849428948697,1.0,0.0,1.0,1.0,0.0,1.0,1.0,1.0,1.0,1.0,1
0.9822537264733149,2.4123336105854998,-1.5943705783771474,2.006337132502552,0.1487054665213973,1.0,0.0,1.0,1.0,0.0,1.0,1.0,1.0,1.0,1.0,0
0.8655939001358679,1.2548579687054482,0.2105511426247795,0.6755012302304875,-0.24503590195324304,1.0,0.0,1.0,1.0,0.0,1.0,1.0,1.0,1.0,1.0,0
0.04897511577373963,0.029295524361864195,0.3910433147249722,-0.07309396479754869,-0.24503590195324304,1.0,0.0,1.0,1.0,0.0,1.0,1.0,1.0,1.0,1.0,0
-0.41766418957604795,-0.03879127810166825,-0.443732981238419,-0.904866403717589,-0.24503590195324304,1.0,0.0,1.0,1.0,0.0,1.0,1.0,1.0,1.0,1.0,0
-1.2342829739381762,-0.878528508485235,-1.2785092772018103,-0.4889801842575688,-0.37628302477812314,1.0,0.0,1.0,1.0,0.0,1.0,1.0,1.0,1.0,1.0,0
0.9822537264733149,-1.3778317265511395,-0.6016636318260876,-0.4058029403655648,0.3674506712295308,1.0,0.0,1.0,1.0,0.0,1.0,1.0,1.0,1.0,1.0,0
-0.6509838422509417,-0.15226928220755565,-0.3986099382133708,1.0082102057985036,-0.37628302477812314,1.0,0.0,1.0,1.0,0.0,1.0,1.0,1.0,1.0,1.0,0
-1.2342829739381762,-1.2870493232664297,0.3684817932124481,-0.904866403717589,-0.33253398383649646,0.0,1.0,1.0,1.0,0.0,1.0,1.0,1.0,1.0,1.0,0
1.4488930318231024,1.436422775274868,1.7221730839638933,-0.4889801842575688,-0.02629069724510952,1.0,0.0,1.0,0.0,1.0,1.0,1.0,1.0,1.0,1.0,0
1.5655528581605493,0.914423956387786,-0.15043320157560586,-0.32262569647356076,-0.33253398383649646,0.0,1.0,1.0,1.0,0.0,1.0,1.0,1.0,1.0,1.0,0
1.2155733791482086,-0.2884428871346205,0.14286657808720726,0.34279225466247143,-0.7262753523111368,0.0,1.0,1.0,1.0,0.0,1.0,1.0,1.0,1.0,1.0,1
-1.0009633212632825,-0.92391971012759,-0.5339790672885153,-1.154398135393601,-0.33253398383649646,1.0,0.0,1.0,1.0,0.0,1.0,1.0,1.0,1.0,1.0,0
-0.06768471056370727,-0.08418247974402321,0.2556741856498277,-1.9861705743136413,7.542293385656311,0.0,1.0,1.0,0.0,1.0,1.0,1.0,1.0,1.0,1.0,0
0.5156144211235272,1.9811171949831274,1.7672961269889416,0.5091467424464795,-0.4200320657197499,1.0,0.0,1.0,1.0,0.0,1.0,1.0,1.0,1.0,1.0,0
-1.584262452950517,-0.35652968959815295,-0.2406792876257022,-0.6553346720415768,-0.33253398383649646,0.0,1.0,1.0,1.0,0.0,1.0,1.0,1.0,1.0,1.0,0
1.4488930318231024,2.162682001552547,1.9929113421141824,-0.07309396479754869,-0.02629069724510952,1.0,0.0,1.0,1.0,0.0,1.0,1.0,1.0,1.0,1.0,0
0.8655939001358679,0.029295524361864195,0.030058970524586823,2.006337132502552,1.4611766947701983,1.0,0.0,1.0,1.0,0.0,1.0,1.0,1.0,1.0,1.0,0
0.9822537264733149,2.389638009764322,-0.060187115525509524,-0.07309396479754869,-0.15753782006998962,1.0,0.0,1.0,1.0,0.0,1.0,1.0,1.0,1.0,1.0,0
-1.2342829739381762,-0.92391971012759,-0.2632408091382263,0.7586784741224916,0.1487054665213973,1.0,0.0,1.0,1.0,0.0,1.0,1.0,1.0,1.0,1.0,0
-0.6509838422509417,1.436422775274868,2.602072422952333,-0.23944845258155673,-0.4200320657197499,0.0,1.0,1.0,1.0,0.0,1.0,1.0,1.0,1.0,1.0,1
-0.7676436685883887,0.6874679481760111,0.075182013549635,-0.904866403717589,1.373678612886945,0.0,1.0,1.0,1.0,0.0,1.0,1.0,1.0,1.0,1.0,0
1.5655528581605493,0.869032754745431,2.8276876380775735,2.17269162028656,-0.15753782006998962,1.0,0.0,1.0,1.0,0.0,1.0,1.0,1.0,1.0,1.0,0
-1.2342829739381762,0.3470339358583489,-0.15043320157560586,-0.32262569647356076,-0.15753782006998962,0.0,1.0,1.0,1.0,0.0,1.0,1.0,1.0,1.0,1.0,0
0.5156144211235272,1.0279019604936734,0.9550813525380744,0.17643776687846338,-0.68252631136951,0.0,1.0,1.0,1.0,0.0,1.0,1.0,1.0,1.0,1.0,0
-1.2342829739381762,-0.3338340887769755,0.345920271699924,-0.07309396479754869,0.49869779405441095,1.0,0.0,1.0,1.0,0.0,1.0,1.0,1.0,1.0,1.0,0
-0.7676436685883887,1.0279019604936734,0.2782357071623518,0.7586784741224916,1.4611766947701983,1.0,0.0,1.0,1.0,0.0,1.0,1.0,1.0,1.0,1.0,0
0.748934073798421,-0.2884428871346205,-0.1053101585505577,-0.07309396479754869,-0.15753782006998962,0.0,1.0,1.0,1.0,0.0,1.0,1.0,1.0,1.0,1.0,0
1.6822126844979963,-0.10687808056520069,-0.7595942824137561,-0.32262569647356076,-0.5075301476030033,0.0,1.0,1.0,1.0,0.0,1.0,1.0,1.0,1.0,1.0,0
0.748934073798421,-0.10687808056520069,-1.0303325405640453,-0.07309396479754869,0.6736939578209178,0.0,1.0,1.0,1.0,0.0,1.0,1.0,1.0,1.0,1.0,0
1.91553233717289,3.2974620426114214,-0.7595942824137561,-0.07309396479754869,1.5924238175950785,1.0,0.0,1.0,0.0,1.0,1.0,1.0,1.0,1.0,1.0,1
-0.41766418957604795,-1.1054845166970098,-0.0827486370380336,0.7586784741224916,0.017458343696517182,0.0,1.0,1.0,1.0,0.0,1.0,1.0,1.0,1.0,1.0,0
-1.1176231476007294,-0.3338340887769755,-1.8651088365274364,-0.23944845258155673,0.10495642557977058,0.0,1.0,1.0,1.0,0.0,1.0,1.0,1.0,1.0,1.0,0
-0.06768471056370727,-1.0600933150546548,-0.03762559401298544,-0.15627120868955272,-0.37628302477812314,1.0,0.0,1.0,1.0,0.0,1.0,1.0,1.0,1.0,1.0,1
-0.3010043632386011,-0.24305168549226558,0.8422737449754539,1.1745646935825116,0.06120738463814389,1.0,0.0,1.0,1.0,0.0,1.0,1.0,1.0,1.0,1.0,0
0.748934073798421,-0.83313730684288,0.6843430943877853,0.17643776687846338,0.3674506712295308,1.0,0.0,1.0,1.0,0.0,1.0,1.0,1.0,1.0,1.0,0
1.6822126844979963,1.0279019604936734,-0.5114175457759913,-0.07309396479754869,0.017458343696517182,0.0,1.0,1.0,1.0,0.0,1.0,1.0,1.0,1.0,1.0,0
0.28229476844863344,1.1640755654207382,0.5264124438001168,-0.15627120868955272,0.017458343696517182,0.0,1.0,1.0,1.0,0.0,1.0,1.0,1.0,1.0,1.0,0
0.28229476844863344,-0.6061812986311053,-0.03762559401298544,0.09326052298645936,-0.11378877912836292,1.0,0.0,1.0,1.0,0.0,1.0,1.0,1.0,1.0,1.0,0
-0.18434453690115418,-0.061486878922845725,-0.2858023306507504,-0.6553346720415768,-0.15753782006998962,1.0,0.0,1.0,1.0,0.0,1.0,1.0,1.0,1.0,1.0,0
0.8655939001358679,-0.37922529041933045,-0.6919097178761839,-0.8216891598255849,-0.9450205570192703,0.0,1.0,1.0,1.0,0.0,1.0,1.0,1.0,1.0,1.0,0
-0.41766418957604795,-0.3338340887769755,0.2331126641373036,-1.320752623177609,-0.07003973818673623,1.0,0.0,1.0,1.0,0.0,1.0,1.0,1.0,1.0,1.0,0
-1.3509428002756232,-0.10687808056520069,-0.35348689518832266,-0.32262569647356076,-1.1637657617274038,0.0,1.0,1.0,1.0,0.0,1.0,1.0,1.0,1.0,1.0,0
0.6322742474609742,-0.1976604838499106,2.128280471189327,-0.4889801842575688,-0.24503590195324304,1.0,0.0,1.0,1.0,0.0,1.0,1.0,1.0,1.0,1.0,0
-0.06768471056370727,-0.7650505043793476,-0.2632408091382263,-0.5721574281495728,-0.15753782006998962,1.0,0.0,1.0,1.0,0.0,1.0,1.0,1.0,1.0,1.0,1
-1.0009633212632825,-1.1054845166970098,-1.459001449302003,0.7586784741224916,-0.37628302477812314,1.0,0.0,1.0,1.0,0.0,1.0,1.0,1.0,1.0,1.0,0
0.16563494211118654,-1.1281801175181874,0.5264124438001168,0.34279225466247143,-0.6387772704278833,1.0,0.0,1.0,1.0,0.0,1.0,1.0,1.0,1.0,1.0,0
0.6322742474609742,-0.15226928220755565,0.345920271699924,0.34279225466247143,-0.4200320657197499,0.0,1.0,1.0,1.0,0.0,1.0,1.0,1.0,1.0,1.0,0
-0.3010043632386011,0.07468672600421916,-0.9400864545139489,0.7586784741224916,-0.15753782006998962,1.0,0.0,1.0,1.0,0.0,1.0,1.0,1.0,1.0,1.0,0
-0.6509838422509417,-0.24305168549226558,0.864835266487978,0.09326052298645936,-0.24503590195324304,0.0,1.0,1.0,1.0,0.0,1.0,1.0,1.0,1.0,1.0,0
-0.18434453690115418,-0.10687808056520069,-0.5791021103135635,0.5091467424464795,-0.15753782006998962,1.0,0.0,1.0,1.0,0.0,1.0,1.0,1.0,1.0,1.0,1
-0.3010043632386011,-0.1976604838499106,1.5416809118637007,-0.07309396479754869,-0.8575224751360169,1.0,0.0,1.0,1.0,0.0,1.0,1.0,1.0,1.0,1.0,0
0.16563494211118654,0.12007792764657411,0.6166585298502131,-1.320752623177609,-0.33253398383649646,1.0,0.0,1.0,1.0,0.0,1.0,1.0,1.0,1.0,1.0,0
-0.41766418957604795,-0.016095677280490765,-0.5565405888010394,0.34279225466247143,-0.4200320657197499,1.0,0.0,1.0,1.0,0.0,1.0,1.0,1.0,1.0,1.0,0
-1.584262452950517,-0.5153988953463954,-1.1431401481266656,-1.6534615987456251,-0.7262753523111368,0.0,1.0,1.0,1.0,0.0,1.0,1.0,1.0,1.0,1.0,0
-1.4676026266130702,-0.15226928220755565,-0.714471239388708,-1.320752623177609,-0.24503590195324304,0.0,1.0,1.0,1.0,0.0,1.0,1.0,1.0,1.0,1.0,0
0.9822537264733149,-2.1267865536499966,0.5264124438001168,0.9250329619064996,5.442339420458229,1.0,0.0,1.0,0.0,1.0,1.0,1.0,1.0,1.0,1.0,1
-0.8843034949258356,-1.3324405249087847,-0.03762559401298544,-0.7385119159335809,-0.37628302477812314,0.0,1.0,1.0,1.0,0.0,1.0,1.0,1.0,1.0,1.0,0
-0.06768471056370727,1.2094667670630932,0.6617815728752613,0.010083279094455335,0.10495642557977058,1.0,0.0,1.0,1.0,0.0,1.0,1.0,1.0,1.0,1.0,0
-0.06768471056370727,0.3470339358583489,-0.2858023306507504,0.34279225466247143,0.192454507463024,1.0,0.0,1.0,1.0,0.0,1.0,1.0,1.0,1.0,1.0,0
-1.0009633212632825,-0.878528508485235,1.631926997913797,-0.07309396479754869,-0.7700243932527635,0.0,1.0,1.0,1.0,0.0,1.0,1.0,1.0,1.0,1.0,0
1.5655528581605493,1.527205178559578,0.48128940077506854,-0.07309396479754869,-0.15753782006998962,1.0,0.0,1.0,1.0,0.0,1.0,1.0,1.0,1.0,1.0,0
-1.4676026266130702,0.09738232682539663,-1.6169320998896715,0.8418557180144955,-0.07003973818673623,0.0,1.0,1.0,1.0,0.0,1.0,1.0,1.0,1.0,1.0,0
-0.5343240159134949,-0.969310911769945,-0.6693481963636598,-0.7385119159335809,0.2362035484046507,0.0,1.0,1.0,1.0,0.0,1.0,1.0,1.0,1.0,1.0,0
-0.06768471056370727,-0.5607900969887503,0.9776428740505985,1.1745646935825116,-0.2887849428948697,1.0,0.0,1.0,1.0,0.0,1.0,1.0,1.0,1.0,1.0,0
1.5655528581605493,0.6193811457124787,-0.2632408091382263,-0.4889801842575688,0.1487054665213973,0.0,1.0,1.0,1.0,0.0,1.0,1.0,1.0,1.0,1.0,1
-0.18434453690115418,0.12007792764657411,0.5038509222875927,2.17269162028656,-0.02629069724510952,0.0,1.0,1.0,1.0,0.0,1.0,1.0,1.0,1.0,1.0,1
0.04897511577373963,0.5966855448913012,1.6093654764012728,-0.32262569647356076,-0.15753782006998962,1.0,0.0,1.0,1.0,0.0,1.0,1.0,1.0,1.0,1.0,0
1.5655528581605493,-0.5380944961675728,0.345920271699924,0.17643776687846338,-0.20128686101161633,1.0,0.0,1.0,1.0,0.0,1.0,1.0,1.0,1.0,1.0,0
0.04897511577373963,-0.22035608467108808,0.030058970524586823,0.34279225466247143,-0.55127918854463,0.0,1.0,1.0,1.0,0.0,1.0,1.0,1.0,1.0,1.0,0
0.04897511577373963,-0.5153988953463954,-0.03762559401298544,-1.9861705743136413,-0.15753782006998962,1.0,0.0,1.0,1.0,0.0,1.0,1.0,1.0,1.0,1.0,0
-1.4676026266130702,-1.0147021134123,0.6617815728752613,0.09326052298645936,-0.37628302477812314,0.0,1.0,1.0,1.0,0.0,1.0,1.0,1.0,1.0,1.0,1
0.16563494211118654,-0.3338340887769755,-0.714471239388708,-0.32262569647356076,0.3674506712295308,0.0,1.0,1.0,1.0,0.0,1.0,1.0,1.0,1.0,1.0,0
0.748934073798421,2.389638009764322,1.2032580891758393,0.5091467424464795,0.10495642557977058,1.0,0.0,1.0,1.0,0.0,1.0,1.0,1.0,1.0,1.0,1
-0.6509838422509417,0.16546912928892907,0.2105511426247795,0.7586784741224916,0.192454507463024,0.0,1.0,1.0,1.0,0.0,1.0,1.0,1.0,1.0,1.0,0
0.6322742474609742,1.7087699851289977,-1.2785092772018103,-2.1525250620976495,0.3674506712295308,0.0,1.0,1.0,1.0,0.0,1.0,1.0,1.0,1.0,1.0,0
-1.3509428002756232,0.43781633914305884,-0.4662945027509431,-1.071220891501597,-0.2887849428948697,1.0,0.0,1.0,1.0,0.0,1.0,1.0,1.0,1.0,1.0,0
-0.7676436685883887,-1.0373977142334774,-0.33092537367579855,-0.07309396479754869,-0.15753782006998962,0.0,1.0,1.0,1.0,0.0,1.0,1.0,1.0,1.0,1.0,0
-0.7676436685883887,-0.35652968959815295,-0.8498403684638526,-0.15627120868955272,-0.15753782006998962,0.0,1.0,1.0,1.0,0.0,1.0,1.0,1.0,1.0,1.0,0
-0.6509838422509417,-0.7877461052005251,-0.5339790672885153,0.34279225466247143,0.3237016302879041,1.0,0.0,1.0,1.0,0.0,1.0,1.0,1.0,1.0,1.0,0
-0.18434453690115418,0.006599923540686714,-1.3236323202268583,0.34279225466247143,-0.5075301476030033,0.0,1.0,1.0,1.0,0.0,1.0,1.0,1.0,1.0,1.0,0
-0.6509838422509417,-0.5607900969887503,0.8197122234629298,0.010083279094455335,0.2362035484046507,0.0,1.0,1.0,1.0,0.0,1.0,1.0,1.0,1.0,1.0,0
0.8655939001358679,1.4137271744536906,0.09774353506215908,0.34279225466247143,-0.6387772704278833,0.0,1.0,1.0,1.0,0.0,1.0,1.0,1.0,1.0,1.0,0
1.6822126844979963,0.5285987424277687,-1.1431401481266656,-1.154398135393601,0.49869779405441095,0.0,1.0,1.0,1.0,0.0,1.0,1.0,1.0,1.0,1.0,0
-0.3010043632386011,0.4832075407854138,-0.8724018899763767,0.7586784741224916,-0.11378877912836292,1.0,0.0,1.0,1.0,0.0,1.0,1.0,1.0,1.0,1.0,1
-0.8843034949258356,0.07468672600421916,-0.5791021103135635,-0.07309396479754869,-0.07003973818673623,1.0,0.0,1.0,1.0,0.0,1.0,1.0,1.0,1.0,1.0,1
-0.41766418957604795,0.029295524361864195,-0.8272788469513285,-0.4889801842575688,0.06120738463814389,1.0,0.0,1.0,1.0,0.0,1.0,1.0,1.0,1.0,1.0,0
-0.5343240159134949,-0.6742681010946378,0.45872787926254444,-1.4871071109616172,0.192454507463024,0.0,1.0,1.0,1.0,0.0,1.0,1.0,1.0,1.0,1.0,0
-0.6509838422509417,0.029295524361864195,-0.12787168006308178,-0.4889801842575688,0.06120738463814389,1.0,0.0,1.0,1.0,0.0,1.0,1.0,1.0,1.0,1.0,0
0.3989545947860803,-0.1976604838499106,1.7447346054764175,-1.320752623177609,-0.15753782006998962,0.0,1.0,1.0,1.0,0.0,1.0,1.0,1.0,1.0,1.0,0
1.91553233717289,0.8463371539242535,-1.233386234176762,0.7586784741224916,-0.07003973818673623,0.0,1.0,1.0,1.0,0.0,1.0,1.0,1.0,1.0,1.0,1
-1.2342829739381762,-1.1054845166970098,-0.7821558039262803,-0.988043647609593,0.9799372444123047,0.0,1.0,1.0,1.0,0.0,1.0,1.0,1.0,1.0,1.0,0
-1.700922279287964,-1.1962669199817197,-1.1431401481266656,-1.320752623177609,-0.5075301476030033,1.0,0.0,1.0,1.0,0.0,1.0,1.0,1.0,1.0,1.0,0
-1.1176231476007294,-0.4700076937040404,-0.0827486370380336,-0.904866403717589,-0.55127918854463,0.0,1.0,1.0,1.0,0.0,1.0,1.0,1.0,1.0,1.0,0
1.4488930318231024,-0.22035608467108808,-0.6693481963636598,-1.4871071109616172,-0.07003973818673623,1.0,0.0,1.0,1.0,0.0,1.0,1.0,1.0,1.0,1.0,0
-0.8843034949258356,-0.4246164920616854,-0.9175249330014248,-0.8216891598255849,-0.15753782006998962,0.0,1.0,1.0,1.0,0.0,1.0,1.0,1.0,1.0,1.0,0
1.2155733791482086,1.572596380201933,-0.443732981238419,1.5904509130425317,-0.4200320657197499,0.0,1.0,1.0,1.0,0.0,1.0,1.0,1.0,1.0,1.0,1
0.9822537264733149,1.0279019604936734,1.2032580891758393,0.7586784741224916,1.373678612886945,1.0,0.0,1.0,1.0,0.0,1.0,1.0,1.0,1.0,1.0,1
-0.3010043632386011,-0.878528508485235,-0.6016636318260876,-0.8216891598255849,-0.8575224751360169,1.0,0.0,1.0,1.0,0.0,1.0,1.0,1.0,1.0,1.0,0
0.6322742474609742,3.2520708409690666,2.963056767152718,2.006337132502552,-0.02629069724510952,1.0,0.0,1.0,1.0,0.0,1.0,1.0,1.0,1.0,1.0,0
-0.6509838422509417,-0.10687808056520069,-1.3913168847644306,-0.07309396479754869,1.5486747766534519,1.0,0.0,1.0,1.0,0.0,1.0,1.0,1.0,1.0,1.0,0
1.0989135528107616,-0.6969637019158151,-1.6846166644272438,1.6736281569345357,0.2362035484046507,0.0,1.0,1.0,1.0,0.0,1.0,1.0,1.0,1.0,1.0,0
-2.0509017583003044,-0.969310911769945,0.12030505657468317,0.34279225466247143,0.2799525893462774,1.0,0.0,1.0,1.0,0.0,1.0,1.0,1.0,1.0,1.0,0
-1.1176231476007294,-1.4232229281934945,0.6617815728752613,-0.4889801842575688,-0.7700243932527635,0.0,1.0,1.0,1.0,0.0,1.0,1.0,1.0,1.0,1.0,0
0.6322742474609742,-0.878528508485235,-0.15043320157560586,-0.6553346720415768,-0.15753782006998962,1.0,0.0,1.0,1.0,0.0,1.0,1.0,1.0,1.0,1.0,0
2.2655118161852306,2.1172907999101924,-1.1431401481266656,-0.32262569647356076,-0.6387772704278833,0.0,1.0,1.0,1.0,0.0,1.0,1.0,1.0,1.0,1.0,0
-1.3509428002756232,-1.1054845166970098,-0.21811776611317812,0.7586784741224916,1.2424314900620648,0.0,1.0,1.0,1.0,0.0,1.0,1.0,1.0,1.0,1.0,0
0.5156144211235272,0.6874679481760111,-1.2785092772018103,-0.4889801842575688,-0.5075301476030033,0.0,1.0,1.0,1.0,0.0,1.0,1.0,1.0,1.0,1.0,1
0.8655939001358679,0.18816473011010657,-0.5339790672885153,-1.4871071109616172,1.6361728585367052,0.0,1.0,1.0,0.0,1.0,1.0,1.0,1.0,1.0,1.0,0
1.3322332054856556,0.029295524361864195,0.7745891804378817,1.1745646935825116,-0.9450205570192703,1.0,0.0,1.0,1.0,0.0,1.0,1.0,1.0,1.0,1.0,1
-0.3010043632386011,-0.6288768994522828,2.4667032938771882,-0.4889801842575688,-0.15753782006998962,1.0,0.0,1.0,1.0,0.0,1.0,1.0,1.0,1.0,1.0,0
1.2155733791482086,0.21086033093128403,0.6166585298502131,-0.904866403717589,-1.0325186389025236,0.0,1.0,1.0,1.0,0.0,1.0,1.0,1.0,1.0,1.0,0
1.5655528581605493,-0.3338340887769755,-0.03762559401298544,1.6736281569345357,0.06120738463814389,1.0,0.0,1.0,1.0,0.0,1.0,1.0,1.0,1.0,1.0,0
0.8655939001358679,-0.22035608467108808,0.30079722867487585,0.34279225466247143,-0.07003973818673623,0.0,1.0,1.0,1.0,0.0,1.0,1.0,1.0,1.0,1.0,0
-0.6509838422509417,-0.6515725002734603,-0.8949634114889007,-0.4889801842575688,-0.2887849428948697,0.0,1.0,1.0,1.0,0.0,1.0,1.0,1.0,1.0,1.0,0
1.0989135528107616,1.7087699851289977,-1.3236323202268583,0.2596150107704674,-0.02629069724510952,0.0,1.0,1.0,1.0,0.0,1.0,1.0,1.0,1.0,1.0,0
-0.7676436685883887,-1.5140053314782045,0.8873967880005021,-1.320752623177609,-0.07003973818673623,1.0,0.0,1.0,1.0,0.0,1.0,1.0,1.0,1.0,1.0,0
-1.3509428002756232,-0.6061812986311053,-0.35348689518832266,-0.8216891598255849,0.017458343696517182,0.0,1.0,1.0,1.0,0.0,1.0,1.0,1.0,1.0,1.0,0
0.748934073798421,0.823641553103076,1.135573524638267,-0.07309396479754869,0.7611920397041712,1.0,0.0,1.0,1.0,0.0,1.0,1.0,1.0,1.0,1.0,0
-1.8175821056254107,-0.6515725002734603,-1.1882631911517139,0.8418557180144955,-0.15753782006998962,1.0,0.0,1.0,1.0,0.0,1.0,1.0,1.0,1.0,1.0,0
-1.0009633212632825,-0.4700076937040404,-1.0077710190515212,0.5923239863384835,-0.68252631136951,0.0,1.0,1.0,1.0,0.0,1.0,1.0,1.0,1.0,1.0,0
1.5655528581605493,1.0279019604936734,0.007497449012062735,-1.154398135393601,0.06120738463814389,1.0,0.0,1.0,1.0,0.0,1.0,1.0,1.0,1.0,1.0,0
0.28229476844863344,0.6193811457124787,0.075182013549635,-0.988043647609593,-0.37628302477812314,0.0,1.0,1.0,0.0,1.0,1.0,1.0,1.0,1.0,1.0,0
-0.6509838422509417,0.029295524361864195,-0.6016636318260876,-0.07309396479754869,0.3674506712295308,0.0,1.0,1.0,1.0,0.0,1.0,1.0,1.0,1.0,1.0,0
-1.2342829739381762,-0.2884428871346205,0.5715354868251649,-0.32262569647356076,0.10495642557977058,0.0,1.0,1.0,1.0,0.0,1.0,1.0,1.0,1.0,1.0,0
1.6822126844979963,1.822247989234885,-0.3986099382133708,-0.07309396479754869,0.4111997121711575,0.0,1.0,1.0,1.0,0.0,1.0,1.0,1.0,1.0,1.0,1
1.0989135528107616,0.09738232682539663,-1.3687553632519065,0.34279225466247143,0.49869779405441095,0.0,1.0,1.0,1.0,0.0,1.0,1.0,1.0,1.0,1.0,0
-0.18434453690115418,1.7541611867713527,-0.7821558039262803,1.5904509130425317,-0.15753782006998962,1.0,0.0,1.0,1.0,0.0,1.0,1.0,1.0,1.0,1.0,0
-1.700922279287964,-0.969310911769945,1.0227659170756467,0.34279225466247143,-0.15753782006998962,0.0,1.0,1.0,1.0,0.0,1.0,1.0,1.0,1.0,1.0,0
2.032192163510337,-0.878528508485235,-2.0907240516526775,-1.4871071109616172,-0.55127918854463,0.0,1.0,1.0,1.0,0.0,1.0,1.0,1.0,1.0,1.0,0
-1.0009633212632825,0.9825107588513183,-1.1205786266141415,-0.8216891598255849,-0.15753782006998962,1.0,0.0,1.0,1.0,0.0,1.0,1.0,1.0,1.0,1.0,1
0.9822537264733149,-0.22035608467108808,-1.1882631911517139,-2.1525250620976495,-0.07003973818673623,0.0,1.0,1.0,1.0,0.0,1.0,1.0,1.0,1.0,1.0,0
1.5655528581605493,1.391031573632513,0.2105511426247795,-0.988043647609593,1.1549334081788114,1.0,0.0,1.0,1.0,0.0,1.0,1.0,1.0,1.0,1.0,0
2.032192163510337,-0.6969637019158151,0.5489739653126408,-0.07309396479754869,0.06120738463814389,1.0,0.0,1.0,1.0,0.0,1.0,1.0,1.0,1.0,1.0,0
-1.4676026266130702,-0.7877461052005251,-0.3083638521632745,0.010083279094455335,-0.8137734341943902,1.0,0.0,1.0,1.0,0.0,1.0,1.0,1.0,1.0,1.0,0
0.8655939001358679,0.7101635489971886,0.30079722867487585,1.0082102057985036,0.936188203470678,0.0,1.0,1.0,1.0,0.0,1.0,1.0,1.0,1.0,1.0,0
-1.0009633212632825,-0.5380944961675728,-0.9400864545139489,-0.07309396479754869,-0.5075301476030033,1.0,0.0,1.0,1.0,0.0,1.0,1.0,1.0,1.0,1.0,1
0.16563494211118654,1.1640755654207382,-0.21811776611317812,-1.320752623177609,0.629944916879291,0.0,1.0,1.0,1.0,0.0,1.0,1.0,1.0,1.0,1.0,1
-0.6509838422509417,0.18816473011010657,0.30079722867487585,-0.4889801842575688,0.5861958759376643,1.0,0.0,1.0,1.0,0.0,1.0,1.0,1.0,1.0,1.0,1
0.28229476844863344,2.344246808121967,0.030058970524586823,1.1745646935825116,0.5424468349960376,0.0,1.0,1.0,1.0,0.0,1.0,1.0,1.0,1.0,1.0,1
-0.18434453690115418,0.256251532573639,-0.0827486370380336,0.8418557180144955,-0.5950282294862567,0.0,1.0,1.0,1.0,0.0,1.0,1.0,1.0,1.0,1.0,0
1.3322332054856556,2.571202816333742,-0.443732981238419,0.7586784741224916,0.8049410806457978,1.0,0.0,1.0,1.0,0.0,1.0,1.0,1.0,1.0,1.0,0
-0.7676436685883887,1.2548579687054482,0.45872787926254444,2.006337132502552,0.10495642557977058,1.0,0.0,1.0,1.0,0.0,1.0,1.0,1.0,1.0,1.0,0
0.16563494211118654,0.8917283555666085,1.0453274385881708,-1.154398135393601,-0.37628302477812314,1.0,0.0,1.0,1.0,0.0,1.0,1.0,1.0,1.0,1.0,0
-0.6509838422509417,-0.878528508485235,-0.4662945027509431,0.34279225466247143,-0.24503590195324304,1.0,0.0,1.0,1.0,0.0,1.0,1.0,1.0,1.0,1.0,0
1.0989135528107616,2.2080732031949024,-0.060187115525509524,0.34279225466247143,0.3674506712295308,1.0,0.0,1.0,1.0,0.0,1.0,1.0,1.0,1.0,1.0,1
-1.1176231476007294,-0.5607900969887503,1.2032580891758393,0.34279225466247143,-0.68252631136951,0.0,1.0,1.0,1.0,0.0,1.0,1.0,1.0,1.0,1.0,0
0.6322742474609742,-0.10687808056520069,0.345920271699924,0.17643776687846338,0.1487054665213973,1.0,0.0,1.0,1.0,0.0,1.0,1.0,1.0,1.0,1.0,0
0.04897511577373963,0.5285987424277687,-1.0754555835890933,-1.320752623177609,0.2362035484046507,1.0,0.0,1.0,1.0,0.0,1.0,1.0,1.0,1.0,1.0,1
-1.2342829739381762,-0.4473120928828629,-0.19555624460065404,2.006337132502552,-0.37628302477812314,0.0,1.0,1.0,1.0,0.0,1.0,1.0,1.0,1.0,1.0,0
-0.41766418957604795,-1.1054845166970098,-0.35348689518832266,-0.23944845258155673,0.1487054665213973,1.0,0.0,1.0,1.0,0.0,1.0,1.0,1.0,1.0,1.0,0
0.28229476844863344,0.12007792764657411,1.654488519426321,-0.988043647609593,-0.33253398383649646,0.0,1.0,1.0,1.0,0.0,1.0,1.0,1.0,1.0,1.0,1
-0.41766418957604795,-0.7877461052005251,1.4965578688386525,-0.4889801842575688,-0.6387772704278833,1.0,0.0,1.0,1.0,0.0,1.0,1.0,1.0,1.0,1.0,0
0.28229476844863344,-0.3338340887769755,1.2483811322008875,-0.07309396479754869,-0.6387772704278833,1.0,0.0,1.0,1.0,0.0,1.0,1.0,1.0,1.0,1.0,0
-0.5343240159134949,-0.2884428871346205,-0.060187115525509524,-0.32262569647356076,0.2799525893462774,0.0,1.0,1.0,1.0,0.0,1.0,1.0,1.0,1.0,1.0,0
-0.06768471056370727,-0.6515725002734603,0.030058970524586823,1.1745646935825116,0.017458343696517182,0.0,1.0,1.0,1.0,0.0,1.0,1.0,1.0,1.0,1.0,0
-0.5343240159134949,0.12007792764657411,0.9325198310255502,-0.07309396479754869,-0.11378877912836292,0.0,1.0,1.0,1.0,0.0,1.0,1.0,1.0,1.0,1.0,1
-0.6509838422509417,-0.5153988953463954,-0.6919097178761839,-0.988043647609593,-0.20128686101161633,1.0,0.0,1.0,1.0,0.0,1.0,1.0,1.0,1.0,1.0,0
-0.6509838422509417,0.07468672600421916,0.075182013549635,-0.4889801842575688,-0.9012715160776436,0.0,1.0,1.0,1.0,0.0,1.0,1.0,1.0,1.0,1.0,0
-0.3010043632386011,-0.1976604838499106,-0.4888560242634672,-0.07309396479754869,0.3674506712295308,1.0,0.0,1.0,1.0,0.0,1.0,1.0,1.0,1.0,1.0,0
-0.8843034949258356,-0.016095677280490765,-0.0827486370380336,-0.5721574281495728,-0.46378110666137656,1.0,0.0,1.0,1.0,0.0,1.0,1.0,1.0,1.0,1.0,0
-0.41766418957604795,0.23355593175246153,0.5264124438001168,0.17643776687846338,-0.15753782006998962,0.0,1.0,1.0,1.0,0.0,1.0,1.0,1.0,1.0,1.0,0
-0.6509838422509417,-0.311138487955798,-0.8949634114889007,0.2596150107704674,-1.3825109664355373,1.0,0.0,1.0,1.0,0.0,1.0,1.0,1.0,1.0,1.0,0
-0.06768471056370727,0.43781633914305884,0.3910433147249722,-1.320752623177609,-0.8137734341943902,1.0,0.0,1.0,1.0,0.0,1.0,1.0,1.0,1.0,1.0,0
-1.4676026266130702,-1.4686141298358495,-1.1657016696391898,-0.4889801842575688,-0.4200320657197499,1.0,0.0,1.0,1.0,0.0,1.0,1.0,1.0,1.0,1.0,0
-1.2342829739381762,-0.7423549035581701,0.8197122234629298,-0.07309396479754869,-0.15753782006998962,1.0,0.0,1.0,1.0,0.0,1.0,1.0,1.0,1.0,1.0,0
-0.3010043632386011,-0.24305168549226558,2.8953722026151456,-0.32262569647356076,-0.07003973818673623,1.0,0.0,1.0,1.0,0.0,1.0,1.0,1.0,1.0,1.0,0
1.3322332054856556,0.8009459522818986,-0.2632408091382263,-0.904866403717589,0.936188203470678,1.0,0.0,1.0,1.0,0.0,1.0,1.0,1.0,1.0,1.0,1
-0.6509838422509417,-1.0147021134123,-0.35348689518832266,-0.988043647609593,0.06120738463814389,1.0,0.0,1.0,1.0,0.0,1.0,1.0,1.0,1.0,1.0,1
-1.1176231476007294,-0.7423549035581701,-0.060187115525509524,-1.154398135393601,0.2362035484046507,0.0,1.0,1.0,1.0,0.0,1.0,1.0,1.0,1.0,1.0,0
0.3989545947860803,-0.24305168549226558,1.5642424333762246,-0.32262569647356076,-0.15753782006998962,0.0,1.0,1.0,1.0,0.0,1.0,1.0,1.0,1.0,1.0,0
-0.7676436685883887,2.162682001552547,-0.19555624460065404,0.09326052298645936,0.7611920397041712,1.0,0.0,1.0,1.0,0.0,1.0,1.0,1.0,1.0,1.0,0
-1.1176231476007294,0.7101635489971886,-0.6467866748511357,0.7586784741224916,0.8924391625290512,0.0,1.0,1.0,1.0,0.0,1.0,1.0,1.0,1.0,1.0,0
-0.8843034949258356,-0.969310911769945,-0.962647976026473,-0.23944845258155673,-1.5137580892604174,1.0,0.0,1.0,1.0,0.0,1.0,1.0,1.0,1.0,1.0,0
1.6822126844979963,1.0279019604936734,0.7520276589253576,0.5923239863384835,1.3299295719453184,1.0,0.0,1.0,1.0,0.0,1.0,1.0,1.0,1.0,1.0,0
0.04897511577373963,-0.061486878922845725,0.8197122234629298,0.34279225466247143,0.5424468349960376,1.0,0.0,1.0,1.0,0.0,1.0,1.0,1.0,1.0,1.0,0
-1.4676026266130702,-0.6742681010946378,-1.526686013839575,1.1745646935825116,-0.15753782006998962,1.0,0.0,1.0,1.0,0.0,1.0,1.0,1.0,1.0,1.0,0
-0.6509838422509417,-0.83313730684288,1.3160656967384599,0.7586784741224916,0.10495642557977058,1.0,0.0,1.0,1.0,0.0,1.0,1.0,1.0,1.0,1.0,0
-0.5343240159134949,0.07468672600421916,0.2105511426247795,0.7586784741224916,-0.24503590195324304,1.0,0.0,1.0,1.0,0.0,1.0,1.0,1.0,1.0,1.0,0
0.16563494211118654,0.7328591498183661,0.30079722867487585,0.34279225466247143,-0.15753782006998962,1.0,0.0,1.0,1.0,0.0,1.0,1.0,1.0,1.0,1.0,0
1.0989135528107616,-0.7423549035581701,0.5038509222875927,0.34279225466247143,0.06120738463814389,0.0,1.0,1.0,1.0,0.0,1.0,1.0,1.0,1.0,1.0,0
-1.0009633212632825,-0.6061812986311053,-0.3083638521632745,-0.32262569647356076,-0.20128686101161633,1.0,0.0,1.0,1.0,0.0,1.0,1.0,1.0,1.0,1.0,0
0.6322742474609742,1.481813976917223,1.0002043955631226,-0.07309396479754869,-0.68252631136951,0.0,1.0,1.0,1.0,0.0,1.0,1.0,1.0,1.0,1.0,0
-1.3509428002756232,-0.6742681010946378,-1.6620551429147197,-0.07309396479754869,-0.5075301476030033,0.0,1.0,1.0,1.0,0.0,1.0,1.0,1.0,1.0,1.0,0
0.04897511577373963,-1.1054845166970098,0.7069046159003094,-0.904866403717589,-0.6387772704278833,0.0,1.0,1.0,1.0,0.0,1.0,1.0,1.0,1.0,1.0,0
0.5156144211235272,-1.3324405249087847,0.09774353506215908,0.7586784741224916,-0.68252631136951,1.0,0.0,1.0,1.0,0.0,1.0,1.0,1.0,1.0,1.0,0
-0.7676436685883887,-0.6061812986311053,0.8197122234629298,1.1745646935825116,-0.2887849428948697,1.0,0.0,1.0,1.0,0.0,1.0,1.0,1.0,1.0,1.0,0
1.0989135528107616,0.43781633914305884,2.8728106811026217,-0.7385119159335809,-0.5075301476030033,1.0,0.0,1.0,1.0,0.0,1.0,1.0,1.0,1.0,1.0,0
-1.584262452950517,-0.3338340887769755,-0.3760484167008467,1.5904509130425317,0.017458343696517182,1.0,0.0,1.0,1.0,0.0,1.0,1.0,1.0,1.0,1.0,0
-1.0009633212632825,-1.1281801175181874,0.2782357071623518,0.5923239863384835,-0.15753782006998962,1.0,0.0,1.0,1.0,0.0,1.0,1.0,1.0,1.0,1.0,0
0.5156144211235272,2.480420413049032,2.0154728636267065,-0.7385119159335809,6.711061607765403,1.0,0.0,1.0,0.0,1.0,1.0,1.0,1.0,1.0,1.0,0
-0.7676436685883887,0.5739899440701237,0.2782357071623518,-0.07309396479754869,0.8049410806457978,0.0,1.0,1.0,1.0,0.0,1.0,1.0,1.0,1.0,1.0,0
-0.41766418957604795,-0.5153988953463954,1.0904504816132188,-0.4889801842575688,-0.11378877912836292,0.0,1.0,1.0,1.0,0.0,1.0,1.0,1.0,1.0,1.0,0
-0.7676436685883887,-0.5153988953463954,-0.5114175457759913,0.34279225466247143,-0.33253398383649646,1.0,0.0,1.0,1.0,0.0,1.0,1.0,1.0,1.0,1.0,0
1.2155733791482086,1.5952919810231103,-0.3760484167008467,1.1745646935825116,0.10495642557977058,0.0,1.0,1.0,1.0,0.0,1.0,1.0,1.0,1.0,1.0,1
1.3322332054856556,4.523024486955006,0.030058970524586823,-0.07309396479754869,-0.11378877912836292,0.0,1.0,1.0,1.0,0.0,1.0,1.0,1.0,1.0,1.0,0
-0.5343240159134949,-0.4700076937040404,2.173403514214375,-0.07309396479754869,-0.07003973818673623,1.0,0.0,1.0,1.0,0.0,1.0,1.0,1.0,1.0,1.0,0
0.9822537264733149,-0.1976604838499106,-0.8272788469513285,-0.6553346720415768,-0.07003973818673623,0.0,1.0,1.0,1.0,0.0,1.0,1.0,1.0,1.0,1.0,1
1.5655528581605493,1.391031573632513,-0.5339790672885153,0.010083279094455335,-0.55127918854463,0.0,1.0,1.0,1.0,0.0,1.0,1.0,1.0,1.0,1.0,1
0.8655939001358679,1.3002491703478032,-0.6693481963636598,-0.07309396479754869,-0.6387772704278833,1.0,0.0,1.0,1.0,0.0,1.0,1.0,1.0,1.0,1.0,0
1.4488930318231024,-0.2884428871346205,-0.4662945027509431,-0.5721574281495728,-0.55127918854463,0.0,1.0,1.0,1.0,0.0,1.0,1.0,1.0,1.0,1.0,0
-0.7676436685883887,-1.1054845166970098,0.2782357071623518,0.34279225466247143,-0.24503590195324304,1.0,0.0,1.0,1.0,0.0,1.0,1.0,1.0,1.0,1.0,0
-0.41766418957604795,-0.6515725002734603,-0.5114175457759913,-0.8216891598255849,0.5424468349960376,0.0,1.0,1.0,1.0,0.0,1.0,1.0,1.0,1.0,1.0,0
-0.18434453690115418,-0.5153988953463954,-0.12787168006308178,-0.4889801842575688,0.1487054665213973,0.0,1.0,1.0,1.0,0.0,1.0,1.0,1.0,1.0,1.0,0
0.16563494211118654,0.30164273421599397,-0.21811776611317812,0.34279225466247143,-0.6387772704278833,0.0,1.0,1.0,1.0,0.0,1.0,1.0,1.0,1.0,1.0,0
0.6322742474609742,0.6647723473548336,0.2105511426247795,-0.07309396479754869,-0.24503590195324304,0.0,1.0,1.0,1.0,0.0,1.0,1.0,1.0,1.0,1.0,0
1.2155733791482086,0.7555547506395436,1.3160656967384599,0.34279225466247143,-1.295012884552284,1.0,0.0,1.0,1.0,0.0,1.0,1.0,1.0,1.0,1.0,0
1.6822126844979963,-0.7423549035581701,1.2709426537134116,0.34279225466247143,0.2362035484046507,1.0,0.0,1.0,1.0,0.0,1.0,1.0,1.0,1.0,1.0,1
0.6322742474609742,-0.4927032945252179,-0.4888560242634672,-0.4058029403655648,0.7174429987625445,0.0,1.0,1.0,1.0,0.0,1.0,1.0,1.0,1.0,1.0,0
-0.41766418957604795,-1.3324405249087847,-0.6016636318260876,0.17643776687846338,-0.15753782006998962,0.0,1.0,1.0,1.0,0.0,1.0,1.0,1.0,1.0,1.0,0
2.032192163510337,0.30164273421599397,0.6166585298502131,-0.07309396479754869,0.2362035484046507,1.0,0.0,1.0,1.0,0.0,1.0,1.0,1.0,1.0,1.0,0
-0.06768471056370727,1.8903347916984177,2.5569493799272847,2.838109571422592,-0.15753782006998962,1.0,0.0,1.0,1.0,0.0,1.0,1.0,1.0,1.0,1.0,0
-0.8843034949258356,-0.6061812986311053,-0.8272788469513285,-1.5702843548536212,-0.55127918854463,1.0,0.0,1.0,1.0,0.0,1.0,1.0,1.0,1.0,1.0,0
-0.3010043632386011,-0.2884428871346205,-0.8272788469513285,0.34279225466247143,0.629944916879291,0.0,1.0,1.0,1.0,0.0,1.0,1.0,1.0,1.0,1.0,0
-0.18434453690115418,-0.6969637019158151,0.16542809959973134,-0.7385119159335809,-0.15753782006998962,1.0,0.0,1.0,1.0,0.0,1.0,1.0,1.0,1.0,1.0,0
-0.18434453690115418,-0.9012241093064125,-0.1053101585505577,0.7586784741224916,0.8049410806457978,0.0,1.0,1.0,1.0,0.0,1.0,1.0,1.0,1.0,1.0,0
1.4488930318231024,2.616594017976097,-0.5565405888010394,2.006337132502552,5.2673432566917215,1.0,0.0,1.0,0.0,1.0,1.0,1.0,1.0,1.0,1.0,0
-0.7676436685883887,-0.9012241093064125,0.30079722867487585,-0.8216891598255849,-0.8137734341943902,1.0,0.0,1.0,1.0,0.0,1.0,1.0,1.0,1.0,1.0,0
1.4488930318231024,-0.24305168549226558,0.18798962111225542,-0.32262569647356076,-0.37628302477812314,0.0,1.0,1.0,1.0,0.0,1.0,1.0,1.0,1.0,1.0,0
-0.6509838422509417,-0.24305168549226558,-0.6242251533386117,0.7586784741224916,0.2799525893462774,0.0,1.0,1.0,1.0,0.0,1.0,1.0,1.0,1.0,1.0,0
-1.4676026266130702,-0.10687808056520069,1.2483811322008875,1.2577419374745158,-0.02629069724510952,0.0,1.0,1.0,1.0,0.0,1.0,1.0,1.0,1.0,1.0,0
0.9822537264733149,0.16546912928892907,0.4136048362374963,0.5091467424464795,-0.8575224751360169,0.0,1.0,1.0,1.0,0.0,1.0,1.0,1.0,1.0,1.0,0
-1.0009633212632825,-0.9012241093064125,-0.3083638521632745,-0.07309396479754869,-1.0325186389025236,0.0,1.0,1.0,1.0,0.0,1.0,1.0,1.0,1.0,1.0,0
0.6322742474609742,1.6860743843078203,1.383750261276032,0.010083279094455335,-0.15753782006998962,0.0,1.0,1.0,1.0,0.0,1.0,1.0,1.0,1.0,1.0,0
-0.3010043632386011,-0.4700076937040404,1.0904504816132188,0.5923239863384835,0.017458343696517182,1.0,0.0,1.0,1.0,0.0,1.0,1.0,1.0,1.0,1.0,0
-0.3010043632386011,1.345640371990158,-1.0528940620765692,-0.904866403717589,-0.07003973818673623,1.0,0.0,1.0,1.0,0.0,1.0,1.0,1.0,1.0,1.0,0
-1.0009633212632825,-0.2884428871346205,-0.2858023306507504,-1.9029933304216373,-0.5950282294862567,0.0,1.0,1.0,1.0,0.0,1.0,1.0,1.0,1.0,1.0,0
-0.5343240159134949,-0.10687808056520069,0.7069046159003094,0.7586784741224916,0.49869779405441095,1.0,0.0,1.0,1.0,0.0,1.0,1.0,1.0,1.0,1.0,0
1.0989135528107616,0.256251532573639,-1.6620551429147197,-0.4889801842575688,-0.5075301476030033,0.0,1.0,1.0,1.0,0.0,1.0,1.0,1.0,1.0,1.0,0
-1.4676026266130702,-0.92391971012759,-1.5943705783771474,-0.07309396479754869,0.49869779405441095,1.0,0.0,1.0,1.0,0.0,1.0,1.0,1.0,1.0,1.0,1
1.4488930318231024,-0.2884428871346205,0.05262049203711091,1.5904509130425317,-0.5075301476030033,1.0,0.0,1.0,1.0,0.0,1.0,1.0,1.0,1.0,1.0,0
0.16563494211118654,-0.1976604838499106,-1.5492475353520991,-0.07309396479754869,0.49869779405441095,1.0,0.0,1.0,1.0,0.0,1.0,1.0,1.0,1.0,1.0,0
-1.2342829739381762,-1.0600933150546548,-1.4364399277894788,0.7586784741224916,-0.15753782006998962,1.0,0.0,1.0,1.0,0.0,1.0,1.0,1.0,1.0,1.0,0
0.8655939001358679,-0.24305168549226558,-1.5718090568646232,0.5923239863384835,1.1111843672371848,0.0,1.0,1.0,1.0,0.0,1.0,1.0,1.0,1.0,1.0,0
0.748934073798421,-0.83313730684288,-0.9852094975389971,-1.320752623177609,0.2799525893462774,0.0,1.0,1.0,1.0,0.0,1.0,1.0,1.0,1.0,1.0,0
0.04897511577373963,-0.83313730684288,0.345920271699924,-1.320752623177609,-0.55127918854463,0.0,1.0,1.0,1.0,0.0,1.0,1.0,1.0,1.0,1.0,0
1.0989135528107616,1.0052063596724958,0.3910433147249722,0.7586784741224916,0.3237016302879041,1.0,0.0,1.0,1.0,0.0,1.0,1.0,1.0,1.0,1.0,0
0.748934073798421,-0.4473120928828629,0.6843430943877853,1.3409191813665198,0.8049410806457978,1.0,0.0,1.0,1.0,0.0,1.0,1.0,1.0,1.0,1.0,0
0.9822537264733149,0.256251532573639,1.3160656967384599,-0.4889801842575688,-0.02629069724510952,1.0,0.0,1.0,1.0,0.0,1.0,1.0,1.0,1.0,1.0,0
-1.2342829739381762,-0.6515725002734603,-1.0528940620765692,-0.988043647609593,-0.55127918854463,0.0,1.0,1.0,1.0,0.0,1.0,1.0,1.0,1.0,1.0,0
-0.18434453690115418,-0.9466153109487675,-0.7821558039262803,-0.15627120868955272,-0.20128686101161633,1.0,0.0,1.0,1.0,0.0,1.0,1.0,1.0,1.0,1.0,0
-0.06768471056370727,-0.5607900969887503,-1.9102318795524846,0.09326052298645936,0.49869779405441095,0.0,1.0,1.0,1.0,0.0,1.0,1.0,1.0,1.0,1.0,0
0.16563494211118654,0.9825107588513183,-0.4662945027509431,-0.07309396479754869,0.936188203470678,1.0,0.0,1.0,1.0,0.0,1.0,1.0,1.0,1.0,1.0,0
-0.8843034949258356,-0.061486878922845725,-0.8272788469513285,0.42596949855447547,0.2799525893462774,0.0,1.0,1.0,1.0,0.0,1.0,1.0,1.0,1.0,1.0,0
-0.5343240159134949,0.256251532573639,0.9550813525380744,0.34279225466247143,2.729898882077373,0.0,1.0,1.0,0.0,1.0,1.0,1.0,1.0,1.0,1.0,0
0.28229476844863344,1.0732931621360282,-0.2632408091382263,0.34279225466247143,0.8049410806457978,0.0,1.0,1.0,1.0,0.0,1.0,1.0,1.0,1.0,1.0,1
-0.7676436685883887,-0.10687808056520069,0.007497449012062735,-0.904866403717589,-0.15753782006998962,1.0,0.0,1.0,1.0,0.0,1.0,1.0,1.0,1.0,1.0,0
-0.5343240159134949,-0.5153988953463954,-0.6016636318260876,0.7586784741224916,-0.46378110666137656,1.0,0.0,1.0,1.0,0.0,1.0,1.0,1.0,1.0,1.0,1
-1.2342829739381762,0.07468672600421916,-0.15043320157560586,-0.07309396479754869,-1.1200167207857772,0.0,1.0,1.0,1.0,0.0,1.0,1.0,1.0,1.0,1.0,0
0.5156144211235272,1.0279019604936734,2.353895686314568,-1.071220891501597,-0.8575224751360169,1.0,0.0,1.0,1.0,0.0,1.0,1.0,1.0,1.0,1.0,0
1.0989135528107616,-1.1962669199817197,-0.5565405888010394,0.7586784741224916,1.5486747766534519,0.0,1.0,1.0,1.0,0.0,1.0,1.0,1.0,1.0,1.0,0
0.9822537264733149,0.16546912928892907,-0.8272788469513285,-0.07309396479754869,-0.37628302477812314,0.0,1.0,1.0,1.0,0.0,1.0,1.0,1.0,1.0,1.0,1
-1.700922279287964,-0.016095677280490765,-0.2632408091382263,-0.23944845258155673,0.06120738463814389,0.0,1.0,1.0,1.0,0.0,1.0,1.0,1.0,1.0,1.0,0
0.748934073798421,-1.1508757183393648,0.345920271699924,-1.320752623177609,-0.4200320657197499,0.0,1.0,1.0,1.0,0.0,1.0,1.0,1.0,1.0,1.0,0
0.8655939001358679,-0.6061812986311053,1.4514348258136043,-1.4871071109616172,-0.37628302477812314,1.0,0.0,1.0,1.0,0.0,1.0,1.0,1.0,1.0,1.0,0
-1.1176231476007294,0.12007792764657411,0.32335875018739996,-0.07309396479754869,-0.07003973818673623,1.0,0.0,1.0,1.0,0.0,1.0,1.0,1.0,1.0,1.0,0
-0.41766418957604795,-0.7423549035581701,0.30079722867487585,1.0082102057985036,0.5424468349960376,1.0,0.0,1.0,1.0,0.0,1.0,1.0,1.0,1.0,1.0,0
0.16563494211118654,-0.3338340887769755,0.30079722867487585,-0.7385119159335809,1.1549334081788114,0.0,1.0,1.0,1.0,0.0,1.0,1.0,1.0,1.0,1.0,0
0.6322742474609742,-0.6742681010946378,-0.3760484167008467,1.1745646935825116,-0.15753782006998962,1.0,0.0,1.0,1.0,0.0,1.0,1.0,1.0,1.0,1.0,0
0.9822537264733149,1.481813976917223,-0.12787168006308178,2.006337132502552,-0.07003973818673623,1.0,0.0,1.0,1.0,0.0,1.0,1.0,1.0,1.0,1.0,0
-1.4676026266130702,-0.5380944961675728,-1.2559477556892862,-0.4058029403655648,-0.6387772704278833,1.0,0.0,1.0,1.0,0.0,1.0,1.0,1.0,1.0,1.0,0
1.0989135528107616,1.9357259933407724,0.7520276589253576,1.5904509130425317,-0.24503590195324304,1.0,0.0,1.0,1.0,0.0,1.0,1.0,1.0,1.0,1.0,0
-1.4676026266130702,-0.10687808056520069,-0.3760484167008467,-0.6553346720415768,-0.15753782006998962,0.0,1.0,1.0,1.0,0.0,1.0,1.0,1.0,1.0,1.0,0
1.5655528581605493,2.162682001552547,0.7294661374128335,-0.32262569647356076,0.10495642557977058,0.0,1.0,1.0,1.0,0.0,1.0,1.0,1.0,1.0,1.0,1
0.28229476844863344,0.6420767465336562,-0.6016636318260876,0.7586784741224916,-0.4200320657197499,1.0,0.0,1.0,1.0,0.0,1.0,1.0,1.0,1.0,1.0,0
-0.18434453690115418,-0.6742681010946378,-0.2406792876257022,-1.320752623177609,-0.68252631136951,0.0,1.0,1.0,1.0,0.0,1.0,1.0,1.0,1.0,1.0,0
-0.8843034949258356,0.8009459522818986,0.594097008337689,1.6736281569345357,-0.15753782006998962,1.0,0.0,1.0,1.0,0.0,1.0,1.0,1.0,1.0,1.0,0
-0.8843034949258356,-0.92391971012759,0.7520276589253576,-0.23944845258155673,0.1487054665213973,0.0,1.0,1.0,1.0,0.0,1.0,1.0,1.0,1.0,1.0,0
0.16563494211118654,-0.2657472863134431,0.09774353506215908,0.7586784741224916,-0.5075301476030033,0.0,1.0,1.0,1.0,0.0,1.0,1.0,1.0,1.0,1.0,1
-0.41766418957604795,-0.6061812986311053,0.5489739653126408,-0.07309396479754869,-0.33253398383649646,0.0,1.0,1.0,1.0,0.0,1.0,1.0,1.0,1.0,1.0,0
-0.7676436685883887,-1.3324405249087847,-1.3913168847644306,0.8418557180144955,-0.15753782006998962,0.0,1.0,1.0,1.0,0.0,1.0,1.0,1.0,1.0,1.0,0
-0.8843034949258356,-0.7877461052005251,0.30079722867487585,-0.904866403717589,-0.11378877912836292,1.0,0.0,1.0,1.0,0.0,1.0,1.0,1.0,1.0,1.0,0
-0.8843034949258356,0.16546912928892907,-0.9175249330014248,-0.07309396479754869,-0.15753782006998962,1.0,0.0,1.0,1.0,0.0,1.0,1.0,1.0,1.0,1.0,0
2.032192163510337,3.1158972360420014,0.594097008337689,-0.07309396479754869,-0.15753782006998962,1.0,0.0,1.0,1.0,0.0,1.0,1.0,1.0,1.0,1.0,1
-1.2342829739381762,-1.0147021134123,0.7520276589253576,-0.07309396479754869,-0.5950282294862567,1.0,0.0,1.0,1.0,0.0,1.0,1.0,1.0,1.0,1.0,0
0.8655939001358679,-1.0373977142334774,1.7447346054764175,-0.32262569647356076,-0.46378110666137656,0.0,1.0,1.0,1.0,0.0,1.0,1.0,1.0,1.0,1.0,0
0.8655939001358679,1.8903347916984177,-0.2858023306507504,-1.071220891501597,0.017458343696517182,1.0,0.0,1.0,1.0,0.0,1.0,1.0,1.0,1.0,1.0,0
-0.5343240159134949,-0.878528508485235,-0.8272788469513285,1.0082102057985036,-0.4200320657197499,0.0,1.0,1.0,1.0,0.0,1.0,1.0,1.0,1.0,1.0,0
-0.3010043632386011,1.2548579687054482,-1.0528940620765692,1.5072736691505277,-0.7700243932527635,1.0,0.0,1.0,1.0,0.0,1.0,1.0,1.0,1.0,1.0,0
0.16563494211118654,-0.6061812986311053,0.6166585298502131,0.7586784741224916,-0.8137734341943902,0.0,1.0,1.0,1.0,0.0,1.0,1.0,1.0,1.0,1.0,0
2.032192163510337,1.7087699851289977,1.3160656967384599,-0.8216891598255849,-0.8137734341943902,1.0,0.0,1.0,1.0,0.0,1.0,1.0,1.0,1.0,1.0,0
1.3322332054856556,0.8009459522818986,-1.210824712664238,-0.8216891598255849,-0.5075301476030033,1.0,0.0,1.0,1.0,0.0,1.0,1.0,1.0,1.0,1.0,1
-0.7676436685883887,-1.0147021134123,0.30079722867487585,-0.988043647609593,0.1487054665213973,1.0,0.0,1.0,1.0,0.0,1.0,1.0,1.0,1.0,1.0,0
-1.3509428002756232,-1.4232229281934945,-1.4138784062769547,0.7586784741224916,-0.15753782006998962,1.0,0.0,1.0,1.0,0.0,1.0,1.0,1.0,1.0,1.0,0
0.28229476844863344,-0.92391971012759,0.2782357071623518,-0.32262569647356076,-0.46378110666137656,1.0,0.0,1.0,1.0,0.0,1.0,1.0,1.0,1.0,1.0,1
1.3322332054856556,0.09738232682539663,0.5038509222875927,-0.4889801842575688,0.4111997121711575,1.0,0.0,1.0,1.0,0.0,1.0,1.0,1.0,1.0,1.0,0
0.3989545947860803,1.391031573632513,0.7069046159003094,0.34279225466247143,-0.7262753523111368,1.0,0.0,1.0,1.0,0.0,1.0,1.0,1.0,1.0,1.0,0
-0.5343240159134949,0.6647723473548336,-0.0827486370380336,-0.07309396479754869,0.7611920397041712,0.0,1.0,1.0,1.0,0.0,1.0,1.0,1.0,1.0,1.0,0
0.3989545947860803,-0.016095677280490765,-0.6016636318260876,2.838109571422592,0.10495642557977058,1.0,0.0,1.0,1.0,0.0,1.0,1.0,1.0,1.0,1.0,1
0.5156144211235272,0.256251532573639,0.14286657808720726,-0.07309396479754869,0.5861958759376643,1.0,0.0,1.0,1.0,0.0,1.0,1.0,1.0,1.0,1.0,0
-1.584262452950517,-0.7877461052005251,-1.3461938417393824,-0.4058029403655648,-0.37628302477812314,1.0,0.0,1.0,1.0,0.0,1.0,1.0,1.0,1.0,1.0,0
-0.6509838422509417,0.914423956387786,0.3684817932124481,-1.6534615987456251,-0.15753782006998962,0.0,1.0,1.0,1.0,0.0,1.0,1.0,1.0,1.0,1.0,0
-0.6509838422509417,0.16546912928892907,0.7745891804378817,0.34279225466247143,-0.7700243932527635,0.0,1.0,1.0,1.0,0.0,1.0,1.0,1.0,1.0,1.0,0
1.2155733791482086,-0.4700076937040404,-0.12787168006308178,0.34279225466247143,-0.6387772704278833,0.0,1.0,1.0,1.0,0.0,1.0,1.0,1.0,1.0,1.0,0
-1.4676026266130702,-1.5140053314782045,-1.1657016696391898,-0.4889801842575688,-0.55127918854463,1.0,0.0,1.0,1.0,0.0,1.0,1.0,1.0,1.0,1.0,0
1.3322332054856556,0.3470339358583489,0.18798962111225542,1.1745646935825116,0.4111997121711575,1.0,0.0,1.0,1.0,0.0,1.0,1.0,1.0,1.0,1.0,1
0.6322742474609742,-1.0600933150546548,-0.15043320157560586,-0.32262569647356076,-0.37628302477812314,1.0,0.0,1.0,1.0,0.0,1.0,1.0,1.0,1.0,1.0,0
-1.4676026266130702,-0.6288768994522828,-0.6467866748511357,-0.4889801842575688,0.1487054665213973,1.0,0.0,1.0,1.0,0.0,1.0,1.0,1.0,1.0,1.0,0
0.5156144211235272,-0.3338340887769755,0.075182013549635,0.010083279094455335,-0.24503590195324304,1.0,0.0,1.0,1.0,0.0,1.0,1.0,1.0,1.0,1.0,1
0.8655939001358679,-0.6969637019158151,-0.35348689518832266,-0.07309396479754869,0.06120738463814389,0.0,1.0,1.0,1.0,0.0,1.0,1.0,1.0,1.0,1.0,1
0.748934073798421,-0.5153988953463954,0.7520276589253576,1.5904509130425317,0.49869779405441095,0.0,1.0,1.0,1.0,0.0,1.0,1.0,1.0,1.0,1.0,0
-1.1176231476007294,-0.10687808056520069,-0.9852094975389971,1.0082102057985036,-0.15753782006998962,0.0,1.0,1.0,1.0,0.0,1.0,1.0,1.0,1.0,1.0,0
-0.8843034949258356,-0.7877461052005251,-0.3083638521632745,-0.32262569647356076,-0.02629069724510952,0.0,1.0,1.0,1.0,0.0,1.0,1.0,1.0,1.0,1.0,0
0.16563494211118654,-1.3778317265511395,0.16542809959973134,-0.4058029403655648,-0.20128686101161633,1.0,0.0,1.0,1.0,0.0,1.0,1.0,1.0,1.0,1.0,0
0.8655939001358679,0.16546912928892907,1.135573524638267,-0.904866403717589,-0.46378110666137656,1.0,0.0,1.0,1.0,0.0,1.0,1.0,1.0,1.0,1.0,0
0.6322742474609742,0.21086033093128403,1.0453274385881708,-0.07309396479754869,0.1487054665213973,0.0,1.0,1.0,1.0,0.0,1.0,1.0,1.0,1.0,1.0,0
-1.1176231476007294,-0.3338340887769755,1.2032580891758393,0.7586784741224916,0.2362035484046507,1.0,0.0,1.0,1.0,0.0,1.0,1.0,1.0,1.0,1.0,0
0.9822537264733149,-1.2189625208028971,-0.2632408091382263,-2.1525250620976495,0.49869779405441095,0.0,1.0,1.0,1.0,0.0,1.0,1.0,1.0,1.0,1.0,0
0.16563494211118654,-0.016095677280490765,1.067888960100695,-0.6553346720415768,0.5424468349960376,1.0,0.0,1.0,1.0,0.0,1.0,1.0,1.0,1.0,1.0,1
-0.18434453690115418,-0.7196593027369926,0.7069046159003094,-1.320752623177609,0.017458343696517182,0.0,1.0,1.0,1.0,0.0,1.0,1.0,1.0,1.0,1.0,0
0.28229476844863344,2.2080732031949024,0.6166585298502131,-0.15627120868955272,-0.20128686101161633,1.0,0.0,1.0,1.0,0.0,1.0,1.0,1.0,1.0,1.0,1
0.16563494211118654,1.7541611867713527,-0.15043320157560586,1.5904509130425317,0.2799525893462774,0.0,1.0,1.0,1.0,0.0,1.0,1.0,1.0,1.0,1.0,1
0.9822537264733149,0.6193811457124787,0.4136048362374963,-0.07309396479754869,-0.37628302477812314,0.0,1.0,1.0,1.0,0.0,1.0,1.0,1.0,1.0,1.0,1
1.4488930318231024,-0.969310911769945,-0.7821558039262803,0.34279225466247143,0.8049410806457978,0.0,1.0,1.0,1.0,0.0,1.0,1.0,1.0,1.0,1.0,0
-0.7676436685883887,1.8449435900560627,-0.060187115525509524,2.006337132502552,-0.24503590195324304,0.0,1.0,1.0,1.0,0.0,1.0,1.0,1.0,1.0,1.0,0
0.04897511577373963,0.4832075407854138,-0.060187115525509524,-0.4889801842575688,0.192454507463024,1.0,0.0,1.0,1.0,0.0,1.0,1.0,1.0,1.0,1.0,1
-0.5343240159134949,0.27894713339481647,-1.2559477556892862,1.1745646935825116,-0.15753782006998962,1.0,0.0,1.0,1.0,0.0,1.0,1.0,1.0,1.0,1.0,0
0.16563494211118654,-1.0147021134123,2.376457207827092,-0.32262569647356076,0.2362035484046507,0.0,1.0,1.0,1.0,0.0,1.0,1.0,1.0,1.0,1.0,1
-1.3509428002756232,-0.24305168549226558,-0.9175249330014248,-0.15627120868955272,-0.15753782006998962,1.0,0.0,1.0,1.0,0.0,1.0,1.0,1.0,1.0,1.0,0
-1.1176231476007294,-0.15226928220755565,-1.6846166644272438,-0.4889801842575688,-0.37628302477812314,0.0,1.0,1.0,1.0,0.0,1.0,1.0,1.0,1.0,1.0,0
1.4488930318231024,0.21086033093128403,0.12030505657468317,-1.320752623177609,-0.15753782006998962,1.0,0.0,1.0,1.0,0.0,1.0,1.0,1.0,1.0,1.0,0
0.28229476844863344,0.7101635489971886,-0.060187115525509524,-0.4889801842575688,-0.15753782006998962,1.0,0.0,1.0,1.0,0.0,1.0,1.0,1.0,1.0,1.0,1
1.4488930318231024,0.30164273421599397,1.2935041752259357,0.7586784741224916,-0.11378877912836292,1.0,0.0,1.0,1.0,0.0,1.0,1.0,1.0,1.0,1.0,0
-1.4676026266130702,0.12007792764657411,-1.1431401481266656,-0.8216891598255849,0.10495642557977058,1.0,0.0,1.0,1.0,0.0,1.0,1.0,1.0,1.0,1.0,0
-1.0009633212632825,-0.37922529041933045,-0.6919097178761839,-0.07309396479754869,0.06120738463814389,0.0,1.0,1.0,1.0,0.0,1.0,1.0,1.0,1.0,1.0,0
0.04897511577373963,-0.83313730684288,1.5416809118637007,-1.7366388426376291,-0.07003973818673623,1.0,0.0,1.0,1.0,0.0,1.0,1.0,1.0,1.0,1.0,0
0.3989545947860803,-0.6061812986311053,1.5191193903511766,-1.9029933304216373,-0.15753782006998962,1.0,0.0,1.0,1.0,0.0,1.0,1.0,1.0,1.0,1.0,0
-0.3010043632386011,-0.9012241093064125,1.4288733043010802,0.010083279094455335,0.06120738463814389,1.0,0.0,1.0,1.0,0.0,1.0,1.0,1.0,1.0,1.0,0
1.798872510835443,-0.4700076937040404,-0.962647976026473,-1.320752623177609,-0.37628302477812314,0.0,1.0,1.0,1.0,0.0,1.0,1.0,1.0,1.0,1.0,0
-0.6509838422509417,-0.6061812986311053,-0.17299472308812996,-0.4889801842575688,0.2799525893462774,1.0,0.0,1.0,1.0,0.0,1.0,1.0,1.0,1.0,1.0,1
1.3322332054856556,-1.3778317265511395,-0.3986099382133708,-0.32262569647356076,-0.8575224751360169,1.0,0.0,1.0,1.0,0.0,1.0,1.0,1.0,1.0,1.0,0
-0.7676436685883887,-0.7423549035581701,-0.8724018899763767,-0.07309396479754869,-0.15753782006998962,0.0,1.0,1.0,1.0,0.0,1.0,1.0,1.0,1.0,1.0,0
0.28229476844863344,-1.0147021134123,1.0904504816132188,-0.7385119159335809,-0.7262753523111368,0.0,1.0,1.0,1.0,0.0,1.0,1.0,1.0,1.0,1.0,0
1.3322332054856556,-0.37922529041933045,0.2105511426247795,-1.7366388426376291,-0.15753782006998962,0.0,1.0,1.0,1.0,0.0,1.0,1.0,1.0,1.0,1.0,1
1.0989135528107616,-0.016095677280490765,0.9550813525380744,0.17643776687846338,0.2799525893462774,1.0,0.0,1.0,1.0,0.0,1.0,1.0,1.0,1.0,1.0,0
1.0989135528107616,1.0732931621360282,-1.5718090568646232,-0.32262569647356076,-1.6012561711436708,1.0,0.0,1.0,1.0,0.0,1.0,1.0,1.0,1.0,1.0,1
1.5655528581605493,-1.0600933150546548,-0.17299472308812996,2.838109571422592,1.6799218994783318,0.0,1.0,1.0,0.0,1.0,1.0,1.0,1.0,1.0,1.0,0
0.9822537264733149,0.6193811457124787,-0.2632408091382263,1.6736281569345357,-1.2512638436106571,1.0,0.0,1.0,1.0,0.0,1.0,1.0,1.0,1.0,1.0,0
-0.5343240159134949,-0.5153988953463954,0.2556741856498277,-0.988043647609593,0.2799525893462774,0.0,1.0,1.0,1.0,0.0,1.0,1.0,1.0,1.0,1.0,0
0.3989545947860803,-0.061486878922845725,0.9325198310255502,-1.071220891501597,-0.33253398383649646,1.0,0.0,1.0,1.0,0.0,1.0,1.0,1.0,1.0,1.0,1
-0.06768471056370727,-0.061486878922845725,1.4288733043010802,-0.4889801842575688,-0.37628302477812314,1.0,0.0,1.0,1.0,0.0,1.0,1.0,1.0,1.0,1.0,1
-0.8843034949258356,-1.4686141298358495,0.12030505657468317,-0.07309396479754869,-0.15753782006998962,1.0,0.0,1.0,1.0,0.0,1.0,1.0,1.0,1.0,1.0,0
-0.41766418957604795,1.2094667670630932,0.3684817932124481,-0.988043647609593,-0.5075301476030033,0.0,1.0,1.0,1.0,0.0,1.0,1.0,1.0,1.0,1.0,0
1.0989135528107616,2.4577248122278545,1.7221730839638933,-0.32262569647356076,0.10495642557977058,1.0,0.0,1.0,1.0,0.0,1.0,1.0,1.0,1.0,1.0,0
1.4488930318231024,1.8449435900560627,0.6617815728752613,-1.154398135393601,-0.2887849428948697,1.0,0.0,1.0,1.0,0.0,1.0,1.0,1.0,1.0,1.0,0
0.6322742474609742,-1.1281801175181874,2.376457207827092,-1.8198160865296331,-0.33253398383649646,0.0,1.0,1.0,1.0,0.0,1.0,1.0,1.0,1.0,1.0,0
-1.700922279287964,-0.5607900969887503,1.4288733043010802,-0.07309396479754869,0.7611920397041712,0.0,1.0,1.0,1.0,0.0,1.0,1.0,1.0,1.0,1.0,0
-0.8843034949258356,-1.0147021134123,-0.2632408091382263,-0.904866403717589,-0.20128686101161633,0.0,1.0,1.0,1.0,0.0,1.0,1.0,1.0,1.0,1.0,1
1.3322332054856556,3.4790268491808414,-1.233386234176762,-0.904866403717589,-0.2887849428948697,0.0,1.0,1.0,1.0,0.0,1.0,1.0,1.0,1.0,1.0,0
-0.18434453690115418,-0.10687808056520069,0.7745891804378817,3.6698820103426324,0.1487054665213973,1.0,0.0,1.0,1.0,0.0,1.0,1.0,1.0,1.0,1.0,0
-0.7676436685883887,0.05199112518304168,-0.6919097178761839,0.8418557180144955,0.3237016302879041,0.0,1.0,1.0,1.0,0.0,1.0,1.0,1.0,1.0,1.0,0
1.6822126844979963,-0.5607900969887503,-0.6016636318260876,0.34279225466247143,-0.20128686101161633,0.0,1.0,1.0,1.0,0.0,1.0,1.0,1.0,1.0,1.0,1
-0.6509838422509417,-0.37922529041933045,0.007497449012062735,-0.4889801842575688,0.2799525893462774,0.0,1.0,1.0,1.0,0.0,1.0,1.0,1.0,1.0,1.0,0
1.4488930318231024,0.7782503514607211,-0.7821558039262803,-0.904866403717589,-0.07003973818673623,0.0,1.0,1.0,1.0,0.0,1.0,1.0,1.0,1.0,1.0,0
-0.06768471056370727,0.05199112518304168,0.30079722867487585,0.5923239863384835,0.10495642557977058,1.0,0.0,1.0,1.0,0.0,1.0,1.0,1.0,1.0,1.0,0
-0.41766418957604795,-1.1508757183393648,-1.6169320998896715,-1.320752623177609,-0.20128686101161633,0.0,1.0,1.0,1.0,0.0,1.0,1.0,1.0,1.0,1.0,0
-1.0009633212632825,-0.8558329076640575,-1.0754555835890933,-1.7366388426376291,-0.37628302477812314,1.0,0.0,1.0,1.0,0.0,1.0,1.0,1.0,1.0,1.0,0
0.9822537264733149,1.1186843637783832,0.6843430943877853,1.3409191813665198,5.398590379516602,1.0,0.0,1.0,0.0,1.0,1.0,1.0,1.0,1.0,1.0,1
-1.584262452950517,-0.2884428871346205,1.654488519426321,0.17643776687846338,-0.15753782006998962,0.0,1.0,1.0,1.0,0.0,1.0,1.0,1.0,1.0,1.0,0
-1.1176231476007294,-0.5607900969887503,-0.5565405888010394,-0.904866403717589,-1.0762676798441504,0.0,1.0,1.0,1.0,0.0,1.0,1.0,1.0,1.0,1.0,0
-1.4676026266130702,-1.2870493232664297,-1.729739707452292,0.7586784741224916,0.8049410806457978,1.0,0.0,1.0,1.0,0.0,1.0,1.0,1.0,1.0,1.0,0
-1.4676026266130702,-0.7877461052005251,-0.060187115525509524,0.7586784741224916,-0.15753782006998962,1.0,0.0,1.0,1.0,0.0,1.0,1.0,1.0,1.0,1.0,0
-1.584262452950517,-0.9012241093064125,-0.7595942824137561,-0.4889801842575688,-0.37628302477812314,1.0,0.0,1.0,1.0,0.0,1.0,1.0,1.0,1.0,1.0,0
-1.4676026266130702,0.3924251375007039,0.45872787926254444,0.34279225466247143,-1.0325186389025236,1.0,0.0,1.0,1.0,0.0,1.0,1.0,1.0,1.0,1.0,0
2.2655118161852306,0.8463371539242535,-0.1053101585505577,-0.07309396479754869,-0.8575224751360169,0.0,1.0,1.0,1.0,0.0,1.0,1.0,1.0,1.0,1.0,0
0.5156144211235272,1.0279019604936734,0.2556741856498277,0.7586784741224916,-0.68252631136951,0.0,1.0,1.0,1.0,0.0,1.0,1.0,1.0,1.0,1.0,0
-0.7676436685883887,-0.6061812986311053,-0.6467866748511357,-0.7385119159335809,-0.37628302477812314,1.0,0.0,1.0,1.0,0.0,1.0,1.0,1.0,1.0,1.0,0
1.2155733791482086,1.1186843637783832,0.30079722867487585,-1.071220891501597,-0.5950282294862567,0.0,1.0,1.0,1.0,0.0,1.0,1.0,1.0,1.0,1.0,1
0.04897511577373963,1.9811171949831274,-0.5114175457759913,-0.6553346720415768,-0.46378110666137656,1.0,0.0,1.0,1.0,0.0,1.0,1.0,1.0,1.0,1.0,0
-0.3010043632386011,-0.2657472863134431,1.1806965676633152,-0.5721574281495728,-0.5075301476030033,1.0,0.0,1.0,1.0,0.0,1.0,1.0,1.0,1.0,1.0,0
-0.3010043632386011,-1.1508757183393648,-1.1882631911517139,-0.904866403717589,-0.5075301476030033,0.0,1.0,1.0,1.0,0.0,1.0,1.0,1.0,1.0,1.0,0
-1.3509428002756232,0.43781633914305884,-0.2406792876257022,2.422223351962572,-0.8137734341943902,0.0,1.0,1.0,1.0,0.0,1.0,1.0,1.0,1.0,1.0,0
-1.2342829739381762,-0.22035608467108808,-1.5718090568646232,-0.32262569647356076,0.017458343696517182,1.0,0.0,1.0,1.0,0.0,1.0,1.0,1.0,1.0,1.0,0
-1.584262452950517,-1.1054845166970098,-2.2937777452653942,-0.23944845258155673,-0.2887849428948697,1.0,0.0,1.0,1.0,0.0,1.0,1.0,1.0,1.0,1.0,0
1.798872510835443,1.1640755654207382,-0.3083638521632745,0.7586784741224916,0.49869779405441095,1.0,0.0,1.0,1.0,0.0,1.0,1.0,1.0,1.0,1.0,1
1.5655528581605493,0.16546912928892907,0.075182013549635,-0.988043647609593,-1.0762676798441504,0.0,1.0,1.0,1.0,0.0,1.0,1.0,1.0,1.0,1.0,0
0.6322742474609742,0.3470339358583489,-0.3986099382133708,-0.07309396479754869,-0.5075301476030033,1.0,0.0,1.0,1.0,0.0,1.0,1.0,1.0,1.0,1.0,0
-1.3509428002756232,-0.4246164920616854,-1.2785092772018103,-0.32262569647356076,-0.5075301476030033,0.0,1.0,1.0,1.0,0.0,1.0,1.0,1.0,1.0,1.0,0
-1.3509428002756232,-0.37922529041933045,2.0605959066517547,0.5091467424464795,-0.55127918854463,0.0,1.0,1.0,1.0,0.0,1.0,1.0,1.0,1.0,1.0,0
-0.5343240159134949,0.3924251375007039,0.075182013549635,1.5904509130425317,-0.24503590195324304,0.0,1.0,1.0,1.0,0.0,1.0,1.0,1.0,1.0,1.0,0
0.9822537264733149,-0.2884428871346205,-0.060187115525509524,0.17643776687846338,-0.15753782006998962,1.0,0.0,1.0,1.0,0.0,1.0,1.0,1.0,1.0,1.0,0
1.2155733791482086,3.0705060343996466,-1.2785092772018103,1.0082102057985036,2.992393127727133,1.0,0.0,1.0,0.0,1.0,1.0,1.0,1.0,1.0,1.0,0
-0.5343240159134949,-0.1976604838499106,0.48128940077506854,-0.4889801842575688,-0.2887849428948697,0.0,1.0,1.0,1.0,0.0,1.0,1.0,1.0,1.0,1.0,0
1.6822126844979963,-0.8104417060217026,0.05262049203711091,-0.988043647609593,-0.15753782006998962,1.0,0.0,1.0,1.0,0.0,1.0,1.0,1.0,1.0,1.0,0
0.9822537264733149,0.3470339358583489,0.864835266487978,0.17643776687846338,-0.33253398383649646,1.0,0.0,1.0,1.0,0.0,1.0,1.0,1.0,1.0,1.0,1
-1.0009633212632825,-0.016095677280490765,1.383750261276032,-1.4871071109616172,0.3674506712295308,0.0,1.0,1.0,1.0,0.0,1.0,1.0,1.0,1.0,1.0,0
-0.18434453690115418,-0.2657472863134431,-0.8272788469513285,-0.07309396479754869,-0.15753782006998962,0.0,1.0,1.0,1.0,0.0,1.0,1.0,1.0,1.0,1.0,0
0.28229476844863344,-0.969310911769945,-0.6242251533386117,1.6736281569345357,-0.5075301476030033,1.0,0.0,1.0,1.0,0.0,1.0,1.0,1.0,1.0,1.0,0
-1.700922279287964,-1.1962669199817197,-0.21811776611317812,-0.4889801842575688,-0.11378877912836292,0.0,1.0,1.0,1.0,0.0,1.0,1.0,1.0,1.0,1.0,0
-0.7676436685883887,0.3470339358583489,1.654488519426321,1.1745646935825116,0.2799525893462774,0.0,1.0,1.0,1.0,0.0,1.0,1.0,1.0,1.0,1.0,0
-1.3509428002756232,-0.878528508485235,-1.5492475353520991,-1.4871071109616172,-0.15753782006998962,0.0,1.0,1.0,1.0,0.0,1.0,1.0,1.0,1.0,1.0,1
0.5156144211235272,0.7101635489971886,0.48128940077506854,-0.15627120868955272,0.5861958759376643,1.0,0.0,1.0,1.0,0.0,1.0,1.0,1.0,1.0,1.0,0
-0.06768471056370727,0.3924251375007039,-0.5565405888010394,-1.320752623177609,-0.5075301476030033,0.0,1.0,1.0,1.0,0.0,1.0,1.0,1.0,1.0,1.0,0
-1.3509428002756232,-1.1281801175181874,-1.210824712664238,-1.5702843548536212,-0.33253398383649646,0.0,1.0,1.0,1.0,0.0,1.0,1.0,1.0,1.0,1.0,0
-0.8843034949258356,-0.969310911769945,-0.4888560242634672,0.09326052298645936,-1.1637657617274038,1.0,0.0,1.0,1.0,0.0,1.0,1.0,1.0,1.0,1.0,0
-1.700922279287964,-1.2870493232664297,0.8422737449754539,-1.320752623177609,-0.5950282294862567,1.0,0.0,1.0,1.0,0.0,1.0,1.0,1.0,1.0,1.0,0
1.0989135528107616,0.3924251375007039,0.5489739653126408,-0.6553346720415768,-0.24503590195324304,1.0,0.0,1.0,1.0,0.0,1.0,1.0,1.0,1.0,1.0,0
-1.1176231476007294,0.43781633914305884,-1.3236323202268583,1.0082102057985036,-0.20128686101161633,1.0,0.0,1.0,1.0,0.0,1.0,1.0,1.0,1.0,1.0,0
-0.6509838422509417,0.6874679481760111,-0.060187115525509524,0.17643776687846338,-0.15753782006998962,1.0,0.0,1.0,1.0,0.0,1.0,1.0,1.0,1.0,1.0,1
-1.4676026266130702,-0.40192089124050795,-1.0980171051016174,-0.904866403717589,-0.07003973818673623,0.0,1.0,1.0,1.0,0.0,1.0,1.0,1.0,1.0,1.0,0
0.16563494211118654,0.959815158030141,-0.5114175457759913,-0.4889801842575688,-0.46378110666137656,1.0,0.0,1.0,1.0,0.0,1.0,1.0,1.0,1.0,1.0,0
0.3989545947860803,0.256251532573639,-0.6016636318260876,1.0082102057985036,0.2362035484046507,1.0,0.0,1.0,1.0,0.0,1.0,1.0,1.0,1.0,1.0,0
1.2155733791482086,0.30164273421599397,0.5264124438001168,-0.15627120868955272,-0.5075301476030033,1.0,0.0,1.0,1.0,0.0,1.0,1.0,1.0,1.0,1.0,0
-0.18434453690115418,2.0265083966254824,0.864835266487978,-0.07309396479754869,0.017458343696517182,1.0,0.0,1.0,1.0,0.0,1.0,1.0,1.0,1.0,1.0,1
-0.3010043632386011,-1.1508757183393648,0.6617815728752613,-0.07309396479754869,-0.7700243932527635,1.0,0.0,1.0,1.0,0.0,1.0,1.0,1.0,1.0,1.0,0
-0.06768471056370727,1.7995523884137077,-0.5114175457759913,0.34279225466247143,-0.5075301476030033,1.0,0.0,1.0,1.0,0.0,1.0,1.0,1.0,1.0,1.0,1
0.5156144211235272,-0.6742681010946378,-0.4888560242634672,-1.320752623177609,-0.2887849428948697,0.0,1.0,1.0,1.0,0.0,1.0,1.0,1.0,1.0,1.0,0
-0.18434453690115418,-0.83313730684288,0.594097008337689,0.34279225466247143,-0.20128686101161633,0.0,1.0,1.0,1.0,0.0,1.0,1.0,1.0,1.0,1.0,0
-0.41766418957604795,0.18816473011010657,-0.03762559401298544,-0.6553346720415768,0.3237016302879041,0.0,1.0,1.0,1.0,0.0,1.0,1.0,1.0,1.0,1.0,0
-0.7676436685883887,-1.2870493232664297,-0.7821558039262803,-1.403929867069613,-0.8137734341943902,0.0,1.0,1.0,1.0,0.0,1.0,1.0,1.0,1.0,1.0,0
-1.0009633212632825,-0.83313730684288,-1.2785092772018103,1.3409191813665198,-0.15753782006998962,1.0,0.0,1.0,1.0,0.0,1.0,1.0,1.0,1.0,1.0,0
-0.41766418957604795,-1.0147021134123,-0.19555624460065404,1.1745646935825116,1.986165186069719,1.0,0.0,1.0,1.0,0.0,1.0,1.0,1.0,1.0,1.0,0
0.3989545947860803,-0.7423549035581701,-1.707178185939768,0.34279225466247143,0.3674506712295308,0.0,1.0,1.0,1.0,0.0,1.0,1.0,1.0,1.0,1.0,0
-0.7676436685883887,1.0279019604936734,0.14286657808720726,0.34279225466247143,-0.8137734341943902,0.0,1.0,1.0,1.0,0.0,1.0,1.0,1.0,1.0,1.0,0
-0.7676436685883887,0.21086033093128403,-1.0980171051016174,-0.07309396479754869,-0.37628302477812314,0.0,1.0,1.0,1.0,0.0,1.0,1.0,1.0,1.0,1.0,0
-0.5343240159134949,-0.6061812986311053,-0.2406792876257022,-0.4889801842575688,-0.68252631136951,0.0,1.0,1.0,1.0,0.0,1.0,1.0,1.0,1.0,1.0,0
-1.1176231476007294,-0.4473120928828629,-0.9400864545139489,-1.320752623177609,-0.4200320657197499,0.0,1.0,1.0,1.0,0.0,1.0,1.0,1.0,1.0,1.0,0
-1.4676026266130702,-1.0147021134123,-0.6242251533386117,0.09326052298645936,-0.07003973818673623,1.0,0.0,1.0,1.0,0.0,1.0,1.0,1.0,1.0,1.0,0
-0.8843034949258356,-1.4232229281934945,-0.6919097178761839,-1.7366388426376291,0.10495642557977058,1.0,0.0,1.0,1.0,0.0,1.0,1.0,1.0,1.0,1.0,0
-1.2342829739381762,-0.9920065125911224,-1.5041244923270511,-1.320752623177609,0.936188203470678,1.0,0.0,1.0,1.0,0.0,1.0,1.0,1.0,1.0,1.0,0
-0.7676436685883887,-0.9920065125911224,0.075182013549635,-0.7385119159335809,-0.07003973818673623,1.0,0.0,1.0,1.0,0.0,1.0,1.0,1.0,1.0,1.0,0
0.6322742474609742,-1.2416581216240747,-0.12787168006308178,-0.07309396479754869,-0.68252631136951,0.0,1.0,1.0,1.0,0.0,1.0,1.0,1.0,1.0,1.0,0
0.8655939001358679,-0.3338340887769755,1.1806965676633152,-0.8216891598255849,-0.55127918854463,1.0,0.0,1.0,1.0,0.0,1.0,1.0,1.0,1.0,1.0,0
-1.1176231476007294,-0.4700076937040404,-1.707178185939768,-0.07309396479754869,0.1487054665213973,0.0,1.0,1.0,1.0,0.0,1.0,1.0,1.0,1.0,1.0,1
-0.8843034949258356,-0.4700076937040404,-0.19555624460065404,-0.5721574281495728,-0.5950282294862567,1.0,0.0,1.0,1.0,0.0,1.0,1.0,1.0,1.0,1.0,0
-0.5343240159134949,0.3470339358583489,0.5489739653126408,-0.4889801842575688,-0.15753782006998962,1.0,0.0,1.0,1.0,0.0,1.0,1.0,1.0,1.0,1.0,0
0.3989545947860803,-0.40192089124050795,-0.3760484167008467,0.17643776687846338,-0.37628302477812314,0.0,1.0,1.0,1.0,0.0,1.0,1.0,1.0,1.0,1.0,0
1.0989135528107616,1.2094667670630932,-0.3083638521632745,-1.154398135393601,0.06120738463814389,1.0,0.0,1.0,1.0,0.0,1.0,1.0,1.0,1.0,1.0,0
-1.2342829739381762,-1.1508757183393648,-0.3760484167008467,-0.8216891598255849,-0.15753782006998962,0.0,1.0,1.0,1.0,0.0,1.0,1.0,1.0,1.0,1.0,0
-1.1176231476007294,-0.10687808056520069,-0.5339790672885153,1.6736281569345357,-0.24503590195324304,1.0,0.0,1.0,1.0,0.0,1.0,1.0,1.0,1.0,1.0,0
0.28229476844863344,0.9371195572089634,-1.5041244923270511,1.2577419374745158,-0.6387772704278833,0.0,1.0,1.0,1.0,0.0,1.0,1.0,1.0,1.0,1.0,0
-0.41766418957604795,-0.1976604838499106,0.2556741856498277,0.34279225466247143,-0.20128686101161633,1.0,0.0,1.0,1.0,0.0,1.0,1.0,1.0,1.0,1.0,0
-1.1176231476007294,-1.1962669199817197,-1.4364399277894788,0.7586784741224916,0.06120738463814389,1.0,0.0,1.0,1.0,0.0,1.0,1.0,1.0,1.0,1.0,0
-0.6509838422509417,-1.6047877347629145,2.3087726432895197,1.1745646935825116,0.1487054665213973,0.0,1.0,1.0,1.0,0.0,1.0,1.0,1.0,1.0,1.0,0
1.2155733791482086,2.0265083966254824,0.3910433147249722,1.3409191813665198,-0.11378877912836292,1.0,0.0,1.0,1.0,0.0,1.0,1.0,1.0,1.0,1.0,1
-0.8843034949258356,-1.6955701380476242,-0.8272788469513285,-1.320752623177609,0.06120738463814389,1.0,0.0,1.0,1.0,0.0,1.0,1.0,1.0,1.0,1.0,0
0.8655939001358679,-0.4700076937040404,0.18798962111225542,-0.904866403717589,0.4549487531127842,0.0,1.0,1.0,1.0,0.0,1.0,1.0,1.0,1.0,1.0,0
0.8655939001358679,-0.5607900969887503,0.7520276589253576,1.5904509130425317,-0.02629069724510952,1.0,0.0,1.0,1.0,0.0,1.0,1.0,1.0,1.0,1.0,0
-0.41766418957604795,-1.5820921339417369,-0.17299472308812996,0.34279225466247143,-0.15753782006998962,1.0,0.0,1.0,1.0,0.0,1.0,1.0,1.0,1.0,1.0,1
-0.18434453690115418,-0.1976604838499106,-0.7821558039262803,0.34279225466247143,-0.2887849428948697,1.0,0.0,1.0,1.0,0.0,1.0,1.0,1.0,1.0,1.0,0
0.04897511577373963,0.7328591498183661,-0.1053101585505577,0.34279225466247143,0.2799525893462774,0.0,1.0,1.0,0.0,1.0,1.0,1.0,1.0,1.0,1.0,1
0.8655939001358679,2.04920399744666,-0.2632408091382263,-0.32262569647356076,0.629944916879291,0.0,1.0,1.0,1.0,0.0,1.0,1.0,1.0,1.0,1.0,1
0.28229476844863344,-1.3778317265511395,0.864835266487978,-0.904866403717589,-0.15753782006998962,1.0,0.0,1.0,1.0,0.0,1.0,1.0,1.0,1.0,1.0,0
-0.06768471056370727,0.8009459522818986,-0.21811776611317812,1.0082102057985036,0.06120738463814389,1.0,0.0,1.0,1.0,0.0,1.0,1.0,1.0,1.0,1.0,0
0.28229476844863344,-0.6515725002734603,0.9776428740505985,1.6736281569345357,-0.8575224751360169,1.0,0.0,1.0,1.0,0.0,1.0,1.0,1.0,1.0,1.0,0
-0.7676436685883887,1.345640371990158,-0.2632408091382263,1.4240964252585238,0.2799525893462774,0.0,1.0,1.0,1.0,0.0,1.0,1.0,1.0,1.0,1.0,0
2.032192163510337,0.23355593175246153,0.7520276589253576,0.7586784741224916,-0.37628302477812314,1.0,0.0,1.0,1.0,0.0,1.0,1.0,1.0,1.0,1.0,0
-1.2342829739381762,0.23355593175246153,-0.3760484167008467,-1.320752623177609,0.2799525893462774,1.0,0.0,1.0,1.0,0.0,1.0,1.0,1.0,1.0,1.0,0
-0.6509838422509417,0.46051193996423634,-0.8047173254388044,-0.7385119159335809,-0.6387772704278833,0.0,1.0,1.0,1.0,0.0,1.0,1.0,1.0,1.0,1.0,0
-1.700922279287964,0.7101635489971886,0.18798962111225542,-1.320752623177609,-0.37628302477812314,1.0,0.0,1.0,1.0,0.0,1.0,1.0,1.0,1.0,1.0,0
1.2155733791482086,2.571202816333742,0.345920271699924,-1.8198160865296331,-0.5075301476030033,1.0,0.0,1.0,1.0,0.0,1.0,1.0,1.0,1.0,1.0,0
0.8655939001358679,3.4109400467173088,1.0453274385881708,2.006337132502552,0.06120738463814389,1.0,0.0,1.0,1.0,0.0,1.0,1.0,1.0,1.0,1.0,1
0.04897511577373963,-0.061486878922845725,0.14286657808720726,2.838109571422592,-0.15753782006998962,1.0,0.0,1.0,1.0,0.0,1.0,1.0,1.0,1.0,1.0,0
-1.2342829739381762,-0.969310911769945,-1.1657016696391898,-0.4889801842575688,0.2362035484046507,1.0,0.0,1.0,1.0,0.0,1.0,1.0,1.0,1.0,1.0,0
-1.700922279287964,1.2094667670630932,0.18798962111225542,2.838109571422592,-0.15753782006998962,0.0,1.0,1.0,1.0,0.0,1.0,1.0,1.0,1.0,1.0,0
-0.8843034949258356,-1.1962669199817197,0.2556741856498277,-0.6553346720415768,-0.15753782006998962,1.0,0.0,1.0,1.0,0.0,1.0,1.0,1.0,1.0,1.0,0
1.798872510835443,1.5952919810231103,-0.714471239388708,0.9250329619064996,-0.15753782006998962,1.0,0.0,1.0,1.0,0.0,1.0,1.0,1.0,1.0,1.0,0
1.4488930318231024,3.342853244253776,1.8349806915265137,0.6755012302304875,0.2362035484046507,1.0,0.0,1.0,1.0,0.0,1.0,1.0,1.0,1.0,1.0,0
0.3989545947860803,-0.7423549035581701,-0.1053101585505577,-0.23944845258155673,0.06120738463814389,1.0,0.0,1.0,1.0,0.0,1.0,1.0,1.0,1.0,1.0,0
0.16563494211118654,-0.4246164920616854,0.030058970524586823,0.34279225466247143,0.8049410806457978,1.0,0.0,1.0,1.0,0.0,1.0,1.0,1.0,1.0,1.0,0
0.5156144211235272,1.2094667670630932,-0.8498403684638526,-0.8216891598255849,0.49869779405441095,1.0,0.0,1.0,1.0,0.0,1.0,1.0,1.0,1.0,1.0,0
0.5156144211235272,0.8009459522818986,1.902665256064086,-0.07309396479754869,2.1611613498362257,1.0,0.0,1.0,1.0,0.0,1.0,1.0,1.0,1.0,1.0,0
0.04897511577373963,-0.83313730684288,-0.5114175457759913,-0.8216891598255849,0.06120738463814389,0.0,1.0,1.0,1.0,0.0,1.0,1.0,1.0,1.0,1.0,0
-1.0009633212632825,-0.5380944961675728,0.4136048362374963,2.006337132502552,-0.11378877912836292,0.0,1.0,1.0,1.0,0.0,1.0,1.0,1.0,1.0,1.0,0
-1.2342829739381762,1.3002491703478032,-0.3986099382133708,1.5072736691505277,1.067435326295558,1.0,0.0,1.0,1.0,0.0,1.0,1.0,1.0,1.0,1.0,0
-1.4676026266130702,-0.2884428871346205,-0.443732981238419,-0.07309396479754869,-0.8575224751360169,1.0,0.0,1.0,1.0,0.0,1.0,1.0,1.0,1.0,1.0,0
1.6822126844979963,1.527205178559578,0.6617815728752613,0.5091467424464795,0.2362035484046507,1.0,0.0,1.0,1.0,0.0,1.0,1.0,1.0,1.0,1.0,0
0.6322742474609742,-0.6061812986311053,-0.1053101585505577,-1.320752623177609,0.8049410806457978,1.0,0.0,1.0,1.0,0.0,1.0,1.0,1.0,1.0,1.0,1
-1.2342829739381762,-0.5607900969887503,-1.0980171051016174,-0.904866403717589,-0.07003973818673623,0.0,1.0,1.0,1.0,0.0,1.0,1.0,1.0,1.0,1.0,0
-0.7676436685883887,-0.7196593027369926,0.14286657808720726,-0.6553346720415768,-0.15753782006998962,1.0,0.0,1.0,1.0,0.0,1.0,1.0,1.0,1.0,1.0,0
-1.1176231476007294,-1.2870493232664297,-0.7821558039262803,-0.4889801842575688,-0.8575224751360169,1.0,0.0,1.0,1.0,0.0,1.0,1.0,1.0,1.0,1.0,1
-0.7676436685883887,2.2080732031949024,-0.6016636318260876,-0.07309396479754869,-1.1637657617274038,0.0,1.0,1.0,1.0,0.0,1.0,1.0,1.0,1.0,1.0,0
-1.1176231476007294,-0.3338340887769755,0.2331126641373036,0.7586784741224916,-0.07003973818673623,1.0,0.0,1.0,1.0,0.0,1.0,1.0,1.0,1.0,1.0,0
-1.2342829739381762,-0.061486878922845725,0.864835266487978,1.5072736691505277,0.10495642557977058,1.0,0.0,1.0,1.0,0.0,1.0,1.0,1.0,1.0,1.0,0
-1.4676026266130702,-0.92391971012759,0.2782357071623518,-1.6534615987456251,-0.24503590195324304,0.0,1.0,1.0,1.0,0.0,1.0,1.0,1.0,1.0,1.0,0
0.9822537264733149,1.0732931621360282,0.6166585298502131,1.3409191813665198,0.936188203470678,0.0,1.0,1.0,1.0,0.0,1.0,1.0,1.0,1.0,1.0,1
-0.7676436685883887,0.4832075407854138,-1.0077710190515212,-0.07309396479754869,-0.11378877912836292,0.0,1.0,1.0,1.0,0.0,1.0,1.0,1.0,1.0,1.0,0
-0.6509838422509417,-0.10687808056520069,-0.2632408091382263,1.3409191813665198,0.017458343696517182,0.0,1.0,1.0,1.0,0.0,1.0,1.0,1.0,1.0,1.0,0
0.6322742474609742,0.3470339358583489,2.3313341648020436,-0.07309396479754869,0.06120738463814389,1.0,0.0,1.0,1.0,0.0,1.0,1.0,1.0,1.0,1.0,0
1.6822126844979963,0.8009459522818986,-0.9175249330014248,-1.320752623177609,0.49869779405441095,1.0,0.0,1.0,1.0,0.0,1.0,1.0,1.0,1.0,1.0,0
1.2155733791482086,-0.2884428871346205,-0.01506407250046135,-0.4058029403655648,-0.24503590195324304,1.0,0.0,1.0,1.0,0.0,1.0,1.0,1.0,1.0,1.0,0
0.28229476844863344,0.5739899440701237,0.18798962111225542,1.1745646935825116,-0.07003973818673623,1.0,0.0,1.0,1.0,0.0,1.0,1.0,1.0,1.0,1.0,0
-0.18434453690115418,-0.6288768994522828,0.3684817932124481,-0.5721574281495728,-0.5075301476030033,0.0,1.0,1.0,1.0,0.0,1.0,1.0,1.0,1.0,1.0,0
-0.06768471056370727,0.6647723473548336,0.8197122234629298,0.7586784741224916,-0.8575224751360169,1.0,0.0,1.0,1.0,0.0,1.0,1.0,1.0,1.0,1.0,0
0.5156144211235272,-0.22035608467108808,-0.12787168006308178,-0.4889801842575688,1.4611766947701983,1.0,0.0,1.0,0.0,1.0,1.0,1.0,1.0,1.0,1.0,0
1.3322332054856556,-0.4700076937040404,-0.6016636318260876,-0.6553346720415768,0.6736939578209178,1.0,0.0,1.0,1.0,0.0,1.0,1.0,1.0,1.0,1.0,0
-0.5343240159134949,0.256251532573639,-0.15043320157560586,-0.8216891598255849,-0.6387772704278833,1.0,0.0,1.0,1.0,0.0,1.0,1.0,1.0,1.0,1.0,0
1.4488930318231024,-0.2884428871346205,1.0002043955631226,-0.904866403717589,-0.8137734341943902,1.0,0.0,1.0,1.0,0.0,1.0,1.0,1.0,1.0,1.0,0
-1.9342419319628577,0.41512073832188134,-1.6169320998896715,-1.8198160865296331,-0.20128686101161633,0.0,1.0,1.0,1.0,0.0,1.0,1.0,1.0,1.0,1.0,0
-0.8843034949258356,-0.969310911769945,-1.210824712664238,-0.8216891598255849,-0.02629069724510952,1.0,0.0,1.0,1.0,0.0,1.0,1.0,1.0,1.0,1.0,0
0.748934073798421,-0.3338340887769755,0.075182013549635,0.34279225466247143,0.017458343696517182,1.0,0.0,1.0,1.0,0.0,1.0,1.0,1.0,1.0,1.0,0
0.748934073798421,0.07468672600421916,0.14286657808720726,0.42596949855447547,-0.68252631136951,0.0,1.0,1.0,1.0,0.0,1.0,1.0,1.0,1.0,1.0,0
-0.18434453690115418,-0.3338340887769755,0.5715354868251649,0.7586784741224916,-0.4200320657197499,1.0,0.0,1.0,1.0,0.0,1.0,1.0,1.0,1.0,1.0,0
0.28229476844863344,0.256251532573639,-0.5565405888010394,-1.320752623177609,-0.15753782006998962,0.0,1.0,1.0,1.0,0.0,1.0,1.0,1.0,1.0,1.0,0
-0.6509838422509417,-0.7877461052005251,0.7971507019504057,0.34279225466247143,-0.20128686101161633,0.0,1.0,1.0,1.0,0.0,1.0,1.0,1.0,1.0,1.0,0
-1.1176231476007294,-1.0147021134123,-1.0528940620765692,-1.320752623177609,-0.4200320657197499,0.0,1.0,1.0,1.0,0.0,1.0,1.0,1.0,1.0,1.0,0
-1.1176231476007294,0.5739899440701237,-0.5339790672885153,1.5904509130425317,1.5486747766534519,0.0,1.0,1.0,1.0,0.0,1.0,1.0,1.0,1.0,1.0,0
1.2155733791482086,0.3924251375007039,0.3684817932124481,-0.07309396479754869,-0.24503590195324304,0.0,1.0,1.0,1.0,0.0,1.0,1.0,1.0,1.0,1.0,0
-0.5343240159134949,-1.0827889158758324,-0.2632408091382263,-0.32262569647356076,-0.07003973818673623,1.0,0.0,1.0,1.0,0.0,1.0,1.0,1.0,1.0,1.0,0
-1.0009633212632825,-1.1508757183393648,-1.3461938417393824,-0.07309396479754869,-0.7262753523111368,1.0,0.0,1.0,1.0,0.0,1.0,1.0,1.0,1.0,1.0,0
-0.7676436685883887,0.5512943432489462,0.18798962111225542,-0.4889801842575688,-1.6012561711436708,0.0,1.0,1.0,1.0,0.0,1.0,1.0,1.0,1.0,1.0,0
-1.3509428002756232,-0.4473120928828629,-0.6242251533386117,1.1745646935825116,-0.37628302477812314,1.0,0.0,1.0,1.0,0.0,1.0,1.0,1.0,1.0,1.0,0
-0.18434453690115418,0.914423956387786,-0.2858023306507504,-0.7385119159335809,0.1487054665213973,1.0,0.0,1.0,1.0,0.0,1.0,1.0,1.0,1.0,1.0,0
-0.5343240159134949,-0.9012241093064125,0.16542809959973134,-0.07309396479754869,-0.15753782006998962,1.0,0.0,1.0,1.0,0.0,1.0,1.0,1.0,1.0,1.0,0
0.16563494211118654,0.6874679481760111,-0.8047173254388044,2.006337132502552,-0.6387772704278833,1.0,0.0,1.0,1.0,0.0,1.0,1.0,1.0,1.0,1.0,0
-1.3509428002756232,-0.3338340887769755,0.345920271699924,-1.320752623177609,-0.55127918854463,0.0,1.0,1.0,1.0,0.0,1.0,1.0,1.0,1.0,1.0,0
-0.18434453690115418,-0.24305168549226558,-0.9852094975389971,-1.4871071109616172,-0.5075301476030033,1.0,0.0,1.0,1.0,0.0,1.0,1.0,1.0,1.0,1.0,0
1.4488930318231024,-1.2870493232664297,0.5264124438001168,-0.4889801842575688,0.49869779405441095,0.0,1.0,1.0,1.0,0.0,1.0,1.0,1.0,1.0,1.0,0
-1.2342829739381762,-0.9012241093064125,-0.962647976026473,-0.7385119159335809,0.10495642557977058,1.0,0.0,1.0,1.0,0.0,1.0,1.0,1.0,1.0,1.0,0
0.16563494211118654,-0.24305168549226558,0.075182013549635,-0.4889801842575688,-0.6387772704278833,0.0,1.0,1.0,1.0,0.0,1.0,1.0,1.0,1.0,1.0,1
-1.0009633212632825,0.8917283555666085,0.8422737449754539,0.7586784741224916,-0.7262753523111368,0.0,1.0,1.0,1.0,0.0,1.0,1.0,1.0,1.0,1.0,0
0.3989545947860803,-1.3778317265511395,0.18798962111225542,-1.320752623177609,-0.15753782006998962,1.0,0.0,1.0,1.0,0.0,1.0,1.0,1.0,1.0,1.0,0
-1.584262452950517,0.43781633914305884,0.007497449012062735,-1.9029933304216373,0.2362035484046507,0.0,1.0,1.0,1.0,0.0,1.0,1.0,1.0,1.0,1.0,0
0.04897511577373963,-1.2416581216240747,-0.17299472308812996,1.1745646935825116,-0.11378877912836292,1.0,0.0,1.0,1.0,0.0,1.0,1.0,1.0,1.0,1.0,0
-0.8843034949258356,-0.5607900969887503,-1.233386234176762,0.7586784741224916,0.2362035484046507,0.0,1.0,1.0,1.0,0.0,1.0,1.0,1.0,1.0,1.0,0
-1.3509428002756232,-1.0147021134123,-0.4888560242634672,2.006337132502552,-0.37628302477812314,0.0,1.0,1.0,1.0,0.0,1.0,1.0,1.0,1.0,1.0,0
-0.5343240159134949,-0.10687808056520069,-0.5339790672885153,-0.6553346720415768,-0.2887849428948697,0.0,1.0,1.0,1.0,0.0,1.0,1.0,1.0,1.0,1.0,0
0.3989545947860803,-0.10687808056520069,1.631926997913797,0.5091467424464795,-0.07003973818673623,1.0,0.0,1.0,1.0,0.0,1.0,1.0,1.0,1.0,1.0,0
0.748934073798421,-0.1976604838499106,0.2105511426247795,1.3409191813665198,0.4549487531127842,1.0,0.0,1.0,1.0,0.0,1.0,1.0,1.0,1.0,1.0,0
0.04897511577373963,0.029295524361864195,0.2782357071623518,-0.07309396479754869,-0.2887849428948697,0.0,1.0,1.0,1.0,0.0,1.0,1.0,1.0,1.0,1.0,1
0.3989545947860803,2.344246808121967,-0.3986099382133708,0.34279225466247143,-0.37628302477812314,1.0,0.0,1.0,1.0,0.0,1.0,1.0,1.0,1.0,1.0,1
0.9822537264733149,-1.1962669199817197,0.14286657808720726,-1.320752623177609,-0.07003973818673623,0.0,1.0,1.0,1.0,0.0,1.0,1.0,1.0,1.0,1.0,0
-1.584262452950517,-1.3551361257299621,-1.3236323202268583,-0.07309396479754869,0.5424468349960376,1.0,0.0,1.0,1.0,0.0,1.0,1.0,1.0,1.0,1.0,0
1.5655528581605493,1.2094667670630932,-0.33092537367579855,0.34279225466247143,0.5861958759376643,0.0,1.0,1.0,1.0,0.0,1.0,1.0,1.0,1.0,1.0,1
-0.41766418957604795,-0.6515725002734603,-0.9852094975389971,-0.07309396479754869,-0.15753782006998962,1.0,0.0,1.0,1.0,0.0,1.0,1.0,1.0,1.0,1.0,0
-1.4676026266130702,-1.2870493232664297,-1.526686013839575,-0.4889801842575688,-0.4200320657197499,1.0,0.0,1.0,1.0,0.0,1.0,1.0,1.0,1.0,1.0,0
0.9822537264733149,0.27894713339481647,-0.4211714597258949,-0.23944845258155673,-0.15753782006998962,1.0,0.0,1.0,1.0,0.0,1.0,1.0,1.0,1.0,1.0,0
0.04897511577373963,0.5285987424277687,0.48128940077506854,2.006337132502552,0.06120738463814389,1.0,0.0,1.0,1.0,0.0,1.0,1.0,1.0,1.0,1.0,0
1.0989135528107616,-0.3338340887769755,0.32335875018739996,-0.4889801842575688,-0.5075301476030033,1.0,0.0,1.0,1.0,0.0,1.0,1.0,1.0,1.0,1.0,0
-0.5343240159134949,-0.6288768994522828,-1.9102318795524846,-0.15627120868955272,-0.5950282294862567,1.0,0.0,1.0,1.0,0.0,1.0,1.0,1.0,1.0,1.0,0
0.16563494211118654,-0.9466153109487675,-0.2858023306507504,-1.071220891501597,-0.33253398383649646,1.0,0.0,1.0,1.0,0.0,1.0,1.0,1.0,1.0,1.0,0
-1.0009633212632825,-0.3338340887769755,-1.1657016696391898,2.58857783974658,-0.2887849428948697,1.0,0.0,1.0,1.0,0.0,1.0,1.0,1.0,1.0,1.0,0
0.28229476844863344,-1.5593965331205595,-0.5114175457759913,-0.6553346720415768,0.3674506712295308,0.0,1.0,1.0,1.0,0.0,1.0,1.0,1.0,1.0,1.0,0
-0.7676436685883887,-1.1281801175181874,-1.0077710190515212,-0.7385119159335809,-0.15753782006998962,1.0,0.0,1.0,1.0,0.0,1.0,1.0,1.0,1.0,1.0,0
-0.41766418957604795,1.822247989234885,1.3160656967384599,-0.4889801842575688,-0.20128686101161633,0.0,1.0,1.0,1.0,0.0,1.0,1.0,1.0,1.0,1.0,0
-0.8843034949258356,0.3924251375007039,-0.8498403684638526,0.34279225466247143,-0.9450205570192703,1.0,0.0,1.0,1.0,0.0,1.0,1.0,1.0,1.0,1.0,1
-0.6509838422509417,-0.2884428871346205,-0.443732981238419,-0.904866403717589,-0.5950282294862567,0.0,1.0,1.0,1.0,0.0,1.0,1.0,1.0,1.0,1.0,0
-0.6509838422509417,-0.92391971012759,-0.8724018899763767,-0.4889801842575688,-0.15753782006998962,1.0,0.0,1.0,1.0,0.0,1.0,1.0,1.0,1.0,1.0,0
-0.5343240159134949,2.6846808204396293,-0.19555624460065404,1.5904509130425317,-0.15753782006998962,1.0,0.0,1.0,1.0,0.0,1.0,1.0,1.0,1.0,1.0,0
-1.2342829739381762,-0.92391971012759,-1.6394936214021956,-1.320752623177609,0.1487054665213973,1.0,0.0,1.0,1.0,0.0,1.0,1.0,1.0,1.0,1.0,0
-1.4676026266130702,-0.878528508485235,-0.19555624460065404,-1.4871071109616172,-0.37628302477812314,0.0,1.0,1.0,1.0,0.0,1.0,1.0,1.0,1.0,1.0,0
1.798872510835443,-0.7877461052005251,0.9776428740505985,-0.904866403717589,-1.0325186389025236,1.0,0.0,1.0,1.0,0.0,1.0,1.0,1.0,1.0,1.0,0
-1.700922279287964,-0.4927032945252179,-1.3913168847644306,1.3409191813665198,0.49869779405441095,1.0,0.0,1.0,1.0,0.0,1.0,1.0,1.0,1.0,1.0,0
0.04897511577373963,-0.17496488302873314,-0.7595942824137561,-1.7366388426376291,0.10495642557977058,1.0,0.0,1.0,1.0,0.0,1.0,1.0,1.0,1.0,1.0,0
0.04897511577373963,-1.0147021134123,0.6392200513627372,0.34279225466247143,0.2799525893462774,1.0,0.0,1.0,1.0,0.0,1.0,1.0,1.0,1.0,1.0,0
-0.7676436685883887,1.3229447711689806,0.48128940077506854,1.0082102057985036,0.10495642557977058,1.0,0.0,1.0,1.0,0.0,1.0,1.0,1.0,1.0,1.0,0
-0.5343240159134949,-0.10687808056520069,-0.4211714597258949,-0.32262569647356076,-0.7700243932527635,0.0,1.0,1.0,1.0,0.0,1.0,1.0,1.0,1.0,1.0,0
-0.8843034949258356,0.9371195572089634,-0.0827486370380336,-1.320752623177609,0.3674506712295308,1.0,0.0,1.0,1.0,0.0,1.0,1.0,1.0,1.0,1.0,0
0.6322742474609742,0.12007792764657411,1.654488519426321,2.838109571422592,-0.33253398383649646,1.0,0.0,1.0,1.0,0.0,1.0,1.0,1.0,1.0,1.0,0
-1.0009633212632825,-0.2884428871346205,0.4136048362374963,0.34279225466247143,-0.24503590195324304,0.0,1.0,1.0,1.0,0.0,1.0,1.0,1.0,1.0,1.0,0
0.3989545947860803,0.256251532573639,-1.0980171051016174,-1.320752623177609,-0.2887849428948697,0.0,1.0,1.0,1.0,0.0,1.0,1.0,1.0,1.0,1.0,0
0.3989545947860803,2.5485072155125645,0.14286657808720726,-0.6553346720415768,-0.5075301476030033,1.0,0.0,1.0,1.0,0.0,1.0,1.0,1.0,1.0,1.0,0
0.9822537264733149,-0.4246164920616854,0.18798962111225542,-0.6553346720415768,-0.24503590195324304,1.0,0.0,1.0,1.0,0.0,1.0,1.0,1.0,1.0,1.0,0
-0.7676436685883887,-0.92391971012759,0.345920271699924,1.1745646935825116,-0.7262753523111368,0.0,1.0,1.0,1.0,0.0,1.0,1.0,1.0,1.0,1.0,1
0.5156144211235272,0.4832075407854138,-0.03762559401298544,0.7586784741224916,0.8924391625290512,0.0,1.0,1.0,1.0,0.0,1.0,1.0,1.0,1.0,1.0,0
1.6822126844979963,0.6647723473548336,0.5715354868251649,0.7586784741224916,3.9986210693845474,1.0,0.0,1.0,0.0,1.0,1.0,1.0,1.0,1.0,1.0,0
-1.1176231476007294,-0.969310911769945,-1.1657016696391898,-0.07309396479754869,-0.02629069724510952,1.0,0.0,1.0,1.0,0.0,1.0,1.0,1.0,1.0,1.0,0
-0.5343240159134949,-0.6061812986311053,-0.8724018899763767,0.17643776687846338,-0.11378877912836292,1.0,0.0,1.0,1.0,0.0,1.0,1.0,1.0,1.0,1.0,0
-1.2342829739381762,-0.7423549035581701,0.14286657808720726,0.7586784741224916,0.017458343696517182,1.0,0.0,1.0,1.0,0.0,1.0,1.0,1.0,1.0,1.0,0
-1.2342829739381762,-0.35652968959815295,-0.9175249330014248,0.5923239863384835,-0.37628302477812314,0.0,1.0,1.0,1.0,0.0,1.0,1.0,1.0,1.0,1.0,0
1.6822126844979963,0.7101635489971886,-0.35348689518832266,1.1745646935825116,-0.07003973818673623,1.0,0.0,1.0,1.0,0.0,1.0,1.0,1.0,1.0,1.0,1
0.748934073798421,-0.37922529041933045,0.4361663577500204,-1.320752623177609,-0.07003973818673623,0.0,1.0,1.0,1.0,0.0,1.0,1.0,1.0,1.0,1.0,0
-0.7676436685883887,-0.7877461052005251,0.594097008337689,2.422223351962572,-0.15753782006998962,1.0,0.0,1.0,1.0,0.0,1.0,1.0,1.0,1.0,1.0,0
-0.6509838422509417,-1.3324405249087847,0.05262049203711091,-0.8216891598255849,-0.37628302477812314,1.0,0.0,1.0,1.0,0.0,1.0,1.0,1.0,1.0,1.0,0
0.3989545947860803,-0.016095677280490765,-0.03762559401298544,0.34279225466247143,-0.8137734341943902,1.0,0.0,1.0,1.0,0.0,1.0,1.0,1.0,1.0,1.0,0
1.4488930318231024,0.5059031416065913,0.7069046159003094,1.0082102057985036,0.06120738463814389,1.0,0.0,1.0,1.0,0.0,1.0,1.0,1.0,1.0,1.0,0
1.2155733791482086,-0.878528508485235,-0.4888560242634672,0.09326052298645936,-0.15753782006998962,1.0,0.0,1.0,1.0,0.0,1.0,1.0,1.0,1.0,1.0,0
-1.3509428002756232,0.256251532573639,-1.233386234176762,0.7586784741224916,1.1549334081788114,1.0,0.0,1.0,1.0,0.0,1.0,1.0,1.0,1.0,1.0,0
1.3322332054856556,-0.5607900969887503,-0.7370327609012322,-1.071220891501597,-0.2887849428948697,0.0,1.0,1.0,1.0,0.0,1.0,1.0,1.0,1.0,1.0,0
-0.41766418957604795,-0.5153988953463954,0.32335875018739996,-0.07309396479754869,0.10495642557977058,1.0,0.0,1.0,1.0,0.0,1.0,1.0,1.0,1.0,1.0,0
-0.06768471056370727,0.43781633914305884,0.8197122234629298,1.5904509130425317,-0.4200320657197499,0.0,1.0,1.0,1.0,0.0,1.0,1.0,1.0,1.0,1.0,0
-1.1176231476007294,-0.83313730684288,2.1508419927018507,-0.4889801842575688,0.3674506712295308,0.0,1.0,1.0,1.0,0.0,1.0,1.0,1.0,1.0,1.0,0
-0.7676436685883887,-1.4232229281934945,-1.3010707987143342,0.2596150107704674,-0.24503590195324304,1.0,0.0,1.0,1.0,0.0,1.0,1.0,1.0,1.0,1.0,0
-0.41766418957604795,-0.6969637019158151,0.4136048362374963,1.1745646935825116,-0.24503590195324304,1.0,0.0,1.0,1.0,0.0,1.0,1.0,1.0,1.0,1.0,0
1.6822126844979963,-0.5153988953463954,1.135573524638267,-0.6553346720415768,-0.2887849428948697,0.0,1.0,1.0,1.0,0.0,1.0,1.0,1.0,1.0,1.0,0
0.3989545947860803,-0.9012241093064125,-0.5791021103135635,-1.071220891501597,-0.15753782006998962,0.0,1.0,1.0,1.0,0.0,1.0,1.0,1.0,1.0,1.0,0
-1.700922279287964,-1.5140053314782045,-0.6016636318260876,-1.5702843548536212,-0.2887849428948697,0.0,1.0,1.0,1.0,0.0,1.0,1.0,1.0,1.0,1.0,0
2.148851989847784,0.6420767465336562,0.12030505657468317,2.006337132502552,0.629944916879291,1.0,0.0,1.0,1.0,0.0,1.0,1.0,1.0,1.0,1.0,0
-0.06768471056370727,-0.7877461052005251,0.45872787926254444,-0.32262569647356076,-0.33253398383649646,1.0,0.0,1.0,1.0,0.0,1.0,1.0,1.0,1.0,1.0,0
1.3322332054856556,-0.4700076937040404,0.05262049203711091,-1.154398135393601,0.5424468349960376,0.0,1.0,1.0,1.0,0.0,1.0,1.0,1.0,1.0,1.0,0
-0.18434453690115418,0.30164273421599397,-0.5565405888010394,-0.8216891598255849,-0.8575224751360169,0.0,1.0,1.0,1.0,0.0,1.0,1.0,1.0,1.0,1.0,1
-1.2342829739381762,-1.1962669199817197,-0.9400864545139489,0.7586784741224916,2.2049103907778522,0.0,1.0,1.0,0.0,1.0,1.0,1.0,1.0,1.0,1.0,0
0.6322742474609742,0.3470339358583489,-1.1657016696391898,0.17643776687846338,0.3674506712295308,1.0,0.0,1.0,1.0,0.0,1.0,1.0,1.0,1.0,1.0,0
0.8655939001358679,-0.2657472863134431,-0.17299472308812996,-0.6553346720415768,-1.0325186389025236,1.0,0.0,1.0,1.0,0.0,1.0,1.0,1.0,1.0,1.0,0
1.0989135528107616,2.5031160138702098,1.8801037345515619,-0.07309396479754869,-0.5950282294862567,1.0,0.0,1.0,1.0,0.0,1.0,1.0,1.0,1.0,1.0,0
1.5655528581605493,2.4577248122278545,1.2709426537134116,-1.320752623177609,0.629944916879291,1.0,0.0,1.0,1.0,0.0,1.0,1.0,1.0,1.0,1.0,0
-1.1176231476007294,-1.4232229281934945,-1.6169320998896715,-1.320752623177609,-0.24503590195324304,1.0,0.0,1.0,1.0,0.0,1.0,1.0,1.0,1.0,1.0,0
1.4488930318231024,-0.3338340887769755,1.0227659170756467,-0.07309396479754869,2.379906554544359,1.0,0.0,1.0,0.0,1.0,1.0,1.0,1.0,1.0,1.0,0
0.3989545947860803,0.43781633914305884,0.5264124438001168,1.6736281569345357,-0.20128686101161633,0.0,1.0,1.0,1.0,0.0,1.0,1.0,1.0,1.0,1.0,0
0.6322742474609742,-0.4700076937040404,-0.4888560242634672,0.2596150107704674,0.2362035484046507,1.0,0.0,1.0,1.0,0.0,1.0,1.0,1.0,1.0,1.0,0
-1.2342829739381762,0.23355593175246153,-1.5041244923270511,-0.7385119159335809,-0.5075301476030033,1.0,0.0,1.0,1.0,0.0,1.0,1.0,1.0,1.0,1.0,0
-0.8843034949258356,-0.37922529041933045,1.654488519426321,1.6736281569345357,-0.33253398383649646,1.0,0.0,1.0,1.0,0.0,1.0,1.0,1.0,1.0,1.0,0
1.5655528581605493,1.1640755654207382,1.1806965676633152,-0.07309396479754869,0.10495642557977058,1.0,0.0,1.0,1.0,0.0,1.0,1.0,1.0,1.0,1.0,0
-1.0009633212632825,-0.6515725002734603,1.3160656967384599,-0.07309396479754869,-0.2887849428948697,1.0,0.0,1.0,1.0,0.0,1.0,1.0,1.0,1.0,1.0,0
2.032192163510337,2.7073764212608067,0.32335875018739996,-1.7366388426376291,-0.8575224751360169,1.0,0.0,1.0,1.0,0.0,1.0,1.0,1.0,1.0,1.0,0
-0.6509838422509417,0.8009459522818986,0.8422737449754539,-0.07309396479754869,-0.5075301476030033,0.0,1.0,1.0,1.0,0.0,1.0,1.0,1.0,1.0,1.0,0
0.5156144211235272,-0.1976604838499106,0.18798962111225542,-0.32262569647356076,-0.2887849428948697,0.0,1.0,1.0,1.0,0.0,1.0,1.0,1.0,1.0,1.0,1
-0.18434453690115418,-0.6969637019158151,1.3386272182509837,-0.4889801842575688,-0.15753782006998962,1.0,0.0,1.0,1.0,0.0,1.0,1.0,1.0,1.0,1.0,0
-1.584262452950517,1.0959887629572058,-0.6467866748511357,1.5904509130425317,4.567358601625695,1.0,0.0,1.0,0.0,1.0,1.0,1.0,1.0,1.0,1.0,0
-0.7676436685883887,-0.2884428871346205,0.075182013549635,1.0082102057985036,-1.8200013758518043,0.0,1.0,1.0,1.0,0.0,1.0,1.0,1.0,1.0,1.0,0
0.04897511577373963,-0.7423549035581701,0.12030505657468317,-0.07309396479754869,-0.37628302477812314,1.0,0.0,1.0,1.0,0.0,1.0,1.0,1.0,1.0,1.0,0
1.0989135528107616,0.5059031416065913,0.3910433147249722,0.34279225466247143,-0.15753782006998962,1.0,0.0,1.0,1.0,0.0,1.0,1.0,1.0,1.0,1.0,0
-0.6509838422509417,-1.2870493232664297,-1.3913168847644306,-1.7366388426376291,0.017458343696517182,0.0,1.0,1.0,1.0,0.0,1.0,1.0,1.0,1.0,1.0,0
-0.18434453690115418,-1.3324405249087847,0.30079722867487585,-0.32262569647356076,-0.68252631136951,1.0,0.0,1.0,1.0,0.0,1.0,1.0,1.0,1.0,1.0,0
0.28229476844863344,-0.10687808056520069,0.6392200513627372,-1.071220891501597,-0.55127918854463,1.0,0.0,1.0,1.0,0.0,1.0,1.0,1.0,1.0,1.0,0
-0.8843034949258356,-0.6061812986311053,1.5191193903511766,-0.988043647609593,-0.07003973818673623,1.0,0.0,1.0,1.0,0.0,1.0,1.0,1.0,1.0,1.0,0
-1.0009633212632825,-0.12957368138637818,1.9703498206016583,0.2596150107704674,0.936188203470678,0.0,1.0,1.0,1.0,0.0,1.0,1.0,1.0,1.0,1.0,0
-0.6509838422509417,-1.0147021134123,0.6392200513627372,-1.320752623177609,-0.5950282294862567,1.0,0.0,1.0,1.0,0.0,1.0,1.0,1.0,1.0,1.0,0
-1.1176231476007294,-1.3778317265511395,-1.1657016696391898,-1.071220891501597,0.06120738463814389,0.0,1.0,1.0,1.0,0.0,1.0,1.0,1.0,1.0,1.0,0
-0.6509838422509417,-1.3324405249087847,-0.6016636318260876,-1.154398135393601,-0.20128686101161633,0.0,1.0,1.0,1.0,0.0,1.0,1.0,1.0,1.0,1.0,0
0.3989545947860803,-0.83313730684288,1.2258196106883634,-0.4889801842575688,-0.11378877912836292,1.0,0.0,1.0,1.0,0.0,1.0,1.0,1.0,1.0,1.0,0
-0.6509838422509417,-0.1976604838499106,-0.8272788469513285,0.34279225466247143,-0.37628302477812314,1.0,0.0,1.0,1.0,0.0,1.0,1.0,1.0,1.0,1.0,0
-1.0009633212632825,0.8463371539242535,0.5264124438001168,1.5904509130425317,0.4111997121711575,0.0,1.0,1.0,1.0,0.0,1.0,1.0,1.0,1.0,1.0,1
0.8655939001358679,0.12007792764657411,1.5642424333762246,0.34279225466247143,-0.5075301476030033,1.0,0.0,1.0,1.0,0.0,1.0,1.0,1.0,1.0,1.0,0
1.798872510835443,0.5739899440701237,-0.2632408091382263,0.34279225466247143,0.06120738463814389,1.0,0.0,1.0,1.0,0.0,1.0,1.0,1.0,1.0,1.0,1
1.4488930318231024,-0.2884428871346205,1.8124191700139896,-0.4058029403655648,0.192454507463024,1.0,0.0,1.0,1.0,0.0,1.0,1.0,1.0,1.0,1.0,0
0.8655939001358679,0.30164273421599397,0.2782357071623518,0.7586784741224916,-0.24503590195324304,0.0,1.0,1.0,1.0,0.0,1.0,1.0,1.0,1.0,1.0,0
1.91553233717289,0.3470339358583489,-1.0754555835890933,-0.4889801842575688,1.6361728585367052,0.0,1.0,1.0,0.0,1.0,1.0,1.0,1.0,1.0,1.0,0
-0.6509838422509417,-0.10687808056520069,-0.5565405888010394,0.34279225466247143,-0.7700243932527635,0.0,1.0,1.0,1.0,0.0,1.0,1.0,1.0,1.0,1.0,0
-0.3010043632386011,0.3470339358583489,-0.35348689518832266,0.34279225466247143,0.1487054665213973,1.0,0.0,1.0,0.0,1.0,1.0,1.0,1.0,1.0,1.0,0
0.04897511577373963,-0.92391971012759,-0.35348689518832266,0.34279225466247143,-0.11378877912836292,1.0,0.0,1.0,1.0,0.0,1.0,1.0,1.0,1.0,1.0,0
0.8655939001358679,0.8463371539242535,0.6617815728752613,1.6736281569345357,1.1986824491204382,1.0,0.0,1.0,1.0,0.0,1.0,1.0,1.0,1.0,1.0,1
2.032192163510337,0.9825107588513183,0.05262049203711091,-0.32262569647356076,0.3674506712295308,1.0,0.0,1.0,1.0,0.0,1.0,1.0,1.0,1.0,1.0,1
0.5156144211235272,1.1640755654207382,-0.6693481963636598,-0.7385119159335809,1.3299295719453184,1.0,0.0,1.0,1.0,0.0,1.0,1.0,1.0,1.0,1.0,0
-1.2342829739381762,-0.061486878922845725,-0.6693481963636598,-0.23944845258155673,0.06120738463814389,0.0,1.0,1.0,1.0,0.0,1.0,1.0,1.0,1.0,1.0,0
0.04897511577373963,-0.2884428871346205,-0.12787168006308178,2.006337132502552,-0.15753782006998962,0.0,1.0,1.0,1.0,0.0,1.0,1.0,1.0,1.0,1.0,0
0.3989545947860803,0.46051193996423634,-0.9852094975389971,0.5091467424464795,-0.55127918854463,0.0,1.0,1.0,1.0,0.0,1.0,1.0,1.0,1.0,1.0,0
-1.3509428002756232,-0.37922529041933045,-0.8272788469513285,0.34279225466247143,-0.2887849428948697,1.0,0.0,1.0,1.0,0.0,1.0,1.0,1.0,1.0,1.0,0
-0.7676436685883887,-1.4686141298358495,-0.0827486370380336,-0.07309396479754869,-0.15753782006998962,1.0,0.0,1.0,1.0,0.0,1.0,1.0,1.0,1.0,1.0,0
0.3989545947860803,0.3924251375007039,-0.3986099382133708,-1.154398135393601,-0.9450205570192703,0.0,1.0,1.0,1.0,0.0,1.0,1.0,1.0,1.0,1.0,0
0.8655939001358679,0.07468672600421916,-1.3687553632519065,-0.6553346720415768,0.5424468349960376,0.0,1.0,1.0,1.0,0.0,1.0,1.0,1.0,1.0,1.0,0
1.0989135528107616,0.27894713339481647,0.48128940077506854,-0.904866403717589,0.936188203470678,1.0,0.0,1.0,1.0,0.0,1.0,1.0,1.0,1.0,1.0,1
-1.1176231476007294,-0.061486878922845725,-1.797424271989864,1.5904509130425317,-0.15753782006998962,1.0,0.0,1.0,1.0,0.0,1.0,1.0,1.0,1.0,1.0,0
1.0989135528107616,1.9357259933407724,1.6996115624513692,3.6698820103426324,0.1487054665213973,1.0,0.0,1.0,1.0,0.0,1.0,1.0,1.0,1.0,1.0,1
1.798872510835443,1.481813976917223,0.7520276589253576,-1.154398135393601,0.4549487531127842,1.0,0.0,1.0,1.0,0.0,1.0,1.0,1.0,1.0,1.0,1
-0.18434453690115418,0.4832075407854138,2.3313341648020436,0.7586784741224916,0.06120738463814389,1.0,0.0,1.0,1.0,0.0,1.0,1.0,1.0,1.0,1.0,0
-1.3509428002756232,-0.878528508485235,1.631926997913797,-1.320752623177609,-0.2887849428948697,1.0,0.0,1.0,1.0,0.0,1.0,1.0,1.0,1.0,1.0,1
1.3322332054856556,0.823641553103076,1.4288733043010802,-0.6553346720415768,-0.4200320657197499,1.0,0.0,1.0,1.0,0.0,1.0,1.0,1.0,1.0,1.0,1
-1.4676026266130702,-0.878528508485235,-1.1882631911517139,0.7586784741224916,-0.8137734341943902,0.0,1.0,1.0,1.0,0.0,1.0,1.0,1.0,1.0,1.0,0
-1.2342829739381762,0.18816473011010657,-0.7821558039262803,-0.23944845258155673,-0.9450205570192703,0.0,1.0,1.0,1.0,0.0,1.0,1.0,1.0,1.0,1.0,0
0.748934073798421,0.256251532573639,0.5038509222875927,-1.320752623177609,-0.2887849428948697,1.0,0.0,1.0,1.0,0.0,1.0,1.0,1.0,1.0,1.0,0
-1.2342829739381762,0.6193811457124787,-0.2406792876257022,0.7586784741224916,0.1487054665213973,1.0,0.0,1.0,1.0,0.0,1.0,1.0,1.0,1.0,1.0,0
-0.18434453690115418,-1.1508757183393648,-1.1431401481266656,-0.904866403717589,0.3674506712295308,1.0,0.0,1.0,1.0,0.0,1.0,1.0,1.0,1.0,1.0,0
-0.6509838422509417,-0.6061812986311053,-0.8724018899763767,-0.07309396479754869,-0.68252631136951,0.0,1.0,1.0,1.0,0.0,1.0,1.0,1.0,1.0,1.0,0
-1.1176231476007294,-0.40192089124050795,-1.526686013839575,-0.4058029403655648,-0.15753782006998962,1.0,0.0,1.0,1.0,0.0,1.0,1.0,1.0,1.0,1.0,0
-1.2342829739381762,0.07468672600421916,1.654488519426321,-0.5721574281495728,0.2799525893462774,0.0,1.0,1.0,1.0,0.0,1.0,1.0,1.0,1.0,1.0,0
1.91553233717289,0.006599923540686714,0.864835266487978,-0.4889801842575688,-0.15753782006998962,1.0,0.0,1.0,1.0,0.0,1.0,1.0,1.0,1.0,1.0,1
-1.3509428002756232,-0.12957368138637818,-0.4888560242634672,-0.07309396479754869,-0.15753782006998962,1.0,0.0,1.0,1.0,0.0,1.0,1.0,1.0,1.0,1.0,0
0.3989545947860803,1.8449435900560627,0.594097008337689,-0.904866403717589,0.017458343696517182,1.0,0.0,1.0,1.0,0.0,1.0,1.0,1.0,1.0,1.0,1
-0.8843034949258356,-0.016095677280490765,0.5264124438001168,-0.07309396479754869,-0.68252631136951,0.0,1.0,1.0,1.0,0.0,1.0,1.0,1.0,1.0,1.0,0
-0.41766418957604795,-1.4232229281934945,0.5038509222875927,0.34279225466247143,-0.37628302477812314,0.0,1.0,1.0,1.0,0.0,1.0,1.0,1.0,1.0,1.0,0
1.0989135528107616,-0.22035608467108808,0.8873967880005021,0.17643776687846338,-0.9450205570192703,1.0,0.0,1.0,1.0,0.0,1.0,1.0,1.0,1.0,1.0,0
0.04897511577373963,-0.9012241093064125,0.7745891804378817,-1.320752623177609,-0.9012715160776436,1.0,0.0,1.0,1.0,0.0,1.0,1.0,1.0,1.0,1.0,0
0.748934073798421,0.959815158030141,0.45872787926254444,-0.32262569647356076,-0.2887849428948697,0.0,1.0,1.0,1.0,0.0,1.0,1.0,1.0,1.0,1.0,0
2.148851989847784,-0.24305168549226558,0.8873967880005021,-0.07309396479754869,0.9799372444123047,0.0,1.0,1.0,1.0,0.0,1.0,1.0,1.0,1.0,1.0,1
-0.06768471056370727,-0.4246164920616854,-0.5339790672885153,-0.4889801842575688,-0.15753782006998962,0.0,1.0,1.0,1.0,0.0,1.0,1.0,1.0,1.0,1.0,1
-1.1176231476007294,0.18816473011010657,0.2556741856498277,1.1745646935825116,0.7611920397041712,0.0,1.0,1.0,1.0,0.0,1.0,1.0,1.0,1.0,1.0,0
-0.06768471056370727,-0.24305168549226558,1.0453274385881708,1.5904509130425317,-0.15753782006998962,1.0,0.0,1.0,1.0,0.0,1.0,1.0,1.0,1.0,1.0,0
1.3322332054856556,1.391031573632513,0.075182013549635,-0.07309396479754869,0.017458343696517182,1.0,0.0,1.0,1.0,0.0,1.0,1.0,1.0,1.0,1.0,0
-1.2342829739381762,-0.37922529041933045,-1.729739707452292,-2.1525250620976495,-0.6387772704278833,0.0,1.0,1.0,1.0,0.0,1.0,1.0,1.0,1.0,1.0,0
-0.3010043632386011,-0.7423549035581701,-0.3986099382133708,-1.4871071109616172,0.2362035484046507,0.0,1.0,1.0,1.0,0.0,1.0,1.0,1.0,1.0,1.0,0
2.032192163510337,-0.5607900969887503,-0.060187115525509524,0.8418557180144955,-0.15753782006998962,1.0,0.0,1.0,1.0,0.0,1.0,1.0,1.0,1.0,1.0,0
-1.3509428002756232,-0.7196593027369926,-1.3010707987143342,-0.4889801842575688,-0.24503590195324304,1.0,0.0,1.0,1.0,0.0,1.0,1.0,1.0,1.0,1.0,0
-1.2342829739381762,-1.1054845166970098,0.4136048362374963,-0.7385119159335809,-0.5075301476030033,0.0,1.0,1.0,1.0,0.0,1.0,1.0,1.0,1.0,1.0,0
-0.6509838422509417,-1.2416581216240747,0.16542809959973134,0.010083279094455335,-0.15753782006998962,1.0,0.0,1.0,1.0,0.0,1.0,1.0,1.0,1.0,1.0,0
-0.5343240159134949,-0.37922529041933045,-0.8498403684638526,0.7586784741224916,-0.15753782006998962,1.0,0.0,1.0,1.0,0.0,1.0,1.0,1.0,1.0,1.0,0
-1.2342829739381762,0.8917283555666085,0.9776428740505985,1.1745646935825116,0.017458343696517182,1.0,0.0,1.0,1.0,0.0,1.0,1.0,1.0,1.0,1.0,0
0.5156144211235272,-0.7877461052005251,0.6843430943877853,-0.4889801842575688,-0.15753782006998962,1.0,0.0,1.0,1.0,0.0,1.0,1.0,1.0,1.0,1.0,0
0.3989545947860803,0.41512073832188134,-1.8199857935023882,0.34279225466247143,-0.15753782006998962,1.0,0.0,1.0,1.0,0.0,1.0,1.0,1.0,1.0,1.0,0
-1.1176231476007294,-1.0147021134123,-0.4888560242634672,-0.4889801842575688,0.2362035484046507,1.0,0.0,1.0,1.0,0.0,1.0,1.0,1.0,1.0,1.0,0
-0.41766418957604795,-0.83313730684288,-0.9175249330014248,-1.320752623177609,-0.55127918854463,1.0,0.0,1.0,1.0,0.0,1.0,1.0,1.0,1.0,1.0,0
-0.06768471056370727,-0.7423549035581701,0.05262049203711091,1.0082102057985036,-0.24503590195324304,0.0,1.0,1.0,1.0,0.0,1.0,1.0,1.0,1.0,1.0,0
-1.4676026266130702,-0.6969637019158151,-1.5492475353520991,-0.7385119159335809,-0.20128686101161633,1.0,0.0,1.0,1.0,0.0,1.0,1.0,1.0,1.0,1.0,0
0.5156144211235272,-0.5153988953463954,-1.4364399277894788,-0.07309396479754869,-0.5950282294862567,0.0,1.0,1.0,1.0,0.0,1.0,1.0,1.0,1.0,1.0,0
-0.06768471056370727,0.16546912928892907,-0.35348689518832266,2.006337132502552,-0.07003973818673623,1.0,0.0,1.0,1.0,0.0,1.0,1.0,1.0,1.0,1.0,0
-0.41766418957604795,-0.4473120928828629,-0.5565405888010394,-0.7385119159335809,0.936188203470678,1.0,0.0,1.0,1.0,0.0,1.0,1.0,1.0,1.0,1.0,0
1.2155733791482086,0.823641553103076,0.9776428740505985,1.1745646935825116,-0.15753782006998962,1.0,0.0,1.0,1.0,0.0,1.0,1.0,1.0,1.0,1.0,0
-1.584262452950517,-0.5153988953463954,-0.3986099382133708,-0.15627120868955272,-0.24503590195324304,0.0,1.0,1.0,1.0,0.0,1.0,1.0,1.0,1.0,1.0,0
-0.7676436685883887,1.0505975613148508,-0.12787168006308178,-0.6553346720415768,8.417274204488844,1.0,0.0,1.0,0.0,1.0,1.0,1.0,1.0,1.0,1.0,1
1.3322332054856556,-1.1054845166970098,1.654488519426321,-1.320752623177609,-0.7262753523111368,1.0,0.0,1.0,1.0,0.0,1.0,1.0,1.0,1.0,1.0,0
-0.3010043632386011,0.07468672600421916,2.0605959066517547,1.3409191813665198,0.7611920397041712,1.0,0.0,1.0,1.0,0.0,1.0,1.0,1.0,1.0,1.0,0
-0.6509838422509417,0.12007792764657411,1.7898576485014657,-0.07309396479754869,-0.5950282294862567,0.0,1.0,1.0,1.0,0.0,1.0,1.0,1.0,1.0,1.0,0
-1.2342829739381762,-0.6742681010946378,-0.7595942824137561,1.0082102057985036,-0.9450205570192703,0.0,1.0,1.0,1.0,0.0,1.0,1.0,1.0,1.0,1.0,0
-1.0009633212632825,0.16546912928892907,0.6392200513627372,1.1745646935825116,-0.15753782006998962,1.0,0.0,1.0,1.0,0.0,1.0,1.0,1.0,1.0,1.0,0
-0.5343240159134949,0.7101635489971886,1.5191193903511766,1.839982644718544,-0.4200320657197499,1.0,0.0,1.0,1.0,0.0,1.0,1.0,1.0,1.0,1.0,0
1.5655528581605493,0.27894713339481647,0.4361663577500204,0.34279225466247143,0.10495642557977058,0.0,1.0,1.0,1.0,0.0,1.0,1.0,1.0,1.0,1.0,0
-0.06768471056370727,1.1640755654207382,-0.0827486370380336,1.1745646935825116,-0.4200320657197499,1.0,0.0,1.0,1.0,0.0,1.0,1.0,1.0,1.0,1.0,0
0.5156144211235272,-0.4700076937040404,-0.9400864545139489,0.010083279094455335,-0.6387772704278833,1.0,0.0,1.0,1.0,0.0,1.0,1.0,1.0,1.0,1.0,0
-0.3010043632386011,-0.061486878922845725,-0.6016636318260876,-1.320752623177609,0.192454507463024,0.0,1.0,1.0,1.0,0.0,1.0,1.0,1.0,1.0,1.0,0
1.798872510835443,2.1172907999101924,0.2105511426247795,1.5904509130425317,-0.24503590195324304,0.0,1.0,1.0,1.0,0.0,1.0,1.0,1.0,1.0,1.0,1
-1.0009633212632825,-0.5153988953463954,0.8422737449754539,0.34279225466247143,-0.24503590195324304,0.0,1.0,1.0,1.0,0.0,1.0,1.0,1.0,1.0,1.0,0
0.04897511577373963,-1.0600933150546548,0.30079722867487585,-0.07309396479754869,-0.20128686101161633,1.0,0.0,1.0,1.0,0.0,1.0,1.0,1.0,1.0,1.0,0
-0.8843034949258356,-1.1054845166970098,-0.2406792876257022,0.7586784741224916,-0.5950282294862567,0.0,1.0,1.0,1.0,0.0,1.0,1.0,1.0,1.0,1.0,0
-1.1176231476007294,-0.10687808056520069,0.007497449012062735,-0.07309396479754869,-0.07003973818673623,1.0,0.0,1.0,1.0,0.0,1.0,1.0,1.0,1.0,1.0,0
0.04897511577373963,-0.15226928220755565,1.3386272182509837,-1.6534615987456251,1.067435326295558,0.0,1.0,1.0,1.0,0.0,1.0,1.0,1.0,1.0,1.0,1
-1.1176231476007294,-0.6061812986311053,-1.3236323202268583,-0.32262569647356076,-0.2887849428948697,1.0,0.0,1.0,1.0,0.0,1.0,1.0,1.0,1.0,1.0,0
0.9822537264733149,-0.3338340887769755,-0.2406792876257022,-0.07309396479754869,-0.37628302477812314,1.0,0.0,1.0,1.0,0.0,1.0,1.0,1.0,1.0,1.0,0
0.16563494211118654,-1.5593965331205595,-1.8651088365274364,-1.071220891501597,0.017458343696517182,0.0,1.0,1.0,1.0,0.0,1.0,1.0,1.0,1.0,1.0,0
0.8655939001358679,-0.6742681010946378,-0.8272788469513285,-0.904866403717589,-0.07003973818673623,0.0,1.0,1.0,1.0,0.0,1.0,1.0,1.0,1.0,1.0,0
-0.7676436685883887,-0.061486878922845725,0.2331126641373036,-0.32262569647356076,-0.9012715160776436,1.0,0.0,1.0,1.0,0.0,1.0,1.0,1.0,1.0,1.0,0
0.5156144211235272,-0.24305168549226558,0.3684817932124481,-0.4889801842575688,-0.24503590195324304,1.0,0.0,1.0,1.0,0.0,1.0,1.0,1.0,1.0,1.0,0
2.148851989847784,0.43781633914305884,-1.6394936214021956,-0.4889801842575688,1.6799218994783318,0.0,1.0,1.0,0.0,1.0,1.0,1.0,1.0,1.0,1.0,1
-0.18434453690115418,1.0279019604936734,1.135573524638267,-0.07309396479754869,-0.2887849428948697,1.0,0.0,1.0,1.0,0.0,1.0,1.0,1.0,1.0,1.0,0
-0.18434453690115418,-0.016095677280490765,0.8197122234629298,-0.4889801842575688,-0.15753782006998962,1.0,0.0,1.0,1.0,0.0,1.0,1.0,1.0,1.0,1.0,0
1.2155733791482086,2.0718995982678376,0.5264124438001168,-0.32262569647356076,-0.11378877912836292,0.0,1.0,1.0,1.0,0.0,1.0,1.0,1.0,1.0,1.0,0
-0.18434453690115418,-0.6969637019158151,0.30079722867487585,0.34279225466247143,-0.7262753523111368,1.0,0.0,1.0,1.0,0.0,1.0,1.0,1.0,1.0,1.0,0
0.04897511577373963,0.6647723473548336,-0.7370327609012322,0.7586784741224916,0.3674506712295308,1.0,0.0,1.0,1.0,0.0,1.0,1.0,1.0,1.0,1.0,0
-0.7676436685883887,-1.0147021134123,-1.481562970814527,-0.4889801842575688,0.1487054665213973,0.0,1.0,1.0,1.0,0.0,1.0,1.0,1.0,1.0,1.0,0
0.04897511577373963,-0.10687808056520069,0.4361663577500204,-0.4889801842575688,-0.6387772704278833,0.0,1.0,1.0,1.0,0.0,1.0,1.0,1.0,1.0,1.0,0
1.4488930318231024,1.391031573632513,0.007497449012062735,0.7586784741224916,0.10495642557977058,0.0,1.0,1.0,1.0,0.0,1.0,1.0,1.0,1.0,1.0,1
2.148851989847784,0.30164273421599397,0.48128940077506854,0.7586784741224916,-0.2887849428948697,1.0,0.0,1.0,1.0,0.0,1.0,1.0,1.0,1.0,1.0,1
1.4488930318231024,0.6193811457124787,1.631926997913797,-0.988043647609593,-0.46378110666137656,1.0,0.0,1.0,1.0,0.0,1.0,1.0,1.0,1.0,1.0,1
0.28229476844863344,-0.83313730684288,-0.0827486370380336,-2.1525250620976495,-0.37628302477812314,0.0,1.0,1.0,1.0,0.0,1.0,1.0,1.0,1.0,1.0,0
-0.8843034949258356,-1.0147021134123,-0.714471239388708,-1.237575379285605,-0.68252631136951,0.0,1.0,1.0,1.0,0.0,1.0,1.0,1.0,1.0,1.0,0
-0.5343240159134949,-0.6061812986311053,-0.5565405888010394,-1.320752623177609,0.4111997121711575,0.0,1.0,1.0,1.0,0.0,1.0,1.0,1.0,1.0,1.0,0
2.032192163510337,-1.4232229281934945,1.0002043955631226,-1.071220891501597,0.1487054665213973,1.0,0.0,1.0,1.0,0.0,1.0,1.0,1.0,1.0,1.0,1
1.3322332054856556,2.2761600056584346,1.0904504816132188,-0.07309396479754869,-0.15753782006998962,0.0,1.0,1.0,1.0,0.0,1.0,1.0,1.0,1.0,1.0,0
-0.18434453690115418,-0.6061812986311053,-0.33092537367579855,0.09326052298645936,-0.07003973818673623,1.0,0.0,1.0,1.0,0.0,1.0,1.0,1.0,1.0,1.0,0
0.5156144211235272,-1.1962669199817197,0.09774353506215908,0.17643776687846338,-0.33253398383649646,1.0,0.0,1.0,1.0,0.0,1.0,1.0,1.0,1.0,1.0,0
-1.700922279287964,-1.0600933150546548,-0.8949634114889007,-0.4058029403655648,0.5861958759376643,1.0,0.0,1.0,1.0,0.0,1.0,1.0,1.0,1.0,1.0,0
-0.5343240159134949,-0.10687808056520069,0.4136048362374963,0.5091467424464795,0.5424468349960376,0.0,1.0,1.0,1.0,0.0,1.0,1.0,1.0,1.0,1.0,0
0.16563494211118654,0.21086033093128403,0.18798962111225542,0.5923239863384835,-0.37628302477812314,0.0,1.0,1.0,1.0,0.0,1.0,1.0,1.0,1.0,1.0,0
1.91553233717289,1.2094667670630932,-0.8498403684638526,-0.8216891598255849,-0.33253398383649646,0.0,1.0,1.0,1.0,0.0,1.0,1.0,1.0,1.0,1.0,0
1.798872510835443,1.7541611867713527,0.18798962111225542,0.5091467424464795,0.49869779405441095,1.0,0.0,1.0,1.0,0.0,1.0,1.0,1.0,1.0,1.0,0
-0.8843034949258356,-0.2884428871346205,-0.4211714597258949,-0.07309396479754869,-0.37628302477812314,1.0,0.0,1.0,1.0,0.0,1.0,1.0,1.0,1.0,1.0,0
-0.06768471056370727,0.07468672600421916,1.0227659170756467,-0.7385119159335809,-0.15753782006998962,0.0,1.0,1.0,1.0,0.0,1.0,1.0,1.0,1.0,1.0,0
-1.2342829739381762,-0.4473120928828629,-0.4662945027509431,-1.320752623177609,-0.6387772704278833,0.0,1.0,1.0,1.0,0.0,1.0,1.0,1.0,1.0,1.0,0
-0.41766418957604795,0.12007792764657411,0.7294661374128335,-0.07309396479754869,0.4549487531127842,0.0,1.0,1.0,1.0,0.0,1.0,1.0,1.0,1.0,1.0,0
-0.8843034949258356,-1.0147021134123,-0.2632408091382263,-0.904866403717589,-0.7262753523111368,0.0,1.0,1.0,1.0,0.0,1.0,1.0,1.0,1.0,1.0,0
1.2155733791482086,0.30164273421599397,0.6843430943877853,-0.07309396479754869,1.3299295719453184,0.0,1.0,1.0,1.0,0.0,1.0,1.0,1.0,1.0,1.0,0
-0.7676436685883887,-0.7423549035581701,-0.15043320157560586,-1.154398135393601,-0.15753782006998962,1.0,0.0,1.0,1.0,0.0,1.0,1.0,1.0,1.0,1.0,0
0.9822537264733149,1.3002491703478032,1.6996115624513692,-0.07309396479754869,-0.7700243932527635,1.0,0.0,1.0,1.0,0.0,1.0,1.0,1.0,1.0,1.0,1
-0.6509838422509417,-0.5607900969887503,-0.8047173254388044,-0.4889801842575688,-0.15753782006998962,0.0,1.0,1.0,1.0,0.0,1.0,1.0,1.0,1.0,1.0,0
-0.6509838422509417,-0.4473120928828629,-1.0980171051016174,1.5072736691505277,0.1487054665213973,1.0,0.0,1.0,1.0,0.0,1.0,1.0,1.0,1.0,1.0,0
-0.41766418957604795,-0.35652968959815295,-0.9852094975389971,-0.07309396479754869,-0.07003973818673623,1.0,0.0,1.0,1.0,0.0,1.0,1.0,1.0,1.0,1.0,0
-0.18434453690115418,-0.15226928220755565,0.5038509222875927,-0.07309396479754869,-0.7262753523111368,1.0,0.0,1.0,1.0,0.0,1.0,1.0,1.0,1.0,1.0,0
0.04897511577373963,-0.061486878922845725,-0.9175249330014248,2.671755083638584,-0.15753782006998962,0.0,1.0,1.0,1.0,0.0,1.0,1.0,1.0,1.0,1.0,0
0.16563494211118654,-0.2657472863134431,-0.6693481963636598,-0.904866403717589,-0.5950282294862567,0.0,1.0,1.0,1.0,0.0,1.0,1.0,1.0,1.0,1.0,0
-1.0009633212632825,1.1640755654207382,-0.03762559401298544,0.17643776687846338,-0.5075301476030033,1.0,0.0,1.0,1.0,0.0,1.0,1.0,1.0,1.0,1.0,0
0.28229476844863344,2.162682001552547,-0.4888560242634672,-1.320752623177609,0.3237016302879041,1.0,0.0,1.0,1.0,0.0,1.0,1.0,1.0,1.0,1.0,0
0.28229476844863344,-0.15226928220755565,-0.060187115525509524,-0.904866403717589,-0.15753782006998962,1.0,0.0,1.0,1.0,0.0,1.0,1.0,1.0,1.0,1.0,0
-1.700922279287964,-0.6742681010946378,-1.6169320998896715,-1.071220891501597,-0.6387772704278833,1.0,0.0,1.0,1.0,0.0,1.0,1.0,1.0,1.0,1.0,0
0.3989545947860803,0.3697295366795264,-0.7821558039262803,0.7586784741224916,-0.33253398383649646,0.0,1.0,1.0,1.0,0.0,1.0,1.0,1.0,1.0,1.0,0
0.3989545947860803,-0.4473120928828629,0.345920271699924,-0.07309396479754869,-0.46378110666137656,1.0,0.0,1.0,1.0,0.0,1.0,1.0,1.0,1.0,1.0,0
1.4488930318231024,1.1186843637783832,0.14286657808720726,-0.07309396479754869,-0.46378110666137656,0.0,1.0,1.0,1.0,0.0,1.0,1.0,1.0,1.0,1.0,0
-0.6509838422509417,-0.1976604838499106,-0.15043320157560586,-0.4889801842575688,-0.37628302477812314,0.0,1.0,1.0,1.0,0.0,1.0,1.0,1.0,1.0,1.0,0
0.28229476844863344,-0.4700076937040404,0.2105511426247795,1.1745646935825116,0.7174429987625445,0.0,1.0,1.0,1.0,0.0,1.0,1.0,1.0,1.0,1.0,0
-0.5343240159134949,-0.83313730684288,0.48128940077506854,0.34279225466247143,-0.5950282294862567,0.0,1.0,1.0,1.0,0.0,1.0,1.0,1.0,1.0,1.0,0
-1.0009633212632825,-0.15226928220755565,0.9776428740505985,2.838109571422592,-0.7262753523111368,1.0,0.0,1.0,1.0,0.0,1.0,1.0,1.0,1.0,1.0,0
0.6322742474609742,0.18816473011010657,0.5264124438001168,-0.07309396479754869,-0.9450205570192703,1.0,0.0,1.0,1.0,0.0,1.0,1.0,1.0,1.0,1.0,0
0.3989545947860803,-1.0147021134123,-0.4662945027509431,-0.07309396479754869,-0.33253398383649646,0.0,1.0,1.0,1.0,0.0,1.0,1.0,1.0,1.0,1.0,0
-1.3509428002756232,-0.7877461052005251,-2.000477965602581,-0.07309396479754869,-0.33253398383649646,0.0,1.0,1.0,1.0,0.0,1.0,1.0,1.0,1.0,1.0,0
0.6322742474609742,1.481813976917223,-1.2785092772018103,-0.6553346720415768,-0.20128686101161633,1.0,0.0,1.0,1.0,0.0,1.0,1.0,1.0,1.0,1.0,1
0.8655939001358679,1.1640755654207382,-0.6016636318260876,-0.23944845258155673,1.373678612886945,0.0,1.0,1.0,1.0,0.0,1.0,1.0,1.0,1.0,1.0,0
0.16563494211118654,0.8009459522818986,0.864835266487978,-0.07309396479754869,-0.7262753523111368,1.0,0.0,1.0,1.0,0.0,1.0,1.0,1.0,1.0,1.0,0
0.04897511577373963,-0.4246164920616854,0.864835266487978,1.1745646935825116,-0.7700243932527635,1.0,0.0,1.0,1.0,0.0,1.0,1.0,1.0,1.0,1.0,0
0.3989545947860803,1.2548579687054482,1.0904504816132188,-0.07309396479754869,-0.7262753523111368,1.0,0.0,1.0,1.0,0.0,1.0,1.0,1.0,1.0,1.0,0
-0.18434453690115418,0.823641553103076,-0.03762559401298544,-0.07309396479754869,0.4549487531127842,0.0,1.0,1.0,1.0,0.0,1.0,1.0,1.0,1.0,1.0,0
-1.0009633212632825,-0.10687808056520069,-0.6919097178761839,0.7586784741224916,-0.11378877912836292,1.0,0.0,1.0,1.0,0.0,1.0,1.0,1.0,1.0,1.0,0
0.3989545947860803,1.572596380201933,-1.1431401481266656,3.0044640592066,1.373678612886945,0.0,1.0,1.0,1.0,0.0,1.0,1.0,1.0,1.0,1.0,0
-0.7676436685883887,-0.17496488302873314,-0.714471239388708,2.006337132502552,-0.15753782006998962,1.0,0.0,1.0,1.0,0.0,1.0,1.0,1.0,1.0,1.0,0
-0.3010043632386011,0.21086033093128403,0.3684817932124481,0.34279225466247143,-0.02629069724510952,0.0,1.0,1.0,1.0,0.0,1.0,1.0,1.0,1.0,1.0,0
-1.3509428002756232,-0.83313730684288,1.5416809118637007,-0.07309396479754869,-0.46378110666137656,0.0,1.0,1.0,1.0,0.0,1.0,1.0,1.0,1.0,1.0,0
1.5655528581605493,0.09738232682539663,1.2258196106883634,0.09326052298645936,-0.5075301476030033,0.0,1.0,1.0,1.0,0.0,1.0,1.0,1.0,1.0,1.0,0
-0.7676436685883887,-0.969310911769945,0.864835266487978,-0.6553346720415768,-0.7262753523111368,0.0,1.0,1.0,1.0,0.0,1.0,1.0,1.0,1.0,1.0,0
-1.2342829739381762,-1.5820921339417369,-0.9400864545139489,-0.988043647609593,-0.5950282294862567,1.0,0.0,1.0,1.0,0.0,1.0,1.0,1.0,1.0,1.0,0
-0.06768471056370727,-1.1281801175181874,-0.8498403684638526,-0.4889801842575688,-0.5950282294862567,0.0,1.0,1.0,1.0,0.0,1.0,1.0,1.0,1.0,1.0,0
-0.06768471056370727,-0.7423549035581701,-0.6016636318260876,-0.904866403717589,-0.46378110666137656,1.0,0.0,1.0,1.0,0.0,1.0,1.0,1.0,1.0,1.0,0
-1.8175821056254107,-0.6742681010946378,-1.3913168847644306,-0.904866403717589,-0.2887849428948697,1.0,0.0,1.0,1.0,0.0,1.0,1.0,1.0,1.0,1.0,0
1.91553233717289,3.615200454107906,-0.5114175457759913,-1.5702843548536212,0.10495642557977058,1.0,0.0,1.0,1.0,0.0,1.0,1.0,1.0,1.0,1.0,1
0.28229476844863344,0.16546912928892907,0.2105511426247795,2.089514376394556,0.192454507463024,1.0,0.0,1.0,1.0,0.0,1.0,1.0,1.0,1.0,1.0,0
-0.3010043632386011,0.23355593175246153,0.3910433147249722,-0.07309396479754869,-0.55127918854463,0.0,1.0,1.0,1.0,0.0,1.0,1.0,1.0,1.0,1.0,0
1.0989135528107616,-0.22035608467108808,-0.17299472308812996,-0.15627120868955272,-0.5075301476030033,1.0,0.0,1.0,1.0,0.0,1.0,1.0,1.0,1.0,1.0,0
-1.1176231476007294,-0.4246164920616854,-0.7595942824137561,-0.07309396479754869,-0.15753782006998962,0.0,1.0,1.0,1.0,0.0,1.0,1.0,1.0,1.0,1.0,0
0.16563494211118654,0.30164273421599397,1.135573524638267,-0.07309396479754869,-0.33253398383649646,1.0,0.0,1.0,1.0,0.0,1.0,1.0,1.0,1.0,1.0,1
0.3989545947860803,1.822247989234885,0.030058970524586823,3.0044640592066,-0.15753782006998962,1.0,0.0,1.0,1.0,0.0,1.0,1.0,1.0,1.0,1.0,0
-0.3010043632386011,-1.0600933150546548,1.2935041752259357,0.5091467424464795,-0.20128686101161633,1.0,0.0,1.0,1.0,0.0,1.0,1.0,1.0,1.0,1.0,0
-0.06768471056370727,1.0279019604936734,1.631926997913797,-0.4889801842575688,-0.8137734341943902,1.0,0.0,1.0,1.0,0.0,1.0,1.0,1.0,1.0,1.0,0
0.16563494211118654,-0.92391971012759,2.0154728636267065,2.339046108070568,-0.5075301476030033,1.0,0.0,1.0,1.0,0.0,1.0,1.0,1.0,1.0,1.0,1
1.0989135528107616,0.30164273421599397,0.2782357071623518,1.5072736691505277,-0.15753782006998962,1.0,0.0,1.0,1.0,0.0,1.0,1.0,1.0,1.0,1.0,0
-1.1176231476007294,0.256251532573639,-0.4662945027509431,-0.32262569647356076,-0.15753782006998962,0.0,1.0,1.0,1.0,0.0,1.0,1.0,1.0,1.0,1.0,1
-0.3010043632386011,0.07468672600421916,-0.9175249330014248,-0.4058029403655648,-0.15753782006998962,1.0,0.0,1.0,1.0,0.0,1.0,1.0,1.0,1.0,1.0,0
0.5156144211235272,-0.878528508485235,0.075182013549635,0.34279225466247143,-0.20128686101161633,1.0,0.0,1.0,1.0,0.0,1.0,1.0,1.0,1.0,1.0,0
-1.4676026266130702,-0.5607900969887503,0.075182013549635,-0.07309396479754869,-0.07003973818673623,1.0,0.0,1.0,1.0,0.0,1.0,1.0,1.0,1.0,1.0,0
0.748934073798421,0.6647723473548336,0.4361663577500204,-0.32262569647356076,-0.2887849428948697,0.0,1.0,1.0,1.0,0.0,1.0,1.0,1.0,1.0,1.0,0
-0.41766418957604795,1.7087699851289977,0.864835266487978,0.5091467424464795,0.10495642557977058,1.0,0.0,1.0,1.0,0.0,1.0,1.0,1.0,1.0,1.0,0
1.798872510835443,0.3470339358583489,1.0904504816132188,1.839982644718544,-0.15753782006998962,0.0,1.0,1.0,1.0,0.0,1.0,1.0,1.0,1.0,1.0,0
-0.18434453690115418,-0.061486878922845725,-1.459001449302003,-0.07309396479754869,1.1549334081788114,0.0,1.0,1.0,0.0,1.0,1.0,1.0,1.0,1.0,1.0,0
1.798872510835443,1.0279019604936734,0.075182013549635,1.3409191813665198,0.4111997121711575,1.0,0.0,1.0,1.0,0.0,1.0,1.0,1.0,1.0,1.0,1
0.748934073798421,0.09738232682539663,0.6617815728752613,0.2596150107704674,0.10495642557977058,1.0,0.0,1.0,1.0,0.0,1.0,1.0,1.0,1.0,1.0,0
0.28229476844863344,0.9825107588513183,-0.1053101585505577,1.1745646935825116,-0.33253398383649646,0.0,1.0,1.0,1.0,0.0,1.0,1.0,1.0,1.0,1.0,0
0.3989545947860803,-0.7877461052005251,0.2105511426247795,0.34279225466247143,-0.9450205570192703,1.0,0.0,1.0,1.0,0.0,1.0,1.0,1.0,1.0,1.0,0
0.5156144211235272,0.029295524361864195,-1.1205786266141415,-0.07309396479754869,-0.20128686101161633,1.0,0.0,1.0,1.0,0.0,1.0,1.0,1.0,1.0,1.0,0
0.9822537264733149,0.8009459522818986,0.075182013549635,-0.8216891598255849,7.586042426597937,1.0,0.0,1.0,0.0,1.0,1.0,1.0,1.0,1.0,1.0,1
-0.41766418957604795,-0.37922529041933045,1.2258196106883634,0.17643776687846338,-0.15753782006998962,1.0,0.0,1.0,1.0,0.0,1.0,1.0,1.0,1.0,1.0,1
-0.41766418957604795,-0.878528508485235,3.5045332834532963,-0.4889801842575688,-0.8137734341943902,1.0,0.0,1.0,1.0,0.0,1.0,1.0,1.0,1.0,1.0,0
1.2155733791482086,0.12007792764657411,-1.4364399277894788,-1.071220891501597,0.192454507463024,0.0,1.0,1.0,1.0,0.0,1.0,1.0,1.0,1.0,1.0,0
-0.41766418957604795,1.9811171949831274,1.0227659170756467,0.7586784741224916,-0.15753782006998962,1.0,0.0,1.0,1.0,0.0,1.0,1.0,1.0,1.0,1.0,0
1.2155733791482086,1.2775535695266256,0.9325198310255502,-1.7366388426376291,-0.2887849428948697,0.0,1.0,1.0,1.0,0.0,1.0,1.0,1.0,1.0,1.0,1
0.6322742474609742,-1.2870493232664297,-0.7821558039262803,-1.154398135393601,-0.33253398383649646,0.0,1.0,1.0,1.0,0.0,1.0,1.0,1.0,1.0,1.0,0
1.3322332054856556,2.0718995982678376,1.2032580891758393,2.838109571422592,-0.07003973818673623,1.0,0.0,1.0,1.0,0.0,1.0,1.0,1.0,1.0,1.0,0
0.04897511577373963,-1.5820921339417369,0.5715354868251649,0.34279225466247143,0.10495642557977058,0.0,1.0,1.0,1.0,0.0,1.0,1.0,1.0,1.0,1.0,0
-0.6509838422509417,0.5059031416065913,-0.8724018899763767,-2.1525250620976495,-0.15753782006998962,0.0,1.0,1.0,1.0,0.0,1.0,1.0,1.0,1.0,1.0,1
1.0989135528107616,0.5739899440701237,0.8197122234629298,0.17643776687846338,0.017458343696517182,1.0,0.0,1.0,1.0,0.0,1.0,1.0,1.0,1.0,1.0,0
2.032192163510337,3.705982857392616,-0.3083638521632745,0.34279225466247143,0.2362035484046507,0.0,1.0,1.0,1.0,0.0,1.0,1.0,1.0,1.0,1.0,1
-0.5343240159134949,0.3924251375007039,0.030058970524586823,-1.8198160865296331,-0.5950282294862567,0.0,1.0,1.0,1.0,0.0,1.0,1.0,1.0,1.0,1.0,0
-0.8843034949258356,-1.2416581216240747,-0.8949634114889007,-0.4889801842575688,-0.6387772704278833,1.0,0.0,1.0,1.0,0.0,1.0,1.0,1.0,1.0,1.0,0
0.04897511577373963,1.1186843637783832,-1.3913168847644306,1.0082102057985036,0.1487054665213973,0.0,1.0,1.0,1.0,0.0,1.0,1.0,1.0,1.0,1.0,0
0.16563494211118654,-0.10687808056520069,0.14286657808720726,0.7586784741224916,-0.33253398383649646,0.0,1.0,1.0,1.0,0.0,1.0,1.0,1.0,1.0,1.0,1
-1.1176231476007294,-0.7877461052005251,0.12030505657468317,-0.6553346720415768,-0.07003973818673623,0.0,1.0,1.0,1.0,0.0,1.0,1.0,1.0,1.0,1.0,0
-0.18434453690115418,-0.35652968959815295,0.5264124438001168,-0.6553346720415768,0.1487054665213973,0.0,1.0,1.0,1.0,0.0,1.0,1.0,1.0,1.0,1.0,0
-0.3010043632386011,1.0052063596724958,0.9550813525380744,0.2596150107704674,-0.9450205570192703,1.0,0.0,1.0,1.0,0.0,1.0,1.0,1.0,1.0,1.0,0
1.5655528581605493,1.9811171949831274,0.6166585298502131,-0.904866403717589,-0.7262753523111368,1.0,0.0,1.0,1.0,0.0,1.0,1.0,1.0,1.0,1.0,0
2.032192163510337,3.751374059034971,0.2556741856498277,1.1745646935825116,0.6736939578209178,1.0,0.0,1.0,1.0,0.0,1.0,1.0,1.0,1.0,1.0,1
-1.0009633212632825,0.07468672600421916,0.18798962111225542,0.7586784741224916,-0.15753782006998962,0.0,1.0,1.0,1.0,0.0,1.0,1.0,1.0,1.0,1.0,0
-0.41766418957604795,-0.4700076937040404,-1.0077710190515212,0.17643776687846338,1.067435326295558,1.0,0.0,1.0,1.0,0.0,1.0,1.0,1.0,1.0,1.0,0
0.04897511577373963,2.9797236311149367,0.48128940077506854,2.17269162028656,-0.37628302477812314,0.0,1.0,1.0,1.0,0.0,1.0,1.0,1.0,1.0,1.0,0
1.5655528581605493,1.7995523884137077,0.3684817932124481,-0.8216891598255849,2.423655595485986,0.0,1.0,1.0,1.0,0.0,1.0,1.0,1.0,1.0,1.0,1
-0.7676436685883887,-0.6515725002734603,-0.15043320157560586,2.006337132502552,-0.6387772704278833,1.0,0.0,1.0,1.0,0.0,1.0,1.0,1.0,1.0,1.0,0
1.798872510835443,2.13998640073137,0.345920271699924,1.1745646935825116,0.2362035484046507,1.0,0.0,1.0,1.0,0.0,1.0,1.0,1.0,1.0,1.0,0
-1.0009633212632825,-0.15226928220755565,-0.1053101585505577,-0.07309396479754869,-0.5950282294862567,0.0,1.0,1.0,1.0,0.0,1.0,1.0,1.0,1.0,1.0,0
0.28229476844863344,0.3470339358583489,1.3386272182509837,1.0082102057985036,-0.33253398383649646,1.0,0.0,1.0,1.0,0.0,1.0,1.0,1.0,1.0,1.0,0
-1.2342829739381762,-0.37922529041933045,-0.8498403684638526,0.010083279094455335,-0.4200320657197499,0.0,1.0,1.0,1.0,0.0,1.0,1.0,1.0,1.0,1.0,0
0.6322742474609742,-0.22035608467108808,0.30079722867487585,-0.32262569647356076,-0.37628302477812314,1.0,0.0,1.0,1.0,0.0,1.0,1.0,1.0,1.0,1.0,0
-0.5343240159134949,0.029295524361864195,0.5715354868251649,0.010083279094455335,0.4549487531127842,1.0,0.0,1.0,1.0,0.0,1.0,1.0,1.0,1.0,1.0,1
0.9822537264733149,2.2080732031949024,0.6166585298502131,-0.07309396479754869,-0.46378110666137656,0.0,1.0,1.0,1.0,0.0,1.0,1.0,1.0,1.0,1.0,0
-1.1176231476007294,-0.9012241093064125,-0.7821558039262803,-0.5721574281495728,0.936188203470678,0.0,1.0,1.0,1.0,0.0,1.0,1.0,1.0,1.0,1.0,0
-0.41766418957604795,-0.10687808056520069,1.0904504816132188,0.7586784741224916,0.1487054665213973,1.0,0.0,1.0,1.0,0.0,1.0,1.0,1.0,1.0,1.0,0
-0.6509838422509417,-0.7423549035581701,-0.714471239388708,-0.6553346720415768,0.1487054665213973,1.0,0.0,1.0,1.0,0.0,1.0,1.0,1.0,1.0,1.0,0
0.04897511577373963,0.07468672600421916,-0.6016636318260876,-0.988043647609593,-0.15753782006998962,1.0,0.0,1.0,0.0,1.0,1.0,1.0,1.0,1.0,1.0,0
1.4488930318231024,1.9811171949831274,0.2782357071623518,-0.07309396479754869,-0.02629069724510952,1.0,0.0,1.0,1.0,0.0,1.0,1.0,1.0,1.0,1.0,0
0.16563494211118654,0.46051193996423634,-0.8724018899763767,0.010083279094455335,0.8049410806457978,1.0,0.0,1.0,1.0,0.0,1.0,1.0,1.0,1.0,1.0,0
-0.7676436685883887,-0.9012241093064125,0.18798962111225542,1.1745646935825116,-0.20128686101161633,1.0,0.0,1.0,1.0,0.0,1.0,1.0,1.0,1.0,1.0,0
0.8655939001358679,0.7555547506395436,1.135573524638267,-1.154398135393601,-0.7262753523111368,0.0,1.0,1.0,1.0,0.0,1.0,1.0,1.0,1.0,1.0,0
0.28229476844863344,-0.6061812986311053,0.2556741856498277,-0.904866403717589,0.8049410806457978,0.0,1.0,1.0,1.0,0.0,1.0,1.0,1.0,1.0,1.0,0
-0.3010043632386011,-0.5607900969887503,-1.0528940620765692,-1.320752623177609,-0.37628302477812314,0.0,1.0,1.0,1.0,0.0,1.0,1.0,1.0,1.0,1.0,0
1.5655528581605493,0.9371195572089634,0.09774353506215908,-0.904866403717589,-0.2887849428948697,1.0,0.0,1.0,1.0,0.0,1.0,1.0,1.0,1.0,1.0,1
0.5156144211235272,-0.061486878922845725,-0.2632408091382263,-0.7385119159335809,-0.8575224751360169,1.0,0.0,1.0,1.0,0.0,1.0,1.0,1.0,1.0,1.0,0
-0.06768471056370727,0.21086033093128403,0.075182013549635,-0.07309396479754869,1.5924238175950785,0.0,1.0,1.0,1.0,0.0,1.0,1.0,1.0,1.0,1.0,0
0.5156144211235272,0.7101635489971886,0.6843430943877853,-0.07309396479754869,0.7174429987625445,0.0,1.0,1.0,1.0,0.0,1.0,1.0,1.0,1.0,1.0,1
-0.3010043632386011,0.27894713339481647,0.9099583095130261,0.7586784741224916,-0.02629069724510952,1.0,0.0,1.0,1.0,0.0,1.0,1.0,1.0,1.0,1.0,1
0.9822537264733149,0.8009459522818986,1.0002043955631226,-0.32262569647356076,0.6736939578209178,1.0,0.0,1.0,1.0,0.0,1.0,1.0,1.0,1.0,1.0,1
-0.6509838422509417,0.43781633914305884,-0.17299472308812996,-0.32262569647356076,-0.24503590195324304,0.0,1.0,1.0,1.0,0.0,1.0,1.0,1.0,1.0,1.0,0
-1.1176231476007294,0.3924251375007039,1.135573524638267,0.34279225466247143,0.5424468349960376,0.0,1.0,1.0,1.0,0.0,1.0,1.0,1.0,1.0,1.0,0
0.04897511577373963,-0.016095677280490765,0.3910433147249722,1.1745646935825116,-0.6387772704278833,1.0,0.0,1.0,1.0,0.0,1.0,1.0,1.0,1.0,1.0,0
1.5655528581605493,2.752767622903162,1.2709426537134116,-0.4889801842575688,-0.24503590195324304,1.0,0.0,1.0,1.0,0.0,1.0,1.0,1.0,1.0,1.0,1
0.6322742474609742,-0.10687808056520069,0.6392200513627372,0.010083279094455335,-0.55127918854463,1.0,0.0,1.0,1.0,0.0,1.0,1.0,1.0,1.0,1.0,0
1.2155733791482086,-0.4700076937040404,-0.21811776611317812,-1.4871071109616172,-0.07003973818673623,0.0,1.0,1.0,1.0,0.0,1.0,1.0,1.0,1.0,1.0,0
-1.2342829739381762,0.7101635489971886,0.9099583095130261,0.7586784741224916,-0.4200320657197499,1.0,0.0,1.0,1.0,0.0,1.0,1.0,1.0,1.0,1.0,0
-0.7676436685883887,-0.2884428871346205,-0.8047173254388044,0.010083279094455335,0.4549487531127842,0.0,1.0,1.0,1.0,0.0,1.0,1.0,1.0,1.0,1.0,0
0.6322742474609742,-0.37922529041933045,0.007497449012062735,-1.071220891501597,0.6736939578209178,0.0,1.0,1.0,1.0,0.0,1.0,1.0,1.0,1.0,1.0,0
1.5655528581605493,1.0959887629572058,0.6843430943877853,-1.320752623177609,-0.11378877912836292,1.0,0.0,1.0,1.0,0.0,1.0,1.0,1.0,1.0,1.0,1
1.0989135528107616,-0.4473120928828629,0.075182013549635,1.0082102057985036,-0.02629069724510952,1.0,0.0,1.0,1.0,0.0,1.0,1.0,1.0,1.0,1.0,0
-1.3509428002756232,-1.2416581216240747,-1.6846166644272438,-0.32262569647356076,-0.46378110666137656,1.0,0.0,1.0,1.0,0.0,1.0,1.0,1.0,1.0,1.0,0
0.748934073798421,-1.4232229281934945,0.9776428740505985,0.2596150107704674,-0.6387772704278833,1.0,0.0,1.0,1.0,0.0,1.0,1.0,1.0,1.0,1.0,0
0.16563494211118654,-0.15226928220755565,0.16542809959973134,-1.320752623177609,-0.07003973818673623,0.0,1.0,1.0,1.0,0.0,1.0,1.0,1.0,1.0,1.0,0
0.3989545947860803,3.0705060343996466,0.2556741856498277,2.58857783974658,2.117412308894599,1.0,0.0,1.0,0.0,1.0,1.0,1.0,1.0,1.0,1.0,1
0.3989545947860803,-0.1976604838499106,0.4361663577500204,2.422223351962572,0.8924391625290512,1.0,0.0,1.0,1.0,0.0,1.0,1.0,1.0,1.0,1.0,0
-0.8843034949258356,1.6633787834866427,0.075182013549635,1.1745646935825116,-0.15753782006998962,0.0,1.0,1.0,1.0,0.0,1.0,1.0,1.0,1.0,1.0,0
0.748934073798421,0.3470339358583489,1.92522677757661,-1.4871071109616172,-0.7700243932527635,0.0,1.0,1.0,1.0,0.0,1.0,1.0,1.0,1.0,1.0,0
1.5655528581605493,0.8463371539242535,0.2105511426247795,-0.5721574281495728,-0.37628302477812314,1.0,0.0,1.0,1.0,0.0,1.0,1.0,1.0,1.0,1.0,0
0.5156144211235272,-1.0147021134123,1.1130120031257429,-0.904866403717589,0.3674506712295308,1.0,0.0,1.0,1.0,0.0,1.0,1.0,1.0,1.0,1.0,0
-1.3509428002756232,-0.311138487955798,-1.481562970814527,-0.07309396479754869,-0.46378110666137656,1.0,0.0,1.0,1.0,0.0,1.0,1.0,1.0,1.0,1.0,0
-0.06768471056370727,-1.5140053314782045,1.158135046150791,0.09326052298645936,-0.24503590195324304,1.0,0.0,1.0,1.0,0.0,1.0,1.0,1.0,1.0,1.0,0
1.91553233717289,1.2094667670630932,0.8873967880005021,1.1745646935825116,-0.7262753523111368,0.0,1.0,1.0,1.0,0.0,1.0,1.0,1.0,1.0,1.0,0
0.16563494211118654,-1.2416581216240747,-0.2406792876257022,-0.6553346720415768,-0.11378877912836292,1.0,0.0,1.0,1.0,0.0,1.0,1.0,1.0,1.0,1.0,0
-1.0009633212632825,0.12007792764657411,-1.481562970814527,0.2596150107704674,0.017458343696517182,1.0,0.0,1.0,1.0,0.0,1.0,1.0,1.0,1.0,1.0,0
0.5156144211235272,0.8009459522818986,3.459410240428248,-0.07309396479754869,-0.46378110666137656,1.0,0.0,1.0,1.0,0.0,1.0,1.0,1.0,1.0,1.0,0
-1.0009633212632825,0.30164273421599397,-0.9400864545139489,0.7586784741224916,-0.7262753523111368,0.0,1.0,1.0,1.0,0.0,1.0,1.0,1.0,1.0,1.0,0
-0.06768471056370727,0.21086033093128403,0.2556741856498277,0.7586784741224916,-0.33253398383649646,1.0,0.0,1.0,1.0,0.0,1.0,1.0,1.0,1.0,1.0,0
-1.4676026266130702,-0.35652968959815295,-0.2632408091382263,1.5904509130425317,0.06120738463814389,0.0,1.0,1.0,1.0,0.0,1.0,1.0,1.0,1.0,1.0,0
-0.5343240159134949,-1.2870493232664297,0.3910433147249722,-1.320752623177609,-0.20128686101161633,1.0,0.0,1.0,1.0,0.0,1.0,1.0,1.0,1.0,1.0,0
0.16563494211118654,3.342853244253776,0.7069046159003094,1.839982644718544,-0.5075301476030033,0.0,1.0,1.0,1.0,0.0,1.0,1.0,1.0,1.0,1.0,1
-1.0009633212632825,-0.2657472863134431,0.6166585298502131,-0.07309396479754869,-0.15753782006998962,0.0,1.0,1.0,1.0,0.0,1.0,1.0,1.0,1.0,1.0,1
0.28229476844863344,1.8449435900560627,-0.6919097178761839,-0.07309396479754869,-0.20128686101161633,0.0,1.0,1.0,1.0,0.0,1.0,1.0,1.0,1.0,1.0,1
-1.2342829739381762,-0.24305168549226558,-0.01506407250046135,-0.07309396479754869,-0.24503590195324304,1.0,0.0,1.0,1.0,0.0,1.0,1.0,1.0,1.0,1.0,0
1.2155733791482086,-0.7423549035581701,2.6246339444648568,0.7586784741224916,-0.46378110666137656,1.0,0.0,1.0,1.0,0.0,1.0,1.0,1.0,1.0,1.0,0
-1.0009633212632825,-1.1508757183393648,0.4361663577500204,-1.320752623177609,-0.7262753523111368,0.0,1.0,1.0,1.0,0.0,1.0,1.0,1.0,1.0,1.0,0
0.04897511577373963,-0.016095677280490765,-0.2632408091382263,-0.15627120868955272,0.936188203470678,1.0,0.0,1.0,1.0,0.0,1.0,1.0,1.0,1.0,1.0,0
1.4488930318231024,1.7541611867713527,0.2105511426247795,-0.07309396479754869,-0.15753782006998962,1.0,0.0,1.0,1.0,0.0,1.0,1.0,1.0,1.0,1.0,0
0.16563494211118654,0.6193811457124787,-0.5565405888010394,2.006337132502552,2.2049103907778522,0.0,1.0,1.0,1.0,0.0,1.0,1.0,1.0,1.0,1.0,1
-0.7676436685883887,-1.0147021134123,-0.7595942824137561,1.6736281569345357,-0.7262753523111368,1.0,0.0,1.0,1.0,0.0,1.0,1.0,1.0,1.0,1.0,0
1.798872510835443,1.1186843637783832,-0.9175249330014248,-0.4889801842575688,-0.07003973818673623,0.0,1.0,1.0,1.0,0.0,1.0,1.0,1.0,1.0,1.0,0
-0.5343240159134949,-0.2884428871346205,-0.060187115525509524,-0.32262569647356076,-0.15753782006998962,0.0,1.0,1.0,1.0,0.0,1.0,1.0,1.0,1.0,1.0,0
0.16563494211118654,-0.4473120928828629,-0.5565405888010394,-0.07309396479754869,-0.33253398383649646,0.0,1.0,1.0,1.0,0.0,1.0,1.0,1.0,1.0,1.0,0
-0.41766418957604795,0.6647723473548336,0.3684817932124481,2.006337132502552,-0.2887849428948697,0.0,1.0,1.0,1.0,0.0,1.0,1.0,1.0,1.0,1.0,0
0.04897511577373963,-1.1054845166970098,0.5038509222875927,0.34279225466247143,-0.4200320657197499,0.0,1.0,1.0,1.0,0.0,1.0,1.0,1.0,1.0,1.0,0
0.04897511577373963,0.18816473011010657,0.4361663577500204,-0.07309396479754869,-0.15753782006998962,1.0,0.0,1.0,1.0,0.0,1.0,1.0,1.0,1.0,1.0,0
-0.7676436685883887,0.21086033093128403,-0.8498403684638526,-0.4889801842575688,-0.4200320657197499,1.0,0.0,1.0,1.0,0.0,1.0,1.0,1.0,1.0,1.0,1
1.5655528581605493,0.4832075407854138,-1.0077710190515212,-0.07309396479754869,0.8049410806457978,1.0,0.0,1.0,1.0,0.0,1.0,1.0,1.0,1.0,1.0,0
-0.41766418957604795,0.3470339358583489,-0.2406792876257022,0.7586784741224916,-0.4200320657197499,0.0,1.0,1.0,1.0,0.0,1.0,1.0,1.0,1.0,1.0,0
-1.3509428002756232,-0.3338340887769755,-0.060187115525509524,1.839982644718544,-0.15753782006998962,1.0,0.0,1.0,1.0,0.0,1.0,1.0,1.0,1.0,1.0,0
-0.41766418957604795,0.3924251375007039,-1.8651088365274364,-0.904866403717589,-0.7262753523111368,0.0,1.0,1.0,1.0,0.0,1.0,1.0,1.0,1.0,1.0,0
-0.5343240159134949,-0.6288768994522828,0.6166585298502131,-0.07309396479754869,0.3674506712295308,0.0,1.0,1.0,1.0,0.0,1.0,1.0,1.0,1.0,1.0,1
-1.700922279287964,0.029295524361864195,-0.4888560242634672,0.8418557180144955,0.10495642557977058,0.0,1.0,1.0,1.0,0.0,1.0,1.0,1.0,1.0,1.0,0
0.6322742474609742,-0.6969637019158151,0.7520276589253576,-0.4058029403655648,-0.4200320657197499,1.0,0.0,1.0,1.0,0.0,1.0,1.0,1.0,1.0,1.0,0
1.0989135528107616,0.5512943432489462,0.8422737449754539,-0.7385119159335809,-0.8137734341943902,0.0,1.0,1.0,1.0,0.0,1.0,1.0,1.0,1.0,1.0,0
-1.2342829739381762,-0.4246164920616854,0.30079722867487585,1.1745646935825116,-0.46378110666137656,1.0,0.0,1.0,1.0,0.0,1.0,1.0,1.0,1.0,1.0,0
-0.5343240159134949,-0.969310911769945,0.4136048362374963,-0.32262569647356076,-0.07003973818673623,0.0,1.0,1.0,1.0,0.0,1.0,1.0,1.0,1.0,1.0,0
0.3989545947860803,0.3924251375007039,-1.0528940620765692,3.253995790882612,0.192454507463024,0.0,1.0,1.0,1.0,0.0,1.0,1.0,1.0,1.0,1.0,1
-0.18434453690115418,0.1427735284677516,-0.15043320157560586,1.5904509130425317,0.4111997121711575,0.0,1.0,1.0,0.0,1.0,1.0,1.0,1.0,1.0,1.0,0
-0.8843034949258356,0.46051193996423634,-0.15043320157560586,-0.07309396479754869,-0.2887849428948697,1.0,0.0,1.0,1.0,0.0,1.0,1.0,1.0,1.0,1.0,0
-0.6509838422509417,0.12007792764657411,0.12030505657468317,-0.4889801842575688,-0.20128686101161633,1.0,0.0,1.0,1.0,0.0,1.0,1.0,1.0,1.0,1.0,0
-0.6509838422509417,0.23355593175246153,-0.1053101585505577,1.0082102057985036,-0.5075301476030033,0.0,1.0,1.0,1.0,0.0,1.0,1.0,1.0,1.0,1.0,0
0.8655939001358679,-0.1976604838499106,2.173403514214375,-0.07309396479754869,-0.15753782006998962,1.0,0.0,1.0,1.0,0.0,1.0,1.0,1.0,1.0,1.0,0
0.748934073798421,1.1640755654207382,-0.6919097178761839,-1.320752623177609,0.2799525893462774,1.0,0.0,1.0,1.0,0.0,1.0,1.0,1.0,1.0,1.0,1
0.5156144211235272,0.7555547506395436,0.4136048362374963,1.839982644718544,-0.7262753523111368,0.0,1.0,1.0,1.0,0.0,1.0,1.0,1.0,1.0,1.0,0
-1.3509428002756232,-0.6515725002734603,-0.03762559401298544,-1.320752623177609,0.017458343696517182,0.0,1.0,1.0,1.0,0.0,1.0,1.0,1.0,1.0,1.0,0
0.8655939001358679,0.3470339358583489,3.278918068328055,1.839982644718544,-0.5075301476030033,1.0,0.0,1.0,1.0,0.0,1.0,1.0,1.0,1.0,1.0,0
-0.6509838422509417,-0.969310911769945,0.09774353506215908,0.7586784741224916,3.736126823734787,0.0,1.0,1.0,0.0,1.0,1.0,1.0,1.0,1.0,1.0,1
-0.7676436685883887,-0.12957368138637818,-1.1205786266141415,0.34279225466247143,-0.2887849428948697,0.0,1.0,1.0,1.0,0.0,1.0,1.0,1.0,1.0,1.0,0
-1.584262452950517,-0.83313730684288,0.075182013549635,-0.8216891598255849,-0.15753782006998962,0.0,1.0,1.0,1.0,0.0,1.0,1.0,1.0,1.0,1.0,0
-1.3509428002756232,-0.2884428871346205,-0.3760484167008467,0.09326052298645936,-0.33253398383649646,0.0,1.0,1.0,1.0,0.0,1.0,1.0,1.0,1.0,1.0,0
0.6322742474609742,-0.7877461052005251,-0.9175249330014248,2.422223351962572,0.1487054665213973,1.0,0.0,1.0,1.0,0.0,1.0,1.0,1.0,1.0,1.0,0
-1.0009633212632825,-0.15226928220755565,-0.7370327609012322,-1.320752623177609,-0.5075301476030033,1.0,0.0,1.0,1.0,0.0,1.0,1.0,1.0,1.0,1.0,0
-1.3509428002756232,0.029295524361864195,0.3684817932124481,0.34279225466247143,-0.8137734341943902,0.0,1.0,1.0,1.0,0.0,1.0,1.0,1.0,1.0,1.0,1
-0.6509838422509417,0.5285987424277687,-0.443732981238419,-0.6553346720415768,-0.9450205570192703,0.0,1.0,1.0,1.0,0.0,1.0,1.0,1.0,1.0,1.0,0
1.6822126844979963,0.30164273421599397,-0.714471239388708,-0.4889801842575688,0.3674506712295308,1.0,0.0,1.0,1.0,0.0,1.0,1.0,1.0,1.0,1.0,0
1.4488930318231024,2.2988556064796124,-1.0528940620765692,1.1745646935825116,-0.20128686101161633,0.0,1.0,1.0,1.0,0.0,1.0,1.0,1.0,1.0,1.0,0
-0.41766418957604795,0.12007792764657411,0.3910433147249722,0.5923239863384835,-0.2887849428948697,0.0,1.0,1.0,1.0,0.0,1.0,1.0,1.0,1.0,1.0,0
-0.41766418957604795,-0.5380944961675728,0.7520276589253576,0.5923239863384835,0.06120738463814389,0.0,1.0,1.0,1.0,0.0,1.0,1.0,1.0,1.0,1.0,1
-1.4676026266130702,-0.92391971012759,1.4288733043010802,0.42596949855447547,-0.2887849428948697,1.0,0.0,1.0,1.0,0.0,1.0,1.0,1.0,1.0,1.0,0
-0.18434453690115418,-0.15226928220755565,-0.15043320157560586,0.17643776687846338,-0.15753782006998962,1.0,0.0,1.0,1.0,0.0,1.0,1.0,1.0,1.0,1.0,0
-1.3509428002756232,-0.4700076937040404,-1.8425473150149123,-0.988043647609593,-0.5075301476030033,1.0,0.0,1.0,1.0,0.0,1.0,1.0,1.0,1.0,1.0,0
0.8655939001358679,1.1186843637783832,0.7971507019504057,-0.4889801842575688,0.5861958759376643,1.0,0.0,1.0,1.0,0.0,1.0,1.0,1.0,1.0,1.0,1
0.16563494211118654,-0.6515725002734603,0.09774353506215908,-0.4889801842575688,-1.1200167207857772,0.0,1.0,1.0,1.0,0.0,1.0,1.0,1.0,1.0,1.0,0
0.6322742474609742,-1.0827889158758324,0.345920271699924,0.34279225466247143,1.7236709404199586,1.0,0.0,1.0,1.0,0.0,1.0,1.0,1.0,1.0,1.0,0
1.5655528581605493,0.12007792764657411,1.0002043955631226,-1.071220891501597,-0.5950282294862567,1.0,0.0,1.0,1.0,0.0,1.0,1.0,1.0,1.0,1.0,0
-0.8843034949258356,-1.0147021134123,0.48128940077506854,-1.320752623177609,-0.37628302477812314,0.0,1.0,1.0,1.0,0.0,1.0,1.0,1.0,1.0,1.0,0
0.16563494211118654,1.2548579687054482,-0.21811776611317812,1.0082102057985036,-1.0762676798441504,1.0,0.0,1.0,1.0,0.0,1.0,1.0,1.0,1.0,1.0,0
-0.18434453690115418,-0.061486878922845725,0.2556741856498277,0.6755012302304875,0.192454507463024,1.0,0.0,1.0,1.0,0.0,1.0,1.0,1.0,1.0,1.0,0
0.28229476844863344,-0.83313730684288,-0.8272788469513285,-0.8216891598255849,0.10495642557977058,0.0,1.0,1.0,1.0,0.0,1.0,1.0,1.0,1.0,1.0,0
-0.3010043632386011,-0.5607900969887503,-0.060187115525509524,0.34279225466247143,-0.15753782006998962,0.0,1.0,1.0,1.0,0.0,1.0,1.0,1.0,1.0,1.0,0
0.3989545947860803,-0.5607900969887503,0.5264124438001168,-0.988043647609593,-0.37628302477812314,0.0,1.0,1.0,1.0,0.0,1.0,1.0,1.0,1.0,1.0,0
-1.700922279287964,-0.10687808056520069,-0.4662945027509431,-0.07309396479754869,0.3674506712295308,1.0,0.0,1.0,1.0,0.0,1.0,1.0,1.0,1.0,1.0,0
0.04897511577373963,-0.15226928220755565,0.48128940077506854,0.34279225466247143,-0.2887849428948697,0.0,1.0,1.0,1.0,0.0,1.0,1.0,1.0,1.0,1.0,0
-0.18434453690115418,0.256251532573639,-0.1053101585505577,-0.988043647609593,-0.4200320657197499,0.0,1.0,1.0,1.0,0.0,1.0,1.0,1.0,1.0,1.0,0
-1.584262452950517,-1.2189625208028971,-0.7821558039262803,1.1745646935825116,-0.8137734341943902,1.0,0.0,1.0,1.0,0.0,1.0,1.0,1.0,1.0,1.0,0
-0.18434453690115418,-0.8104417060217026,0.2556741856498277,1.5904509130425317,-0.2887849428948697,1.0,0.0,1.0,1.0,0.0,1.0,1.0,1.0,1.0,1.0,0
-0.41766418957604795,0.8009459522818986,1.5416809118637007,-0.07309396479754869,-0.2887849428948697,0.0,1.0,1.0,1.0,0.0,1.0,1.0,1.0,1.0,1.0,0
-0.7676436685883887,-0.6969637019158151,-0.6693481963636598,-1.320752623177609,0.8049410806457978,0.0,1.0,1.0,1.0,0.0,1.0,1.0,1.0,1.0,1.0,0
1.3322332054856556,0.4832075407854138,-0.6919097178761839,-0.4889801842575688,0.2362035484046507,0.0,1.0,1.0,1.0,0.0,1.0,1.0,1.0,1.0,1.0,1
-1.584262452950517,-0.92391971012759,-0.8272788469513285,-0.07309396479754869,-0.8575224751360169,1.0,0.0,1.0,1.0,0.0,1.0,1.0,1.0,1.0,1.0,0
1.6822126844979963,-1.3551361257299621,0.594097008337689,-0.988043647609593,0.7611920397041712,0.0,1.0,1.0,1.0,0.0,1.0,1.0,1.0,1.0,1.0,0
-1.3509428002756232,-0.7196593027369926,-0.6016636318260876,-0.904866403717589,0.3237016302879041,0.0,1.0,1.0,1.0,0.0,1.0,1.0,1.0,1.0,1.0,0
-0.5343240159134949,-0.10687808056520069,-0.443732981238419,-2.1525250620976495,0.1487054665213973,0.0,1.0,1.0,1.0,0.0,1.0,1.0,1.0,1.0,1.0,0
-1.2342829739381762,-0.6515725002734603,0.7745891804378817,0.2596150107704674,-0.24503590195324304,0.0,1.0,1.0,1.0,0.0,1.0,1.0,1.0,1.0,1.0,0
-0.8843034949258356,0.46051193996423634,-0.15043320157560586,0.5091467424464795,0.7611920397041712,1.0,0.0,1.0,1.0,0.0,1.0,1.0,1.0,1.0,1.0,0
0.8655939001358679,-0.03879127810166825,0.5715354868251649,-0.4889801842575688,-0.15753782006998962,0.0,1.0,1.0,1.0,0.0,1.0,1.0,1.0,1.0,1.0,0
0.04897511577373963,-0.24305168549226558,0.48128940077506854,-0.07309396479754869,1.8549180632448388,1.0,0.0,1.0,0.0,1.0,1.0,1.0,1.0,1.0,1.0,0
-0.6509838422509417,0.6193811457124787,-0.17299472308812996,-0.5721574281495728,-0.2887849428948697,1.0,0.0,1.0,1.0,0.0,1.0,1.0,1.0,1.0,1.0,0
-0.3010043632386011,1.2321623678842706,-0.5791021103135635,0.8418557180144955,7.367297221889804,1.0,0.0,1.0,0.0,1.0,1.0,1.0,1.0,1.0,1.0,1
1.0989135528107616,2.843550026187872,0.075182013549635,0.34279225466247143,-0.37628302477812314,1.0,0.0,1.0,1.0,0.0,1.0,1.0,1.0,1.0,1.0,0
0.16563494211118654,1.617987581844288,1.2032580891758393,0.34279225466247143,-0.7700243932527635,0.0,1.0,1.0,1.0,0.0,1.0,1.0,1.0,1.0,1.0,1
0.3989545947860803,0.43781633914305884,-0.9852094975389971,-0.4889801842575688,-0.15753782006998962,0.0,1.0,1.0,1.0,0.0,1.0,1.0,1.0,1.0,1.0,0
-0.5343240159134949,0.16546912928892907,-0.1053101585505577,-0.4889801842575688,-0.68252631136951,0.0,1.0,1.0,1.0,0.0,1.0,1.0,1.0,1.0,1.0,0
-0.18434453690115418,-0.2884428871346205,0.075182013549635,-0.23944845258155673,-0.9450205570192703,0.0,1.0,1.0,1.0,0.0,1.0,1.0,1.0,1.0,1.0,0
0.748934073798421,-0.15226928220755565,-0.714471239388708,-1.6534615987456251,-0.7700243932527635,0.0,1.0,1.0,1.0,0.0,1.0,1.0,1.0,1.0,1.0,0
0.8655939001358679,-0.061486878922845725,0.8197122234629298,1.1745646935825116,-0.24503590195324304,1.0,0.0,1.0,1.0,0.0,1.0,1.0,1.0,1.0,1.0,0
-1.2342829739381762,-0.1976604838499106,0.345920271699924,2.422223351962572,-0.8137734341943902,1.0,0.0,1.0,1.0,0.0,1.0,1.0,1.0,1.0,1.0,0
0.28229476844863344,0.12007792764657411,1.0904504816132188,1.0082102057985036,0.49869779405441095,0.0,1.0,1.0,1.0,0.0,1.0,1.0,1.0,1.0,1.0,0
-0.8843034949258356,-0.5607900969887503,-0.3986099382133708,-1.5702843548536212,-0.37628302477812314,1.0,0.0,1.0,1.0,0.0,1.0,1.0,1.0,1.0,1.0,0
-0.41766418957604795,0.21086033093128403,-1.1657016696391898,0.5091467424464795,-0.15753782006998962,1.0,0.0,1.0,1.0,0.0,1.0,1.0,1.0,1.0,1.0,0
-0.7676436685883887,0.07468672600421916,-1.5041244923270511,1.5904509130425317,-0.37628302477812314,1.0,0.0,1.0,1.0,0.0,1.0,1.0,1.0,1.0,1.0,0
-0.7676436685883887,0.3924251375007039,2.940495245640194,1.3409191813665198,0.3674506712295308,0.0,1.0,1.0,1.0,0.0,1.0,1.0,1.0,1.0,1.0,0
1.3322332054856556,1.4591183760960456,-0.8047173254388044,0.17643776687846338,0.5861958759376643,0.0,1.0,1.0,1.0,0.0,1.0,1.0,1.0,1.0,1.0,1
0.8655939001358679,0.6874679481760111,1.654488519426321,-0.7385119159335809,-0.37628302477812314,0.0,1.0,1.0,1.0,0.0,1.0,1.0,1.0,1.0,1.0,1
-0.3010043632386011,1.3683359728113356,-0.33092537367579855,0.17643776687846338,-0.07003973818673623,1.0,0.0,1.0,1.0,0.0,1.0,1.0,1.0,1.0,1.0,0
1.5655528581605493,-1.0147021134123,-0.443732981238419,-0.32262569647356076,-0.5950282294862567,0.0,1.0,1.0,1.0,0.0,1.0,1.0,1.0,1.0,1.0,1
0.9822537264733149,0.8463371539242535,0.7069046159003094,-0.32262569647356076,-0.9450205570192703,1.0,0.0,1.0,1.0,0.0,1.0,1.0,1.0,1.0,1.0,0
-0.18434453690115418,-1.0600933150546548,-0.9400864545139489,-0.23944845258155673,-0.7262753523111368,1.0,0.0,1.0,1.0,0.0,1.0,1.0,1.0,1.0,1.0,0
-1.0009633212632825,-0.24305168549226558,-0.01506407250046135,0.34279225466247143,0.06120738463814389,0.0,1.0,1.0,1.0,0.0,1.0,1.0,1.0,1.0,1.0,1
-1.3509428002756232,-1.5140053314782045,-0.21811776611317812,-0.07309396479754869,0.3674506712295308,1.0,0.0,1.0,1.0,0.0,1.0,1.0,1.0,1.0,1.0,0
1.2155733791482086,0.3924251375007039,1.7447346054764175,2.422223351962572,0.5424468349960376,1.0,0.0,1.0,1.0,0.0,1.0,1.0,1.0,1.0,1.0,0
1.3322332054856556,3.0705060343996466,0.6392200513627372,-0.6553346720415768,7.629791467539564,1.0,0.0,1.0,0.0,1.0,1.0,1.0,1.0,1.0,1.0,1
-0.8843034949258356,-0.7877461052005251,0.7745891804378817,-0.8216891598255849,0.017458343696517182,1.0,0.0,1.0,1.0,0.0,1.0,1.0,1.0,1.0,1.0,0
-0.41766418957604795,-1.1281801175181874,1.2258196106883634,0.5091467424464795,-0.15753782006998962,1.0,0.0,1.0,1.0,0.0,1.0,1.0,1.0,1.0,1.0,0
0.16563494211118654,0.43781633914305884,2.444141772364664,0.34279225466247143,-0.37628302477812314,1.0,0.0,1.0,1.0,0.0,1.0,1.0,1.0,1.0,1.0,0
0.6322742474609742,-0.3338340887769755,0.8197122234629298,0.7586784741224916,-0.6387772704278833,1.0,0.0,1.0,1.0,0.0,1.0,1.0,1.0,1.0,1.0,0
1.3322332054856556,2.1172907999101924,-0.6016636318260876,0.17643776687846338,0.5861958759376643,1.0,0.0,1.0,1.0,0.0,1.0,1.0,1.0,1.0,1.0,0
-1.4676026266130702,0.12007792764657411,-0.12787168006308178,-0.23944845258155673,-0.6387772704278833,0.0,1.0,1.0,1.0,0.0,1.0,1.0,1.0,1.0,1.0,0
0.04897511577373963,-0.061486878922845725,0.3684817932124481,1.1745646935825116,-0.24503590195324304,0.0,1.0,1.0,1.0,0.0,1.0,1.0,1.0,1.0,1.0,0
-0.3010043632386011,-0.4473120928828629,-1.8425473150149123,-0.904866403717589,-0.15753782006998962,1.0,0.0,1.0,1.0,0.0,1.0,1.0,1.0,1.0,1.0,0
0.5156144211235272,-0.8558329076640575,0.5715354868251649,-0.07309396479754869,-0.6387772704278833,1.0,0.0,1.0,1.0,0.0,1.0,1.0,1.0,1.0,1.0,0
1.3322332054856556,2.480420413049032,-0.8272788469513285,-1.4871071109616172,-0.7700243932527635,1.0,0.0,1.0,1.0,0.0,1.0,1.0,1.0,1.0,1.0,0
-1.584262452950517,-0.4927032945252179,-1.752301228964816,-0.32262569647356076,-0.2887849428948697,1.0,0.0,1.0,1.0,0.0,1.0,1.0,1.0,1.0,1.0,0
0.9822537264733149,0.6420767465336562,-0.3083638521632745,-0.07309396479754869,0.1487054665213973,1.0,0.0,1.0,1.0,0.0,1.0,1.0,1.0,1.0,1.0,0
1.5655528581605493,-0.6515725002734603,0.345920271699924,1.839982644718544,0.017458343696517182,1.0,0.0,1.0,1.0,0.0,1.0,1.0,1.0,1.0,1.0,0
0.5156144211235272,0.914423956387786,-0.060187115525509524,-0.07309396479754869,-0.2887849428948697,0.0,1.0,1.0,1.0,0.0,1.0,1.0,1.0,1.0,1.0,0
-0.3010043632386011,-1.0147021134123,1.5191193903511766,0.7586784741224916,-0.2887849428948697,1.0,0.0,1.0,1.0,0.0,1.0,1.0,1.0,1.0,1.0,1
-1.1176231476007294,-0.6061812986311053,-1.9102318795524846,-0.07309396479754869,-0.68252631136951,0.0,1.0,1.0,1.0,0.0,1.0,1.0,1.0,1.0,1.0,0
1.3322332054856556,0.3924251375007039,1.1130120031257429,0.34279225466247143,-1.295012884552284,1.0,0.0,1.0,1.0,0.0,1.0,1.0,1.0,1.0,1.0,0
0.16563494211118654,-0.12957368138637818,0.6843430943877853,-0.4889801842575688,-0.11378877912836292,0.0,1.0,1.0,1.0,0.0,1.0,1.0,1.0,1.0,1.0,0
1.6822126844979963,0.9371195572089634,0.4136048362374963,-1.320752623177609,-0.33253398383649646,1.0,0.0,1.0,1.0,0.0,1.0,1.0,1.0,1.0,1.0,1
-0.18434453690115418,1.7087699851289977,-1.0980171051016174,1.1745646935825116,1.5924238175950785,1.0,0.0,1.0,1.0,0.0,1.0,1.0,1.0,1.0,1.0,0
0.28229476844863344,2.0265083966254824,0.48128940077506854,0.34279225466247143,8.242278040722338,0.0,1.0,1.0,0.0,1.0,1.0,1.0,1.0,1.0,1.0,1
-0.3010043632386011,0.5285987424277687,-0.35348689518832266,0.7586784741224916,-0.68252631136951,1.0,0.0,1.0,1.0,0.0,1.0,1.0,1.0,1.0,1.0,0
-0.41766418957604795,0.9825107588513183,-0.15043320157560586,-0.07309396479754869,0.3674506712295308,1.0,0.0,1.0,1.0,0.0,1.0,1.0,1.0,1.0,1.0,0
0.748934073798421,2.162682001552547,1.3386272182509837,-0.07309396479754869,1.6799218994783318,1.0,0.0,1.0,1.0,0.0,1.0,1.0,1.0,1.0,1.0,0
-1.1176231476007294,-0.5153988953463954,1.5191193903511766,-1.320752623177609,-0.07003973818673623,1.0,0.0,1.0,1.0,0.0,1.0,1.0,1.0,1.0,1.0,0
0.04897511577373963,1.0052063596724958,0.2556741856498277,-0.07309396479754869,0.2362035484046507,1.0,0.0,1.0,1.0,0.0,1.0,1.0,1.0,1.0,1.0,0
-1.2342829739381762,-0.878528508485235,-1.0980171051016174,0.7586784741224916,0.2362035484046507,1.0,0.0,1.0,1.0,0.0,1.0,1.0,1.0,1.0,1.0,0
-0.41766418957604795,-0.6061812986311053,0.6843430943877853,0.5923239863384835,-0.2887849428948697,1.0,0.0,1.0,1.0,0.0,1.0,1.0,1.0,1.0,1.0,1
1.3322332054856556,-0.37922529041933045,-0.2858023306507504,-1.7366388426376291,-0.2887849428948697,0.0,1.0,1.0,1.0,0.0,1.0,1.0,1.0,1.0,1.0,0
1.0989135528107616,0.869032754745431,0.2556741856498277,-0.07309396479754869,1.2424314900620648,0.0,1.0,1.0,1.0,0.0,1.0,1.0,1.0,1.0,1.0,0
-0.18434453690115418,0.5739899440701237,0.6392200513627372,-0.15627120868955272,-0.7700243932527635,1.0,0.0,1.0,1.0,0.0,1.0,1.0,1.0,1.0,1.0,0
-0.3010043632386011,-1.0147021134123,-0.1053101585505577,0.010083279094455335,0.017458343696517182,1.0,0.0,1.0,1.0,0.0,1.0,1.0,1.0,1.0,1.0,0
-1.3509428002756232,0.3924251375007039,0.05262049203711091,1.1745646935825116,0.1487054665213973,0.0,1.0,1.0,1.0,0.0,1.0,1.0,1.0,1.0,1.0,0
1.2155733791482086,-0.4246164920616854,0.7069046159003094,0.34279225466247143,0.1487054665213973,1.0,0.0,1.0,1.0,0.0,1.0,1.0,1.0,1.0,1.0,0
0.28229476844863344,-1.5593965331205595,-0.4888560242634672,-0.6553346720415768,-0.24503590195324304,0.0,1.0,1.0,1.0,0.0,1.0,1.0,1.0,1.0,1.0,0
-0.8843034949258356,-1.6501789364052692,-1.1205786266141415,-0.32262569647356076,0.10495642557977058,1.0,0.0,1.0,1.0,0.0,1.0,1.0,1.0,1.0,1.0,0
-1.2342829739381762,-0.15226928220755565,-1.6620551429147197,-1.320752623177609,1.6799218994783318,0.0,1.0,1.0,1.0,0.0,1.0,1.0,1.0,1.0,1.0,0
0.16563494211118654,-0.061486878922845725,-0.2406792876257022,-0.07309396479754869,-0.37628302477812314,1.0,0.0,1.0,1.0,0.0,1.0,1.0,1.0,1.0,1.0,0
0.6322742474609742,0.8009459522818986,-1.3913168847644306,-1.6534615987456251,-0.15753782006998962,0.0,1.0,1.0,1.0,0.0,1.0,1.0,1.0,1.0,1.0,1
-1.9342419319628577,-0.6061812986311053,-0.8272788469513285,-0.07309396479754869,-0.33253398383649646,1.0,0.0,1.0,1.0,0.0,1.0,1.0,1.0,1.0,1.0,0
0.6322742474609742,-0.5607900969887503,0.5264124438001168,-1.320752623177609,-0.5950282294862567,0.0,1.0,1.0,1.0,0.0,1.0,1.0,1.0,1.0,1.0,0
-1.0009633212632825,-0.7423549035581701,-1.3010707987143342,-0.23944845258155673,-0.5950282294862567,1.0,0.0,1.0,1.0,0.0,1.0,1.0,1.0,1.0,1.0,0
-0.5343240159134949,1.572596380201933,-0.33092537367579855,0.5091467424464795,0.2799525893462774,1.0,0.0,1.0,1.0,0.0,1.0,1.0,1.0,1.0,1.0,0
-1.0009633212632825,-0.5607900969887503,-0.5339790672885153,0.34279225466247143,-0.5075301476030033,0.0,1.0,1.0,1.0,0.0,1.0,1.0,1.0,1.0,1.0,0
-0.7676436685883887,-0.4473120928828629,-0.962647976026473,-0.07309396479754869,-0.07003973818673623,1.0,0.0,1.0,1.0,0.0,1.0,1.0,1.0,1.0,1.0,0
-1.584262452950517,-0.7877461052005251,-1.6169320998896715,-0.988043647609593,0.192454507463024,1.0,0.0,1.0,1.0,0.0,1.0,1.0,1.0,1.0,1.0,0
0.3989545947860803,-0.7877461052005251,0.3684817932124481,-0.4889801842575688,0.10495642557977058,0.0,1.0,1.0,1.0,0.0,1.0,1.0,1.0,1.0,1.0,0
0.748934073798421,1.1640755654207382,0.5264124438001168,1.1745646935825116,0.2799525893462774,1.0,0.0,1.0,1.0,0.0,1.0,1.0,1.0,1.0,1.0,0
0.16563494211118654,-0.2884428871346205,-1.6620551429147197,-1.071220891501597,-0.15753782006998962,0.0,1.0,1.0,1.0,0.0,1.0,1.0,1.0,1.0,1.0,0
1.3322332054856556,3.751374059034971,-0.3760484167008467,1.3409191813665198,-0.15753782006998962,0.0,1.0,1.0,1.0,0.0,1.0,1.0,1.0,1.0,1.0,1
0.8655939001358679,2.344246808121967,-0.0827486370380336,-0.8216891598255849,-1.8200013758518043,1.0,0.0,1.0,1.0,0.0,1.0,1.0,1.0,1.0,1.0,1
-1.2342829739381762,-0.5153988953463954,1.0904504816132188,0.7586784741224916,-0.7262753523111368,0.0,1.0,1.0,1.0,0.0,1.0,1.0,1.0,1.0,1.0,0
-0.41766418957604795,-1.1281801175181874,-1.0528940620765692,-0.32262569647356076,-0.2887849428948697,1.0,0.0,1.0,1.0,0.0,1.0,1.0,1.0,1.0,1.0,0
0.748934073798421,0.8009459522818986,0.6392200513627372,-0.904866403717589,-0.37628302477812314,1.0,0.0,1.0,1.0,0.0,1.0,1.0,1.0,1.0,1.0,0
-1.584262452950517,-0.7423549035581701,-1.2785092772018103,1.5904509130425317,-0.02629069724510952,1.0,0.0,1.0,1.0,0.0,1.0,1.0,1.0,1.0,1.0,0
1.0989135528107616,0.30164273421599397,-0.01506407250046135,-1.071220891501597,-0.15753782006998962,1.0,0.0,1.0,1.0,0.0,1.0,1.0,1.0,1.0,1.0,0
-0.18434453690115418,1.3683359728113356,-0.6016636318260876,1.5904509130425317,-0.15753782006998962,0.0,1.0,1.0,1.0,0.0,1.0,1.0,1.0,1.0,1.0,0
0.28229476844863344,-0.92391971012759,0.864835266487978,0.34279225466247143,-0.15753782006998962,1.0,0.0,1.0,1.0,0.0,1.0,1.0,1.0,1.0,1.0,0
0.3989545947860803,0.07468672600421916,-0.1053101585505577,-1.8198160865296331,-0.2887849428948697,0.0,1.0,1.0,1.0,0.0,1.0,1.0,1.0,1.0,1.0,0
-1.584262452950517,-0.92391971012759,-1.0980171051016174,-1.071220891501597,-0.37628302477812314,1.0,0.0,1.0,1.0,0.0,1.0,1.0,1.0,1.0,1.0,0
0.28229476844863344,-1.1508757183393648,0.6617815728752613,0.5091467424464795,0.7174429987625445,0.0,1.0,1.0,1.0,0.0,1.0,1.0,1.0,1.0,1.0,0
0.04897511577373963,-1.2416581216240747,-0.8272788469513285,-0.904866403717589,-0.5950282294862567,0.0,1.0,1.0,1.0,0.0,1.0,1.0,1.0,1.0,1.0,0
1.0989135528107616,0.21086033093128403,2.376457207827092,0.8418557180144955,2.554902718310866,1.0,0.0,1.0,0.0,1.0,1.0,1.0,1.0,1.0,1.0,0
-1.0009633212632825,-1.1508757183393648,-1.8425473150149123,1.1745646935825116,4.786103806333828,0.0,1.0,1.0,0.0,1.0,1.0,1.0,1.0,1.0,1.0,0
-0.5343240159134949,0.6647723473548336,-1.1882631911517139,-0.8216891598255849,-0.24503590195324304,1.0,0.0,1.0,1.0,0.0,1.0,1.0,1.0,1.0,1.0,0
-0.41766418957604795,0.8009459522818986,-0.3986099382133708,-0.5721574281495728,0.49869779405441095,1.0,0.0,1.0,1.0,0.0,1.0,1.0,1.0,1.0,1.0,0
-1.584262452950517,0.006599923540686714,-0.7370327609012322,-0.4889801842575688,0.10495642557977058,0.0,1.0,1.0,1.0,0.0,1.0,1.0,1.0,1.0,1.0,0
1.4488930318231024,-0.22035608467108808,0.5264124438001168,-0.904866403717589,0.936188203470678,0.0,1.0,1.0,1.0,0.0,1.0,1.0,1.0,1.0,1.0,1
0.5156144211235272,0.18816473011010657,0.3910433147249722,1.0082102057985036,0.5861958759376643,0.0,1.0,1.0,1.0,0.0,1.0,1.0,1.0,1.0,1.0,0
-0.8843034949258356,-0.4927032945252179,-1.0528940620765692,1.3409191813665198,-0.20128686101161633,0.0,1.0,1.0,1.0,0.0,1.0,1.0,1.0,1.0,1.0,0
1.3322332054856556,1.7541611867713527,0.6617815728752613,0.34279225466247143,1.811169022303212,1.0,0.0,1.0,1.0,0.0,1.0,1.0,1.0,1.0,1.0,0
0.28229476844863344,-0.1976604838499106,-0.2858023306507504,-0.4889801842575688,-0.5950282294862567,0.0,1.0,1.0,1.0,0.0,1.0,1.0,1.0,1.0,1.0,0
-0.18434453690115418,0.029295524361864195,-0.4888560242634672,-0.07309396479754869,-1.3825109664355373,0.0,1.0,1.0,1.0,0.0,1.0,1.0,1.0,1.0,1.0,1
-0.7676436685883887,-1.6047877347629145,-0.2858023306507504,-0.07309396479754869,-0.5950282294862567,0.0,1.0,1.0,1.0,0.0,1.0,1.0,1.0,1.0,1.0,0
-1.1176231476007294,-0.061486878922845725,-0.3986099382133708,0.09326052298645936,-0.33253398383649646,0.0,1.0,1.0,1.0,0.0,1.0,1.0,1.0,1.0,1.0,0
0.04897511577373963,2.1172907999101924,1.7221730839638933,-0.8216891598255849,0.192454507463024,0.0,1.0,1.0,1.0,0.0,1.0,1.0,1.0,1.0,1.0,1
0.8655939001358679,0.43781633914305884,0.075182013549635,0.34279225466247143,-0.20128686101161633,1.0,0.0,1.0,1.0,0.0,1.0,1.0,1.0,1.0,1.0,0
0.5156144211235272,0.5285987424277687,-0.5339790672885153,-1.071220891501597,-0.4200320657197499,1.0,0.0,1.0,1.0,0.0,1.0,1.0,1.0,1.0,1.0,0
0.8655939001358679,-1.0827889158758324,-0.8047173254388044,-2.1525250620976495,0.10495642557977058,0.0,1.0,1.0,1.0,0.0,1.0,1.0,1.0,1.0,1.0,0
-0.18434453690115418,-0.969310911769945,-0.17299472308812996,-0.07309396479754869,-0.33253398383649646,1.0,0.0,1.0,1.0,0.0,1.0,1.0,1.0,1.0,1.0,0
-1.584262452950517,-0.2884428871346205,0.345920271699924,-0.07309396479754869,-0.8137734341943902,0.0,1.0,1.0,1.0,0.0,1.0,1.0,1.0,1.0,1.0,0
-0.6509838422509417,0.8009459522818986,-1.2559477556892862,1.5904509130425317,0.192454507463024,1.0,0.0,1.0,1.0,0.0,1.0,1.0,1.0,1.0,1.0,0
0.748934073798421,-0.24305168549226558,-0.962647976026473,0.34279225466247143,-0.37628302477812314,0.0,1.0,1.0,1.0,0.0,1.0,1.0,1.0,1.0,1.0,0
-1.2342829739381762,-1.1962669199817197,-1.0528940620765692,-0.07309396479754869,-0.2887849428948697,1.0,0.0,1.0,1.0,0.0,1.0,1.0,1.0,1.0,1.0,0
0.28229476844863344,-0.83313730684288,2.3313341648020436,0.17643776687846338,-0.07003973818673623,0.0,1.0,1.0,1.0,0.0,1.0,1.0,1.0,1.0,1.0,0
1.3322332054856556,0.21086033093128403,0.5264124438001168,1.3409191813665198,-0.15753782006998962,1.0,0.0,1.0,1.0,0.0,1.0,1.0,1.0,1.0,1.0,0
1.0989135528107616,0.3924251375007039,0.5038509222875927,-0.4889801842575688,0.192454507463024,1.0,0.0,1.0,1.0,0.0,1.0,1.0,1.0,1.0,1.0,0
0.5156144211235272,-0.5607900969887503,-0.5791021103135635,0.09326052298645936,-0.9450205570192703,0.0,1.0,1.0,1.0,0.0,1.0,1.0,1.0,1.0,1.0,0
1.0989135528107616,-1.0147021134123,1.7898576485014657,0.34279225466247143,-0.33253398383649646,1.0,0.0,1.0,1.0,0.0,1.0,1.0,1.0,1.0,1.0,1
-0.8843034949258356,-1.4232229281934945,0.2782357071623518,1.5072736691505277,-0.9450205570192703,1.0,0.0,1.0,1.0,0.0,1.0,1.0,1.0,1.0,1.0,0
-0.18434453690115418,-0.7423549035581701,0.14286657808720726,0.34279225466247143,0.1487054665213973,0.0,1.0,1.0,1.0,0.0,1.0,1.0,1.0,1.0,1.0,0
-1.0009633212632825,0.8009459522818986,-0.17299472308812996,-0.07309396479754869,0.4549487531127842,1.0,0.0,1.0,1.0,0.0,1.0,1.0,1.0,1.0,1.0,0
0.6322742474609742,-0.3338340887769755,-0.4662945027509431,0.8418557180144955,7.104802976240044,1.0,0.0,1.0,0.0,1.0,1.0,1.0,1.0,1.0,1.0,0
-1.1176231476007294,-1.2416581216240747,-0.9852094975389971,-0.07309396479754869,0.1487054665213973,1.0,0.0,1.0,1.0,0.0,1.0,1.0,1.0,1.0,1.0,0
1.6822126844979963,-0.24305168549226558,1.3160656967384599,-0.7385119159335809,-0.37628302477812314,1.0,0.0,1.0,1.0,0.0,1.0,1.0,1.0,1.0,1.0,0
0.3989545947860803,-0.6061812986311053,-0.7821558039262803,-0.988043647609593,-0.15753782006998962,0.0,1.0,1.0,1.0,0.0,1.0,1.0,1.0,1.0,1.0,0
-0.8843034949258356,-0.3338340887769755,0.030058970524586823,1.5904509130425317,-0.20128686101161633,1.0,0.0,1.0,1.0,0.0,1.0,1.0,1.0,1.0,1.0,0
-1.2342829739381762,-1.3551361257299621,-0.6919097178761839,0.34279225466247143,0.1487054665213973,1.0,0.0,1.0,1.0,0.0,1.0,1.0,1.0,1.0,1.0,0
-0.06768471056370727,1.2775535695266256,0.7520276589253576,-0.07309396479754869,-0.7262753523111368,0.0,1.0,1.0,1.0,0.0,1.0,1.0,1.0,1.0,1.0,0
-0.5343240159134949,-0.6969637019158151,-0.2858023306507504,-0.6553346720415768,0.2362035484046507,1.0,0.0,1.0,1.0,0.0,1.0,1.0,1.0,1.0,1.0,0
0.6322742474609742,-0.15226928220755565,0.7520276589253576,1.0082102057985036,-0.9450205570192703,0.0,1.0,1.0,1.0,0.0,1.0,1.0,1.0,1.0,1.0,0
-0.6509838422509417,-0.6969637019158151,-0.962647976026473,-0.904866403717589,-0.11378877912836292,1.0,0.0,1.0,1.0,0.0,1.0,1.0,1.0,1.0,1.0,0
-0.8843034949258356,-0.7423549035581701,-0.4211714597258949,0.7586784741224916,-0.55127918854463,0.0,1.0,1.0,1.0,0.0,1.0,1.0,1.0,1.0,1.0,0
0.28229476844863344,-0.7877461052005251,-0.1053101585505577,-0.32262569647356076,-0.5950282294862567,1.0,0.0,1.0,1.0,0.0,1.0,1.0,1.0,1.0,1.0,0
1.3322332054856556,1.0279019604936734,-0.2858023306507504,-0.07309396479754869,0.192454507463024,1.0,0.0,1.0,1.0,0.0,1.0,1.0,1.0,1.0,1.0,0
-1.0009633212632825,-0.6969637019158151,-0.8498403684638526,-0.32262569647356076,0.10495642557977058,1.0,0.0,1.0,1.0,0.0,1.0,1.0,1.0,1.0,1.0,0
1.0989135528107616,1.1640755654207382,1.158135046150791,-0.4889801842575688,0.2362035484046507,1.0,0.0,1.0,1.0,0.0,1.0,1.0,1.0,1.0,1.0,0
-0.41766418957604795,-0.061486878922845725,1.2032580891758393,-0.07309396479754869,-0.5950282294862567,1.0,0.0,1.0,1.0,0.0,1.0,1.0,1.0,1.0,1.0,0
0.6322742474609742,1.1186843637783832,0.2556741856498277,1.0913874496905076,0.06120738463814389,1.0,0.0,1.0,1.0,0.0,1.0,1.0,1.0,1.0,1.0,0
1.2155733791482086,0.5739899440701237,0.4136048362374963,0.2596150107704674,-0.15753782006998962,1.0,0.0,1.0,1.0,0.0,1.0,1.0,1.0,1.0,1.0,0
0.16563494211118654,-0.7877461052005251,-0.4211714597258949,0.5091467424464795,-0.8575224751360169,0.0,1.0,1.0,1.0,0.0,1.0,1.0,1.0,1.0,1.0,0
1.0989135528107616,2.480420413049032,-0.6919097178761839,2.006337132502552,-0.55127918854463,0.0,1.0,1.0,1.0,0.0,1.0,1.0,1.0,1.0,1.0,0
-0.18434453690115418,0.4832075407854138,0.345920271699924,0.7586784741224916,0.8486901215874245,1.0,0.0,1.0,1.0,0.0,1.0,1.0,1.0,1.0,1.0,0
-0.5343240159134949,-0.061486878922845725,-0.7595942824137561,1.5072736691505277,-0.5075301476030033,1.0,0.0,1.0,1.0,0.0,1.0,1.0,1.0,1.0,1.0,0
0.6322742474609742,2.162682001552547,-0.3760484167008467,0.5091467424464795,0.3674506712295308,0.0,1.0,1.0,1.0,0.0,1.0,1.0,1.0,1.0,1.0,0
0.748934073798421,0.256251532573639,0.4136048362374963,-0.7385119159335809,-0.11378877912836292,0.0,1.0,1.0,1.0,0.0,1.0,1.0,1.0,1.0,1.0,0
1.91553233717289,-1.0600933150546548,1.158135046150791,0.34279225466247143,-0.07003973818673623,0.0,1.0,1.0,1.0,0.0,1.0,1.0,1.0,1.0,1.0,0
1.0989135528107616,1.617987581844288,0.05262049203711091,-0.904866403717589,0.629944916879291,0.0,1.0,1.0,1.0,0.0,1.0,1.0,1.0,1.0,1.0,1
0.28229476844863344,-1.7409613396899792,0.075182013549635,-0.4889801842575688,0.2799525893462774,0.0,1.0,1.0,1.0,0.0,1.0,1.0,1.0,1.0,1.0,0
0.16563494211118654,1.2548579687054482,0.32335875018739996,1.839982644718544,0.1487054665213973,0.0,1.0,1.0,1.0,0.0,1.0,1.0,1.0,1.0,1.0,0
0.8655939001358679,-0.24305168549226558,-0.714471239388708,0.34279225466247143,-0.7262753523111368,0.0,1.0,1.0,1.0,0.0,1.0,1.0,1.0,1.0,1.0,1
-1.1176231476007294,-0.016095677280490765,0.3910433147249722,-0.07309396479754869,-0.8575224751360169,1.0,0.0,1.0,1.0,0.0,1.0,1.0,1.0,1.0,1.0,0
-1.0009633212632825,-0.7877461052005251,1.2709426537134116,0.7586784741224916,-1.0762676798441504,0.0,1.0,1.0,1.0,0.0,1.0,1.0,1.0,1.0,1.0,0
-1.2342829739381762,-0.6061812986311053,-1.0303325405640453,-0.904866403717589,-0.37628302477812314,1.0,0.0,1.0,1.0,0.0,1.0,1.0,1.0,1.0,1.0,0
1.91553233717289,-1.0147021134123,-0.2632408091382263,0.5923239863384835,0.1487054665213973,1.0,0.0,1.0,1.0,0.0,1.0,1.0,1.0,1.0,1.0,0
-0.8843034949258356,-0.6288768994522828,0.9325198310255502,-0.32262569647356076,-0.15753782006998962,1.0,0.0,1.0,1.0,0.0,1.0,1.0,1.0,1.0,1.0,0
-0.18434453690115418,-0.5607900969887503,-0.060187115525509524,-0.7385119159335809,0.06120738463814389,1.0,0.0,1.0,1.0,0.0,1.0,1.0,1.0,1.0,1.0,0
0.9822537264733149,1.0052063596724958,-0.3083638521632745,-0.5721574281495728,-0.02629069724510952,0.0,1.0,1.0,1.0,0.0,1.0,1.0,1.0,1.0,1.0,0
2.032192163510337,1.7995523884137077,0.12030505657468317,-0.4889801842575688,1.2861805310036916,1.0,0.0,1.0,1.0,0.0,1.0,1.0,1.0,1.0,1.0,0
-0.6509838422509417,-0.4927032945252179,-1.4364399277894788,-0.07309396479754869,-0.20128686101161633,1.0,0.0,1.0,1.0,0.0,1.0,1.0,1.0,1.0,1.0,0
-0.8843034949258356,1.1640755654207382,4.880786095717266,1.1745646935825116,1.2424314900620648,0.0,1.0,1.0,1.0,0.0,1.0,1.0,1.0,1.0,1.0,0
-0.06768471056370727,-0.016095677280490765,-1.0754555835890933,-0.07309396479754869,-0.9450205570192703,0.0,1.0,1.0,1.0,0.0,1.0,1.0,1.0,1.0,1.0,0
-1.2342829739381762,0.7101635489971886,0.30079722867487585,0.7586784741224916,-0.15753782006998962,0.0,1.0,1.0,1.0,0.0,1.0,1.0,1.0,1.0,1.0,0
0.8655939001358679,1.8449435900560627,0.8422737449754539,-0.5721574281495728,-0.2887849428948697,0.0,1.0,1.0,1.0,0.0,1.0,1.0,1.0,1.0,1.0,0
-0.8843034949258356,0.05199112518304168,0.075182013549635,0.8418557180144955,-0.37628302477812314,0.0,1.0,1.0,1.0,0.0,1.0,1.0,1.0,1.0,1.0,1
-0.18434453690115418,-0.061486878922845725,-0.12787168006308178,-0.4889801842575688,0.1487054665213973,1.0,0.0,1.0,1.0,0.0,1.0,1.0,1.0,1.0,1.0,0
1.4488930318231024,-0.10687808056520069,0.12030505657468317,0.34279225466247143,-0.15753782006998962,1.0,0.0,1.0,1.0,0.0,1.0,1.0,1.0,1.0,1.0,0
1.2155733791482086,2.435029211406677,-0.5565405888010394,0.34279225466247143,-0.9450205570192703,1.0,0.0,1.0,1.0,0.0,1.0,1.0,1.0,1.0,1.0,0
-1.4676026266130702,-1.4232229281934945,-1.4364399277894788,-1.071220891501597,-0.37628302477812314,1.0,0.0,1.0,1.0,0.0,1.0,1.0,1.0,1.0,1.0,0
-0.6509838422509417,-0.24305168549226558,0.5264124438001168,-0.5721574281495728,-0.37628302477812314,0.0,1.0,1.0,1.0,0.0,1.0,1.0,1.0,1.0,1.0,0
-1.0009633212632825,-0.35652968959815295,0.12030505657468317,0.9250329619064996,-0.6387772704278833,0.0,1.0,1.0,1.0,0.0,1.0,1.0,1.0,1.0,1.0,0
-0.6509838422509417,-0.10687808056520069,-0.5791021103135635,-1.320752623177609,0.017458343696517182,0.0,1.0,1.0,1.0,0.0,1.0,1.0,1.0,1.0,1.0,0
0.28229476844863344,-0.3338340887769755,-0.4662945027509431,-0.07309396479754869,0.5861958759376643,1.0,0.0,1.0,1.0,0.0,1.0,1.0,1.0,1.0,1.0,0
-1.1176231476007294,-0.10687808056520069,-0.6242251533386117,0.09326052298645936,0.9799372444123047,1.0,0.0,1.0,1.0,0.0,1.0,1.0,1.0,1.0,1.0,1
0.6322742474609742,-1.3324405249087847,-0.33092537367579855,-0.6553346720415768,-0.2887849428948697,1.0,0.0,1.0,1.0,0.0,1.0,1.0,1.0,1.0,1.0,1
-1.2342829739381762,-0.4246164920616854,-0.5114175457759913,-0.8216891598255849,-0.8575224751360169,1.0,0.0,1.0,1.0,0.0,1.0,1.0,1.0,1.0,1.0,0
1.3322332054856556,1.3229447711689806,-0.12787168006308178,0.7586784741224916,3.69237778279316,1.0,0.0,1.0,0.0,1.0,1.0,1.0,1.0,1.0,1.0,0
-0.3010043632386011,-0.24305168549226558,-0.17299472308812996,-0.904866403717589,-0.7700243932527635,1.0,0.0,1.0,1.0,0.0,1.0,1.0,1.0,1.0,1.0,0
-0.3010043632386011,-0.22035608467108808,-0.35348689518832266,-0.5721574281495728,-0.37628302477812314,1.0,0.0,1.0,1.0,0.0,1.0,1.0,1.0,1.0,1.0,0
-1.2342829739381762,-0.9012241093064125,-0.4211714597258949,-0.904866403717589,-0.15753782006998962,0.0,1.0,1.0,1.0,0.0,1.0,1.0,1.0,1.0,1.0,0
0.9822537264733149,0.6193811457124787,0.7745891804378817,-0.07309396479754869,0.06120738463814389,1.0,0.0,1.0,1.0,0.0,1.0,1.0,1.0,1.0,1.0,1
0.16563494211118654,2.162682001552547,0.075182013549635,-0.6553346720415768,-0.07003973818673623,1.0,0.0,1.0,1.0,0.0,1.0,1.0,1.0,1.0,1.0,0
1.0989135528107616,1.572596380201933,-0.6919097178761839,-0.32262569647356076,-0.2887849428948697,1.0,0.0,1.0,1.0,0.0,1.0,1.0,1.0,1.0,1.0,1
1.2155733791482086,0.07468672600421916,0.864835266487978,-0.8216891598255849,0.1487054665213973,1.0,0.0,1.0,1.0,0.0,1.0,1.0,1.0,1.0,1.0,0
-0.6509838422509417,-0.5607900969887503,-0.8272788469513285,-0.6553346720415768,-0.33253398383649646,0.0,1.0,1.0,1.0,0.0,1.0,1.0,1.0,1.0,1.0,0
-0.7676436685883887,0.006599923540686714,0.09774353506215908,-1.071220891501597,0.06120738463814389,0.0,1.0,1.0,1.0,0.0,1.0,1.0,1.0,1.0,1.0,0
-1.4676026266130702,-0.03879127810166825,-1.3010707987143342,-0.988043647609593,-0.5950282294862567,0.0,1.0,1.0,1.0,0.0,1.0,1.0,1.0,1.0,1.0,0
1.2155733791482086,1.8449435900560627,-0.1053101585505577,0.7586784741224916,-0.7700243932527635,0.0,1.0,1.0,1.0,0.0,1.0,1.0,1.0,1.0,1.0,0
-1.0009633212632825,-0.5607900969887503,0.5264124438001168,-0.23944845258155673,0.2799525893462774,0.0,1.0,1.0,1.0,0.0,1.0,1.0,1.0,1.0,1.0,0
-0.18434453690115418,1.481813976917223,0.2105511426247795,3.8362364981266404,-0.37628302477812314,1.0,0.0,1.0,1.0,0.0,1.0,1.0,1.0,1.0,1.0,0
1.3322332054856556,-0.15226928220755565,0.5715354868251649,0.34279225466247143,-0.33253398383649646,0.0,1.0,1.0,1.0,0.0,1.0,1.0,1.0,1.0,1.0,0
-1.2342829739381762,-0.5607900969887503,1.2483811322008875,0.7586784741224916,-0.15753782006998962,0.0,1.0,1.0,1.0,0.0,1.0,1.0,1.0,1.0,1.0,0
-0.7676436685883887,-1.2870493232664297,-0.9400864545139489,-0.07309396479754869,-0.15753782006998962,1.0,0.0,1.0,1.0,0.0,1.0,1.0,1.0,1.0,1.0,0
1.5655528581605493,1.0279019604936734,1.8801037345515619,-0.988043647609593,-0.07003973818673623,1.0,0.0,1.0,1.0,0.0,1.0,1.0,1.0,1.0,1.0,1
-0.7676436685883887,-0.15226928220755565,1.0904504816132188,-1.320752623177609,-0.33253398383649646,0.0,1.0,1.0,1.0,0.0,1.0,1.0,1.0,1.0,1.0,0
1.5655528581605493,1.7087699851289977,0.45872787926254444,0.2596150107704674,0.2362035484046507,1.0,0.0,1.0,1.0,0.0,1.0,1.0,1.0,1.0,1.0,0
1.798872510835443,0.6874679481760111,-0.4888560242634672,0.5091467424464795,0.2799525893462774,0.0,1.0,1.0,1.0,0.0,1.0,1.0,1.0,1.0,1.0,1
-0.41766418957604795,-0.4700076937040404,-0.6467866748511357,-0.07309396479754869,-0.5075301476030033,1.0,0.0,1.0,1.0,0.0,1.0,1.0,1.0,1.0,1.0,0
-0.06768471056370727,-0.061486878922845725,0.3910433147249722,-0.07309396479754869,-0.7262753523111368,1.0,0.0,1.0,1.0,0.0,1.0,1.0,1.0,1.0,1.0,0
-1.1176231476007294,-0.969310911769945,-1.5492475353520991,-0.904866403717589,-0.33253398383649646,1.0,0.0,1.0,1.0,0.0,1.0,1.0,1.0,1.0,1.0,0
-0.41766418957604795,0.3697295366795264,0.030058970524586823,-0.07309396479754869,0.06120738463814389,0.0,1.0,1.0,1.0,0.0,1.0,1.0,1.0,1.0,1.0,0
1.2155733791482086,0.914423956387786,-0.1053101585505577,0.7586784741224916,1.811169022303212,1.0,0.0,1.0,1.0,0.0,1.0,1.0,1.0,1.0,1.0,1
-0.5343240159134949,-1.1281801175181874,-0.8047173254388044,1.0082102057985036,-0.15753782006998962,0.0,1.0,1.0,1.0,0.0,1.0,1.0,1.0,1.0,1.0,0
-0.3010043632386011,-0.37922529041933045,-0.3760484167008467,-0.904866403717589,-0.5950282294862567,1.0,0.0,1.0,1.0,0.0,1.0,1.0,1.0,1.0,1.0,0
-0.06768471056370727,0.43781633914305884,0.5264124438001168,-0.7385119159335809,0.5861958759376643,0.0,1.0,1.0,1.0,0.0,1.0,1.0,1.0,1.0,1.0,1
-1.1176231476007294,-1.2416581216240747,-1.1205786266141415,0.34279225466247143,-0.55127918854463,1.0,0.0,1.0,1.0,0.0,1.0,1.0,1.0,1.0,1.0,0
0.28229476844863344,0.029295524361864195,1.0002043955631226,3.253995790882612,-0.07003973818673623,0.0,1.0,1.0,0.0,1.0,1.0,1.0,1.0,1.0,1.0,0
1.91553233717289,-0.5607900969887503,0.7520276589253576,-0.988043647609593,0.7174429987625445,0.0,1.0,1.0,1.0,0.0,1.0,1.0,1.0,1.0,1.0,1
-0.5343240159134949,-0.969310911769945,-0.9400864545139489,0.8418557180144955,0.1487054665213973,1.0,0.0,1.0,1.0,0.0,1.0,1.0,1.0,1.0,1.0,0
-1.3509428002756232,-0.6742681010946378,-0.21811776611317812,0.7586784741224916,-0.15753782006998962,1.0,0.0,1.0,1.0,0.0,1.0,1.0,1.0,1.0,1.0,0
0.3989545947860803,1.0732931621360282,0.7069046159003094,0.7586784741224916,-0.55127918854463,1.0,0.0,1.0,1.0,0.0,1.0,1.0,1.0,1.0,1.0,0
0.3989545947860803,0.16546912928892907,0.5489739653126408,0.7586784741224916,0.5424468349960376,1.0,0.0,1.0,1.0,0.0,1.0,1.0,1.0,1.0,1.0,0
1.3322332054856556,-0.92391971012759,-1.3010707987143342,-1.320752623177609,0.8049410806457978,0.0,1.0,1.0,1.0,0.0,1.0,1.0,1.0,1.0,1.0,0
1.6822126844979963,1.0279019604936734,0.8197122234629298,2.006337132502552,0.4111997121711575,1.0,0.0,1.0,1.0,0.0,1.0,1.0,1.0,1.0,1.0,0
-0.18434453690115418,-0.061486878922845725,0.2331126641373036,0.17643776687846338,0.06120738463814389,0.0,1.0,1.0,1.0,0.0,1.0,1.0,1.0,1.0,1.0,0
1.6822126844979963,-0.016095677280490765,0.32335875018739996,-0.4889801842575688,0.017458343696517182,1.0,0.0,1.0,1.0,0.0,1.0,1.0,1.0,1.0,1.0,0
1.798872510835443,0.3470339358583489,-0.443732981238419,-1.4871071109616172,-0.15753782006998962,1.0,0.0,1.0,1.0,0.0,1.0,1.0,1.0,1.0,1.0,1
-0.06768471056370727,-1.1508757183393648,0.6843430943877853,-0.904866403717589,-0.2887849428948697,1.0,0.0,1.0,1.0,0.0,1.0,1.0,1.0,1.0,1.0,0
1.5655528581605493,-0.7423549035581701,0.2105511426247795,-0.904866403717589,-0.15753782006998962,1.0,0.0,1.0,1.0,0.0,1.0,1.0,1.0,1.0,1.0,1
-0.3010043632386011,-0.22035608467108808,-1.1205786266141415,2.838109571422592,-0.4200320657197499,1.0,0.0,1.0,1.0,0.0,1.0,1.0,1.0,1.0,1.0,1
-0.8843034949258356,-0.24305168549226558,-0.0827486370380336,-0.4889801842575688,-0.15753782006998962,1.0,0.0,1.0,1.0,0.0,1.0,1.0,1.0,1.0,1.0,0
0.748934073798421,1.481813976917223,1.4288733043010802,0.8418557180144955,-0.15753782006998962,0.0,1.0,1.0,1.0,0.0,1.0,1.0,1.0,1.0,1.0,1
-0.3010043632386011,-0.016095677280490765,-0.3986099382133708,-0.07309396479754869,-0.07003973818673623,0.0,1.0,1.0,1.0,0.0,1.0,1.0,1.0,1.0,1.0,1
2.148851989847784,-1.1962669199817197,-1.797424271989864,-0.904866403717589,-0.7262753523111368,0.0,1.0,1.0,1.0,0.0,1.0,1.0,1.0,1.0,1.0,1
-0.6509838422509417,-0.37922529041933045,0.12030505657468317,-0.7385119159335809,0.06120738463814389,1.0,0.0,1.0,1.0,0.0,1.0,1.0,1.0,1.0,1.0,0
-1.2342829739381762,-0.5607900969887503,2.2636496002644715,-0.6553346720415768,-0.20128686101161633,1.0,0.0,1.0,1.0,0.0,1.0,1.0,1.0,1.0,1.0,0
-1.3509428002756232,-0.969310911769945,-1.481562970814527,1.1745646935825116,0.06120738463814389,1.0,0.0,1.0,1.0,0.0,1.0,1.0,1.0,1.0,1.0,0
-1.1176231476007294,-0.24305168549226558,-0.15043320157560586,0.7586784741224916,-0.5075301476030033,1.0,0.0,1.0,1.0,0.0,1.0,1.0,1.0,1.0,1.0,0
0.8655939001358679,2.7073764212608067,1.0002043955631226,-0.988043647609593,-0.2887849428948697,1.0,0.0,1.0,1.0,0.0,1.0,1.0,1.0,1.0,1.0,0
0.3989545947860803,-0.4246164920616854,-0.33092537367579855,-0.32262569647356076,-0.6387772704278833,1.0,0.0,1.0,1.0,0.0,1.0,1.0,1.0,1.0,1.0,0
0.5156144211235272,-0.6969637019158151,0.18798962111225542,-0.904866403717589,-0.24503590195324304,1.0,0.0,1.0,1.0,0.0,1.0,1.0,1.0,1.0,1.0,1
0.8655939001358679,-1.2416581216240747,-1.729739707452292,-1.9861705743136413,-0.9012715160776436,1.0,0.0,1.0,1.0,0.0,1.0,1.0,1.0,1.0,1.0,0
-1.0009633212632825,-0.37922529041933045,-1.2785092772018103,-0.6553346720415768,-0.15753782006998962,1.0,0.0,1.0,1.0,0.0,1.0,1.0,1.0,1.0,1.0,0
-1.2342829739381762,-1.6955701380476242,-0.2406792876257022,0.34279225466247143,0.06120738463814389,1.0,0.0,1.0,1.0,0.0,1.0,1.0,1.0,1.0,1.0,0
-1.584262452950517,-0.92391971012759,-0.7370327609012322,0.7586784741224916,0.017458343696517182,1.0,0.0,1.0,1.0,0.0,1.0,1.0,1.0,1.0,1.0,0
0.8655939001358679,0.16546912928892907,-0.3760484167008467,-0.07309396479754869,-0.7700243932527635,0.0,1.0,1.0,1.0,0.0,1.0,1.0,1.0,1.0,1.0,1
-0.3010043632386011,0.914423956387786,0.7520276589253576,1.1745646935825116,0.2799525893462774,0.0,1.0,1.0,1.0,0.0,1.0,1.0,1.0,1.0,1.0,1
1.6822126844979963,-0.5607900969887503,-0.7595942824137561,1.3409191813665198,-0.02629069724510952,0.0,1.0,1.0,1.0,0.0,1.0,1.0,1.0,1.0,1.0,0
-0.41766418957604795,0.07468672600421916,0.7294661374128335,2.422223351962572,0.9799372444123047,1.0,0.0,1.0,1.0,0.0,1.0,1.0,1.0,1.0,1.0,0
1.3322332054856556,1.7087699851289977,1.2032580891758393,0.34279225466247143,0.10495642557977058,1.0,0.0,1.0,1.0,0.0,1.0,1.0,1.0,1.0,1.0,0
-1.1176231476007294,-0.4700076937040404,-1.0528940620765692,0.8418557180144955,0.2362035484046507,1.0,0.0,1.0,1.0,0.0,1.0,1.0,1.0,1.0,1.0,0
0.9822537264733149,-0.016095677280490765,-1.0528940620765692,-0.904866403717589,-0.5075301476030033,1.0,0.0,1.0,1.0,0.0,1.0,1.0,1.0,1.0,1.0,1
0.16563494211118654,1.617987581844288,0.05262049203711091,0.5091467424464795,-0.5950282294862567,0.0,1.0,1.0,1.0,0.0,1.0,1.0,1.0,1.0,1.0,1
0.5156144211235272,0.5059031416065913,-0.3986099382133708,-0.23944845258155673,0.629944916879291,1.0,0.0,1.0,1.0,0.0,1.0,1.0,1.0,1.0,1.0,0
1.4488930318231024,-0.5834856978099278,2.1508419927018507,-0.6553346720415768,0.4549487531127842,0.0,1.0,1.0,1.0,0.0,1.0,1.0,1.0,1.0,1.0,0
0.3989545947860803,0.18816473011010657,0.7069046159003094,2.006337132502552,-0.15753782006998962,1.0,0.0,1.0,1.0,0.0,1.0,1.0,1.0,1.0,1.0,0
-0.7676436685883887,-0.22035608467108808,-0.6016636318260876,0.17643776687846338,-0.07003973818673623,0.0,1.0,1.0,1.0,0.0,1.0,1.0,1.0,1.0,1.0,0
1.5655528581605493,0.05199112518304168,1.3611887397635078,0.34279225466247143,-0.33253398383649646,1.0,0.0,1.0,1.0,0.0,1.0,1.0,1.0,1.0,1.0,0
-0.3010043632386011,-0.4700076937040404,-0.8047173254388044,-0.6553346720415768,-0.15753782006998962,0.0,1.0,1.0,1.0,0.0,1.0,1.0,1.0,1.0,1.0,0
-0.8843034949258356,-0.7423549035581701,1.8575422130390378,0.5923239863384835,2.379906554544359,0.0,1.0,1.0,1.0,0.0,1.0,1.0,1.0,1.0,1.0,0
-1.0009633212632825,0.30164273421599397,0.16542809959973134,-1.320752623177609,-0.6387772704278833,0.0,1.0,1.0,1.0,0.0,1.0,1.0,1.0,1.0,1.0,0
0.28229476844863344,-1.4686141298358495,0.5715354868251649,-0.4889801842575688,-0.33253398383649646,0.0,1.0,1.0,1.0,0.0,1.0,1.0,1.0,1.0,1.0,0
0.3989545947860803,-0.5607900969887503,-0.4211714597258949,1.1745646935825116,-0.37628302477812314,0.0,1.0,1.0,1.0,0.0,1.0,1.0,1.0,1.0,1.0,1
0.28229476844863344,-0.15226928220755565,-0.5791021103135635,-1.154398135393601,1.5486747766534519,1.0,0.0,1.0,1.0,0.0,1.0,1.0,1.0,1.0,1.0,0
0.748934073798421,0.43781633914305884,-0.5114175457759913,1.5904509130425317,0.5424468349960376,0.0,1.0,1.0,1.0,0.0,1.0,1.0,1.0,1.0,1.0,0
0.04897511577373963,0.7555547506395436,-0.2858023306507504,2.006337132502552,0.1487054665213973,1.0,0.0,1.0,1.0,0.0,1.0,1.0,1.0,1.0,1.0,0
-0.41766418957604795,0.029295524361864195,1.3611887397635078,-0.5721574281495728,-0.7700243932527635,0.0,1.0,1.0,1.0,0.0,1.0,1.0,1.0,1.0,1.0,0
0.16563494211118654,-0.3338340887769755,-0.3986099382133708,-0.32262569647356076,-0.24503590195324304,0.0,1.0,1.0,1.0,0.0,1.0,1.0,1.0,1.0,1.0,0
1.5655528581605493,0.3470339358583489,-0.060187115525509524,-1.320752623177609,0.2362035484046507,1.0,0.0,1.0,1.0,0.0,1.0,1.0,1.0,1.0,1.0,0
-0.8843034949258356,-0.5153988953463954,-1.0528940620765692,0.9250329619064996,0.1487054665213973,1.0,0.0,1.0,1.0,0.0,1.0,1.0,1.0,1.0,1.0,0
-1.3509428002756232,-1.1508757183393648,-0.9852094975389971,0.7586784741224916,-0.4200320657197499,1.0,0.0,1.0,1.0,0.0,1.0,1.0,1.0,1.0,1.0,0
0.5156144211235272,0.6647723473548336,-0.5114175457759913,1.6736281569345357,0.2362035484046507,0.0,1.0,1.0,1.0,0.0,1.0,1.0,1.0,1.0,1.0,0
0.6322742474609742,0.3470339358583489,0.7069046159003094,0.7586784741224916,1.5486747766534519,1.0,0.0,1.0,1.0,0.0,1.0,1.0,1.0,1.0,1.0,0
2.032192163510337,1.2548579687054482,-0.4211714597258949,1.0082102057985036,-0.46378110666137656,1.0,0.0,1.0,1.0,0.0,1.0,1.0,1.0,1.0,1.0,0
-1.0009633212632825,0.6874679481760111,-1.5718090568646232,-0.07309396479754869,-0.07003973818673623,1.0,0.0,1.0,1.0,0.0,1.0,1.0,1.0,1.0,1.0,0
0.8655939001358679,1.0279019604936734,-1.0528940620765692,-1.7366388426376291,-0.68252631136951,1.0,0.0,1.0,1.0,0.0,1.0,1.0,1.0,1.0,1.0,0
0.6322742474609742,-0.24305168549226558,-0.714471239388708,1.1745646935825116,10.648475292511806,0.0,1.0,1.0,0.0,1.0,1.0,1.0,1.0,1.0,1.0,1
1.6822126844979963,1.2548579687054482,-0.060187115525509524,0.7586784741224916,-0.15753782006998962,1.0,0.0,1.0,1.0,0.0,1.0,1.0,1.0,1.0,1.0,0
0.6322742474609742,-1.1281801175181874,0.075182013549635,-0.4058029403655648,2.554902718310866,1.0,0.0,1.0,1.0,0.0,1.0,1.0,1.0,1.0,1.0,0
2.148851989847784,1.1186843637783832,-1.1882631911517139,2.838109571422592,2.9048950458438796,0.0,1.0,1.0,0.0,1.0,1.0,1.0,1.0,1.0,1.0,1
1.798872510835443,0.7101635489971886,-0.3986099382133708,0.09326052298645936,0.6736939578209178,0.0,1.0,1.0,1.0,0.0,1.0,1.0,1.0,1.0,1.0,1
0.8655939001358679,0.27894713339481647,0.45872787926254444,0.9250329619064996,0.8486901215874245,0.0,1.0,1.0,1.0,0.0,1.0,1.0,1.0,1.0,1.0,0
-0.8843034949258356,-0.878528508485235,2.669756987489905,1.1745646935825116,-0.46378110666137656,0.0,1.0,1.0,1.0,0.0,1.0,1.0,1.0,1.0,1.0,0
-0.3010043632386011,-0.878528508485235,0.2105511426247795,-0.6553346720415768,-0.5950282294862567,1.0,0.0,1.0,1.0,0.0,1.0,1.0,1.0,1.0,1.0,0
-1.584262452950517,-0.22035608467108808,-1.8425473150149123,-1.6534615987456251,-0.9012715160776436,0.0,1.0,1.0,1.0,0.0,1.0,1.0,1.0,1.0,1.0,0
0.16563494211118654,1.527205178559578,1.2483811322008875,-0.6553346720415768,0.2799525893462774,1.0,0.0,1.0,1.0,0.0,1.0,1.0,1.0,1.0,1.0,0
-1.3509428002756232,-0.22035608467108808,-0.2858023306507504,0.34279225466247143,0.3674506712295308,0.0,1.0,1.0,1.0,0.0,1.0,1.0,1.0,1.0,1.0,0
-1.3509428002756232,-1.2416581216240747,-1.5718090568646232,0.34279225466247143,-0.07003973818673623,1.0,0.0,1.0,1.0,0.0,1.0,1.0,1.0,1.0,1.0,0
0.6322742474609742,0.9825107588513183,0.6392200513627372,1.6736281569345357,-0.68252631136951,1.0,0.0,1.0,1.0,0.0,1.0,1.0,1.0,1.0,1.0,0
-1.3509428002756232,-0.1976604838499106,-1.6169320998896715,1.1745646935825116,0.1487054665213973,0.0,1.0,1.0,1.0,0.0,1.0,1.0,1.0,1.0,1.0,0
0.16563494211118654,-1.4232229281934945,2.0154728636267065,-0.5721574281495728,0.2362035484046507,1.0,0.0,1.0,1.0,0.0,1.0,1.0,1.0,1.0,1.0,0
-0.41766418957604795,-0.1976604838499106,-1.0528940620765692,1.5904509130425317,-0.15753782006998962,1.0,0.0,1.0,1.0,0.0,1.0,1.0,1.0,1.0,1.0,0
0.6322742474609742,0.23355593175246153,0.030058970524586823,-0.7385119159335809,1.1111843672371848,1.0,0.0,1.0,1.0,0.0,1.0,1.0,1.0,1.0,1.0,0
0.3989545947860803,1.4137271744536906,-1.2559477556892862,0.34279225466247143,-0.46378110666137656,1.0,0.0,1.0,1.0,0.0,1.0,1.0,1.0,1.0,1.0,0
1.5655528581605493,1.7314655859501753,-1.2785092772018103,0.8418557180144955,-0.8137734341943902,1.0,0.0,1.0,1.0,0.0,1.0,1.0,1.0,1.0,1.0,0
0.6322742474609742,0.5512943432489462,0.18798962111225542,-0.32262569647356076,-0.7262753523111368,1.0,0.0,1.0,1.0,0.0,1.0,1.0,1.0,1.0,1.0,0
-1.1176231476007294,0.12007792764657411,-0.01506407250046135,1.5904509130425317,0.3674506712295308,1.0,0.0,1.0,1.0,0.0,1.0,1.0,1.0,1.0,1.0,0
0.04897511577373963,1.2094667670630932,0.7971507019504057,0.34279225466247143,-0.5950282294862567,0.0,1.0,1.0,1.0,0.0,1.0,1.0,1.0,1.0,1.0,0
1.0989135528107616,-1.1054845166970098,-0.1053101585505577,-0.904866403717589,-0.02629069724510952,0.0,1.0,1.0,1.0,0.0,1.0,1.0,1.0,1.0,1.0,0
-0.18434453690115418,-1.2416581216240747,0.3684817932124481,-1.154398135393601,0.06120738463814389,1.0,0.0,1.0,1.0,0.0,1.0,1.0,1.0,1.0,1.0,0
-1.584262452950517,-0.3338340887769755,-1.3687553632519065,-0.4889801842575688,0.06120738463814389,0.0,1.0,1.0,1.0,0.0,1.0,1.0,1.0,1.0,1.0,0
-0.06768471056370727,0.5285987424277687,0.6392200513627372,0.5091467424464795,-0.5950282294862567,1.0,0.0,1.0,1.0,0.0,1.0,1.0,1.0,1.0,1.0,0
-0.41766418957604795,0.8009459522818986,-0.03762559401298544,1.5072736691505277,-0.15753782006998962,0.0,1.0,1.0,1.0,0.0,1.0,1.0,1.0,1.0,1.0,0
-1.1176231476007294,-1.0600933150546548,0.30079722867487585,-0.904866403717589,-0.15753782006998962,0.0,1.0,1.0,1.0,0.0,1.0,1.0,1.0,1.0,1.0,0
-0.3010043632386011,0.6420767465336562,1.0453274385881708,-0.8216891598255849,-0.37628302477812314,0.0,1.0,1.0,1.0,0.0,1.0,1.0,1.0,1.0,1.0,0
-0.3010043632386011,-0.3338340887769755,-0.6919097178761839,0.34279225466247143,-0.33253398383649646,0.0,1.0,1.0,1.0,0.0,1.0,1.0,1.0,1.0,1.0,0
1.6822126844979963,0.12007792764657411,1.7672961269889416,2.255868864178564,0.3237016302879041,1.0,0.0,1.0,1.0,0.0,1.0,1.0,1.0,1.0,1.0,0
0.28229476844863344,-0.1976604838499106,0.2556741856498277,-0.904866403717589,-0.11378877912836292,1.0,0.0,1.0,1.0,0.0,1.0,1.0,1.0,1.0,1.0,0
-0.3010043632386011,0.23355593175246153,0.6392200513627372,0.5923239863384835,0.3674506712295308,0.0,1.0,1.0,1.0,0.0,1.0,1.0,1.0,1.0,1.0,0
-1.4676026266130702,-1.2416581216240747,-2.068162530140153,-1.4871071109616172,-0.07003973818673623,1.0,0.0,1.0,1.0,0.0,1.0,1.0,1.0,1.0,1.0,0
0.3989545947860803,-1.8317437429746892,-0.2632408091382263,-1.6534615987456251,-0.5950282294862567,1.0,0.0,1.0,1.0,0.0,1.0,1.0,1.0,1.0,1.0,0
0.3989545947860803,-1.1962669199817197,0.16542809959973134,1.0082102057985036,-0.7262753523111368,0.0,1.0,1.0,1.0,0.0,1.0,1.0,1.0,1.0,1.0,0
-0.7676436685883887,0.21086033093128403,1.3386272182509837,-0.32262569647356076,0.6736939578209178,0.0,1.0,1.0,1.0,0.0,1.0,1.0,1.0,1.0,1.0,0
-1.0009633212632825,-0.4700076937040404,-0.8047173254388044,-0.4889801842575688,-0.37628302477812314,0.0,1.0,1.0,1.0,0.0,1.0,1.0,1.0,1.0,1.0,0
-1.584262452950517,0.6647723473548336,-0.33092537367579855,0.010083279094455335,-0.46378110666137656,1.0,0.0,1.0,1.0,0.0,1.0,1.0,1.0,1.0,1.0,0
0.8655939001358679,-0.3338340887769755,0.30079722867487585,0.34279225466247143,-0.4200320657197499,1.0,0.0,1.0,1.0,0.0,1.0,1.0,1.0,1.0,1.0,0
1.2155733791482086,0.029295524361864195,1.383750261276032,0.5923239863384835,-0.02629069724510952,1.0,0.0,1.0,1.0,0.0,1.0,1.0,1.0,1.0,1.0,0
-1.2342829739381762,-1.3778317265511395,-0.4888560242634672,-0.6553346720415768,-0.8575224751360169,0.0,1.0,1.0,1.0,0.0,1.0,1.0,1.0,1.0,1.0,0
-1.700922279287964,-1.1508757183393648,0.2556741856498277,1.1745646935825116,-0.07003973818673623,1.0,0.0,1.0,1.0,0.0,1.0,1.0,1.0,1.0,1.0,0
